solid OpenSCAD_Model
  facet normal 2.3333502634926387e-19 -0.8090169943749554 -0.5877852522924619
    outer loop
      vertex -85 -49.615041453382545 1.1577538785776156
      vertex -85 -49.43013567315335 0.9032529056795298
      vertex -40.55 -49.43013567315335 0.9032529056795298
    endloop
  endfacet
  facet normal 0 -0.7289686274213999 -0.684547105928701
    outer loop
      vertex -85 -49.21479050035136 0.6739335883093673
      vertex -40.55 -49.21479050035136 0.6739335883093673
      vertex -85 -49.43013567315335 0.9032529056795298
    endloop
  endfacet
  facet normal -2.0151642465015924e-19 -0.9297764858882598 -0.36812455268465677
    outer loop
      vertex -85 -49.882396573319355 1.725912429090755
      vertex -85 -49.76659176642738 1.4334228746294926
      vertex -40.55 -49.76659176642738 1.4334228746294926
    endloop
  endfacet
  facet normal 0 -0.8763066800438545 -0.481753674101732
    outer loop
      vertex -85 -49.615041453382545 1.1577538785776156
      vertex -40.55 -49.615041453382545 1.1577538785776156
      vertex -85 -49.76659176642738 1.4334228746294926
    endloop
  endfacet
  facet normal 7.106072298420387e-20 -0.9685831611286273 -0.24868988716486945
    outer loop
      vertex -85 -49.960629563075365 2.030609806962758
      vertex -85 -49.882396573319355 1.725912429090755
      vertex -40.55 -49.882396573319355 1.725912429090755
    endloop
  endfacet
  facet normal 3.2523946554748984e-20 -0.9921147013144772 -0.12533323356430995
    outer loop
      vertex -85 -50 2.3422589056039627
      vertex -85 -49.960629563075365 2.030609806962758
      vertex -40.55 -49.960629563075365 2.030609806962758
    endloop
  endfacet
  facet normal 0 -0.6374239897487048 -0.7705132427757767
    outer loop
      vertex -85 -48.97240205699265 0.4734124290907573
      vertex -40.55 -48.97240205699265 0.4734124290907573
      vertex -85 -49.21479050035136 0.6739335883093673
    endloop
  endfacet
  facet normal 0 -0.5358267949789894 -0.8443279255020196
    outer loop
      vertex -85 -48.7067929536248 0.304851766490124
      vertex -40.55 -48.7067929536248 0.304851766490124
      vertex -85 -48.97240205699265 0.4734124290907573
    endloop
  endfacet
  facet normal 0 -0.4257792915650874 -0.9048270524660126
    outer loop
      vertex -85 -48.42215200447512 0.17090990284992813
      vertex -40.55 -48.42215200447512 0.17090990284992813
      vertex -85 -48.7067929536248 0.304851766490124
    endloop
  endfacet
  facet normal 0 -0.30901699437493263 -0.9510565162951584
    outer loop
      vertex -85 -48.12296816734796 0.0736991813727812
      vertex -40.55 -48.12296816734796 0.0736991813727812
      vertex -85 -48.42215200447512 0.17090990284992813
    endloop
  endfacet
  facet normal 0 -0.18738131458572774 -0.9822872507286882
    outer loop
      vertex -85 -47.81395975007858 0.014752673207233613
      vertex -40.55 -47.81395975007858 0.014752673207233613
      vertex -85 -48.12296816734796 0.0736991813727812
    endloop
  endfacet
  facet normal -1.6262165151684634e-20 -0.06279051952932432 -0.9980267284282708
    outer loop
      vertex -85 -47.57947272421936 0
      vertex -40.55 -47.81395975007858 0.014752673207233613
      vertex -85 -47.81395975007858 0.014752673207233613
    endloop
  endfacet
  facet normal 0 -0.8090169943749554 -0.5877852522924619
    outer loop
      vertex -85 -49.615041453382545 1.1577538785776156
      vertex -40.55 -49.43013567315335 0.9032529056795298
      vertex -40.55 -49.615041453382545 1.1577538785776156
    endloop
  endfacet
  facet normal 0 -0.7289686274213999 -0.684547105928701
    outer loop
      vertex -85 -49.43013567315335 0.9032529056795298
      vertex -40.55 -49.21479050035136 0.6739335883093673
      vertex -40.55 -49.43013567315335 0.9032529056795298
    endloop
  endfacet
  facet normal 0 -0.6374239897487048 -0.7705132427757767
    outer loop
      vertex -85 -49.21479050035136 0.6739335883093673
      vertex -40.55 -48.97240205699265 0.4734124290907573
      vertex -40.55 -49.21479050035136 0.6739335883093673
    endloop
  endfacet
  facet normal 0 -0.9297764858882598 -0.36812455268465677
    outer loop
      vertex -85 -49.882396573319355 1.725912429090755
      vertex -40.55 -49.76659176642738 1.4334228746294926
      vertex -40.55 -49.882396573319355 1.725912429090755
    endloop
  endfacet
  facet normal 0 -0.8763066800438545 -0.481753674101732
    outer loop
      vertex -85 -49.76659176642738 1.4334228746294926
      vertex -40.55 -49.615041453382545 1.1577538785776156
      vertex -40.55 -49.76659176642738 1.4334228746294926
    endloop
  endfacet
  facet normal 0 -0.9685831611286273 -0.24868988716486945
    outer loop
      vertex -85 -49.960629563075365 2.030609806962758
      vertex -40.55 -49.882396573319355 1.725912429090755
      vertex -40.55 -49.960629563075365 2.030609806962758
    endloop
  endfacet
  facet normal 0 -0.5358267949789894 -0.8443279255020196
    outer loop
      vertex -85 -48.97240205699265 0.4734124290907573
      vertex -40.55 -48.7067929536248 0.304851766490124
      vertex -40.55 -48.97240205699265 0.4734124290907573
    endloop
  endfacet
  facet normal 0 -0.4257792915650874 -0.9048270524660126
    outer loop
      vertex -85 -48.7067929536248 0.304851766490124
      vertex -40.55 -48.42215200447512 0.17090990284992813
      vertex -40.55 -48.7067929536248 0.304851766490124
    endloop
  endfacet
  facet normal 0 -0.30901699437493263 -0.9510565162951584
    outer loop
      vertex -85 -48.42215200447512 0.17090990284992813
      vertex -40.55 -48.12296816734796 0.0736991813727812
      vertex -40.55 -48.42215200447512 0.17090990284992813
    endloop
  endfacet
  facet normal 0 -0.9921147013144772 -0.12533323356430995
    outer loop
      vertex -85 -50 2.3422589056039627
      vertex -40.55 -49.960629563075365 2.030609806962758
      vertex -40.55 -50 2.3422589056039627
    endloop
  endfacet
  facet normal 0 -0.18738131458572774 -0.9822872507286882
    outer loop
      vertex -85 -48.12296816734796 0.0736991813727812
      vertex -40.55 -47.81395975007858 0.014752673207233613
      vertex -40.55 -48.12296816734796 0.0736991813727812
    endloop
  endfacet
  facet normal -2.0074397087139167e-17 -0.06279051952932813 -0.9980267284282707
    outer loop
      vertex -85 -47.57947272421936 0
      vertex -40.55 -47.57947272421937 0
      vertex -40.55 -47.81395975007858 0.014752673207233613
    endloop
  endfacet
  facet normal -1 0 0
    outer loop
      vertex -85 -36 11
      vertex -85 -49.43013567315335 0.9032529056795298
      vertex -85 -49.615041453382545 1.1577538785776156
    endloop
  endfacet
  facet normal -1 0 0
    outer loop
      vertex -85 -36 11
      vertex -85 -49.21479050035136 0.6739335883093673
      vertex -85 -49.43013567315335 0.9032529056795298
    endloop
  endfacet
  facet normal -1 0 0
    outer loop
      vertex -85 -36 11
      vertex -85 -48.42215200447512 0.17090990284992813
      vertex -85 -48.7067929536248 0.304851766490124
    endloop
  endfacet
  facet normal -1 0 0
    outer loop
      vertex -85 -36 11
      vertex -85 -48.97240205699265 0.4734124290907573
      vertex -85 -49.21479050035136 0.6739335883093673
    endloop
  endfacet
  facet normal -1 0 0
    outer loop
      vertex -85 -36 11
      vertex -85 -48.7067929536248 0.304851766490124
      vertex -85 -48.97240205699265 0.4734124290907573
    endloop
  endfacet
  facet normal -1 0 0
    outer loop
      vertex -85 -36 11
      vertex -85 -48.12296816734796 0.0736991813727812
      vertex -85 -48.42215200447512 0.17090990284992813
    endloop
  endfacet
  facet normal -1 0 0
    outer loop
      vertex -85 -36 11
      vertex -85 -47.81395975007858 0.014752673207233613
      vertex -85 -48.12296816734796 0.0736991813727812
    endloop
  endfacet
  facet normal -1 0 0
    outer loop
      vertex -85 -36 11
      vertex -85 -47.57947272421936 0
      vertex -85 -47.81395975007858 0.014752673207233613
    endloop
  endfacet
  facet normal -1 0 0
    outer loop
      vertex -85 -36 11
      vertex -85 -49.960629563075365 2.030609806962758
      vertex -85 -50 2.3422589056039627
    endloop
  endfacet
  facet normal -1 0 0
    outer loop
      vertex -85 -36 11
      vertex -85 -49.615041453382545 1.1577538785776156
      vertex -85 -49.76659176642738 1.4334228746294926
    endloop
  endfacet
  facet normal -1 0 0
    outer loop
      vertex -85 -36 11
      vertex -85 -49.76659176642738 1.4334228746294926
      vertex -85 -49.882396573319355 1.725912429090755
    endloop
  endfacet
  facet normal -1 0 0
    outer loop
      vertex -85 -36 11
      vertex -85 -49.882396573319355 1.725912429090755
      vertex -85 -49.960629563075365 2.030609806962758
    endloop
  endfacet
  facet normal -1 0 0
    outer loop
      vertex -85 -36 11
      vertex -85 -50 2.3422589056039627
      vertex -85 -43 11
    endloop
  endfacet
  facet normal 0 -1 0
    outer loop
      vertex -79.22801803904419 -50 18.52962678561361
      vertex -85 -50 2.3422589056039627
      vertex -78.6970591405424 -50 18.031023191900424
    endloop
  endfacet
  facet normal 0 -1 0
    outer loop
      vertex -78.10779541087818 -50 17.602898032088312
      vertex -85 -50 2.3422589056039627
      vertex -77.46951989107743 -50 17.252003095697088
    endloop
  endfacet
  facet normal 0 -1 0
    outer loop
      vertex -78.6970591405424 -50 18.031023191900424
      vertex -85 -50 2.3422589056039627
      vertex -78.10779541087818 -50 17.602898032088312
    endloop
  endfacet
  facet normal 0 -1 0
    outer loop
      vertex -77.46951989107743 -50 17.252003095697088
      vertex -85 -50 2.3422589056039627
      vertex -76.7922985673747 -50 16.98387220548811
    endloop
  endfacet
  facet normal -1 0 0
    outer loop
      vertex -85 -50 35
      vertex -85 -43 11
      vertex -85 -50 2.3422589056039627
    endloop
  endfacet
  facet normal 0 -1 0
    outer loop
      vertex -80.0825787442544 -50 19.70582869021005
      vertex -85 -50 2.3422589056039627
      vertex -79.69229856737469 -50 19.090845536703654
    endloop
  endfacet
  facet normal 0 -1 0
    outer loop
      vertex -80.39270361815186 -50 20.36487759442887
      vertex -85 -50 2.3422589056039627
      vertex -80.0825787442544 -50 19.70582869021005
    endloop
  endfacet
  facet normal 0 -1 0
    outer loop
      vertex -79.69229856737469 -50 19.090845536703654
      vertex -85 -50 2.3422589056039627
      vertex -79.22801803904419 -50 18.52962678561361
    endloop
  endfacet
  facet normal 0 -1 0
    outer loop
      vertex -80.61778233454606 -50 21.057598654443844
      vertex -85 -50 2.3422589056039627
      vertex -80.39270361815186 -50 20.36487759442887
    endloop
  endfacet
  facet normal 0 -1 0
    outer loop
      vertex -76.0868116245972 -50 16.802733945773607
      vertex -85 -50 2.3422589056039627
      vertex -75.36418501327002 -50 16.711444975116024
    endloop
  endfacet
  facet normal 0 -1 0
    outer loop
      vertex -75.36418501327002 -50 16.711444975116024
      vertex -85 -50 2.3422589056039627
      vertex -74.63581498672998 -50 16.711444975116024
    endloop
  endfacet
  facet normal 0 -1 0
    outer loop
      vertex -76.7922985673747 -50 16.98387220548811
      vertex -85 -50 2.3422589056039627
      vertex -76.0868116245972 -50 16.802733945773607
    endloop
  endfacet
  facet normal 0 -1 0
    outer loop
      vertex -74.63581498672998 -50 16.711444975116024
      vertex -85 -50 2.3422589056039627
      vertex -73.9131883754028 -50 16.802733945773607
    endloop
  endfacet
  facet normal 0 -1 0
    outer loop
      vertex -73.9131883754028 -50 16.802733945773607
      vertex -85 -50 2.3422589056039627
      vertex -73.2077014326253 -50 16.98387220548811
    endloop
  endfacet
  facet normal -1 0 0
    outer loop
      vertex -85 -33.57947272421936 6
      vertex -85 -47.57947272421936 0
      vertex -85 -36 6
    endloop
  endfacet
  facet normal -1 0 0
    outer loop
      vertex -85 -36 6
      vertex -85 -47.57947272421936 0
      vertex -85 -37.660100247266186 8.446739450506222
    endloop
  endfacet
  facet normal -1 0 0
    outer loop
      vertex -85 -36 11
      vertex -85 -37.660100247266186 8.446739450506222
      vertex -85 -47.57947272421936 0
    endloop
  endfacet
  facet normal 0 0 -1
    outer loop
      vertex -81.20139019597494 -29.39591487075041 0
      vertex -80.88098396412042 -29.696796349715264 0
      vertex -85 -47.57947272421936 0
    endloop
  endfacet
  facet normal 0 0 -1
    outer loop
      vertex -81.71707338015352 -28.686137859356002 0
      vertex -81.48155948031231 -29.057248383023655 0
      vertex -85 -47.57947272421936 0
    endloop
  endfacet
  facet normal 0 0 -1
    outer loop
      vertex -81.48155948031231 -29.057248383023655 0
      vertex -81.20139019597494 -29.39591487075041 0
      vertex -85 -47.57947272421936 0
    endloop
  endfacet
  facet normal 0 0 -1
    outer loop
      vertex -80.14022752047775 -30.166894683631067 0
      vertex -79.73155948031231 -30.328697807033038 0
      vertex -85 -47.57947272421936 0
    endloop
  endfacet
  facet normal 0 0 -1
    outer loop
      vertex -79.73155948031231 -30.328697807033038 0
      vertex -79.30583460105004 -30.43800537755041 0
      vertex -85 -47.57947272421936 0
    endloop
  endfacet
  facet normal 0 0 -1
    outer loop
      vertex -79.30583460105004 -30.43800537755041 0
      vertex -78.8697668183526 -30.49309354949895 0
      vertex -85 -47.57947272421936 0
    endloop
  endfacet
  facet normal 0 0 -1
    outer loop
      vertex -80.88098396412042 -29.696796349715264 0
      vertex -80.52539378242649 -29.95514773925705 0
      vertex -85 -47.57947272421936 0
    endloop
  endfacet
  facet normal 0 0 -1
    outer loop
      vertex -80.52539378242649 -29.95514773925705 0
      vertex -80.14022752047775 -30.166894683631067 0
      vertex -85 -47.57947272421936 0
    endloop
  endfacet
  facet normal 0 0 -1
    outer loop
      vertex -78.8697668183526 -30.49309354949895 0
      vertex -78.43023318164741 -30.49309354949895 0
      vertex -85 -47.57947272421936 0
    endloop
  endfacet
  facet normal 0 0 -1
    outer loop
      vertex -78.43023318164741 -30.49309354949895 0
      vertex -77.99416539894996 -30.43800537755041 0
      vertex -85 -47.57947272421936 0
    endloop
  endfacet
  facet normal 0 0 -1
    outer loop
      vertex -77.99416539894996 -30.43800537755041 0
      vertex -77.56844051968768 -30.328697807033038 0
      vertex -85 -47.57947272421936 0
    endloop
  endfacet
  facet normal 0 0 -1
    outer loop
      vertex -77.15977247952225 -30.166894683631067 0
      vertex -85 -47.57947272421936 0
      vertex -77.56844051968768 -30.328697807033038 0
    endloop
  endfacet
  facet normal -1 0 0
    outer loop
      vertex -85 -36 8.342258905603966
      vertex -85 -36 6
      vertex -85 -37.660100247266186 8.446739450506222
    endloop
  endfacet
  facet normal -1 0 0
    outer loop
      vertex -85 -36 8.5
      vertex -85 -36 8.342258905603966
      vertex -85 -36.00005695471282 8.342709748579068
    endloop
  endfacet
  facet normal 0 0 -1
    outer loop
      vertex -77.15977247952225 -30.166894683631067 0
      vertex -64.26522752047775 -30.166894683631067 0
      vertex -85 -47.57947272421936 0
    endloop
  endfacet
  facet normal -1 0 0
    outer loop
      vertex -85 -36 11
      vertex -85 -36.00005695471282 8.41880225352061
      vertex -85 -37.660100247266186 8.446739450506222
    endloop
  endfacet
  facet normal -1 0 0
    outer loop
      vertex -85 -36 11
      vertex -85 -36.00005695471282 8.342709748579068
      vertex -85 -36.00005695471282 8.41880225352061
    endloop
  endfacet
  facet normal -1 0 0
    outer loop
      vertex -85 -36 11
      vertex -85 -36 8.5
      vertex -85 -36.00005695471282 8.342709748579068
    endloop
  endfacet
  facet normal 0 -1 0
    outer loop
      vertex -85 -50 2.3422589056039627
      vertex -56.30426526762397 -50 23.226932754672966
      vertex -73.2077014326253 -50 16.98387220548811
    endloop
  endfacet
  facet normal 0 -1 0
    outer loop
      vertex -85 -50 2.3422589056039627
      vertex -54.2470591405424 -50 18.031023191900424
      vertex -54.778018039044184 -50 18.52962678561361
    endloop
  endfacet
  facet normal 0 -1 0
    outer loop
      vertex -85 -50 2.3422589056039627
      vertex -53.65779541087818 -50 17.602898032088312
      vertex -54.2470591405424 -50 18.031023191900424
    endloop
  endfacet
  facet normal 0 -1 0
    outer loop
      vertex -85 -50 2.3422589056039627
      vertex -55.94270361815185 -50 20.36487759442887
      vertex -56.16778233454606 -50 21.057598654443844
    endloop
  endfacet
  facet normal 0 -1 0
    outer loop
      vertex -85 -50 2.3422589056039627
      vertex -56.16778233454606 -50 21.057598654443844
      vertex -56.30426526762397 -50 21.773067245327034
    endloop
  endfacet
  facet normal 0 -1 0
    outer loop
      vertex -85 -50 2.3422589056039627
      vertex -56.30426526762397 -50 21.773067245327034
      vertex -56.349999999999994 -50 22.5
    endloop
  endfacet
  facet normal 0 -1 0
    outer loop
      vertex -85 -50 2.3422589056039627
      vertex -56.349999999999994 -50 22.5
      vertex -56.30426526762397 -50 23.226932754672966
    endloop
  endfacet
  facet normal 0 -1 0
    outer loop
      vertex -85 -50 2.3422589056039627
      vertex -54.778018039044184 -50 18.52962678561361
      vertex -55.24229856737469 -50 19.090845536703654
    endloop
  endfacet
  facet normal 0 -1 0
    outer loop
      vertex -85 -50 2.3422589056039627
      vertex -55.24229856737469 -50 19.090845536703654
      vertex -55.6325787442544 -50 19.70582869021005
    endloop
  endfacet
  facet normal 0 -1 0
    outer loop
      vertex -85 -50 2.3422589056039627
      vertex -55.6325787442544 -50 19.70582869021005
      vertex -55.94270361815185 -50 20.36487759442887
    endloop
  endfacet
  facet normal 0 0 -1
    outer loop
      vertex -64.26522752047775 -30.166894683631067 0
      vertex -63.85655948031231 -30.328697807033038 0
      vertex -85 -47.57947272421936 0
    endloop
  endfacet
  facet normal 0 0 -1
    outer loop
      vertex -63.85655948031231 -30.328697807033038 0
      vertex -63.43083460105004 -30.43800537755041 0
      vertex -85 -47.57947272421936 0
    endloop
  endfacet
  facet normal 0 0 -1
    outer loop
      vertex -63.43083460105004 -30.43800537755041 0
      vertex -62.994766818352595 -30.49309354949895 0
      vertex -85 -47.57947272421936 0
    endloop
  endfacet
  facet normal 0 0 -1
    outer loop
      vertex -62.994766818352595 -30.49309354949895 0
      vertex -62.5552331816474 -30.49309354949895 0
      vertex -85 -47.57947272421936 0
    endloop
  endfacet
  facet normal 0 0 -1
    outer loop
      vertex -85 -47.57947272421936 0
      vertex -62.5552331816474 -30.49309354949895 0
      vertex -62.11916539894996 -30.43800537755041 0
    endloop
  endfacet
  facet normal 0 0 -1
    outer loop
      vertex -85 -47.57947272421936 0
      vertex -62.11916539894996 -30.43800537755041 0
      vertex -61.693440519687684 -30.328697807033038 0
    endloop
  endfacet
  facet normal 0 0 -1
    outer loop
      vertex -85 -47.57947272421936 0
      vertex -61.693440519687684 -30.328697807033038 0
      vertex -61.284772479522246 -30.166894683631067 0
    endloop
  endfacet
  facet normal 0 0 -1
    outer loop
      vertex -85 -47.57947272421936 0
      vertex -61.284772479522246 -30.166894683631067 0
      vertex -60.899606217573506 -29.95514773925705 0
    endloop
  endfacet
  facet normal 0 0 -1
    outer loop
      vertex -85 -47.57947272421936 0
      vertex -60.899606217573506 -29.95514773925705 0
      vertex -60.54401603587959 -29.696796349715264 0
    endloop
  endfacet
  facet normal 0 -1 0
    outer loop
      vertex -85 -50 35
      vertex -85 -50 2.3422589056039627
      vertex -80.61778233454606 -50 21.057598654443844
    endloop
  endfacet
  facet normal -1 0 0
    outer loop
      vertex -85 -50 35
      vertex -85 -48.5 31.5
      vertex -85 -43 11
    endloop
  endfacet
  facet normal 0 -1 0
    outer loop
      vertex -85 -50 35
      vertex -80.61778233454606 -50 21.057598654443844
      vertex -80.75426526762396 -50 21.773067245327034
    endloop
  endfacet
  facet normal -1 0 0
    outer loop
      vertex -85 -45 31.5
      vertex -85 -43 11
      vertex -85 -48.5 31.5
    endloop
  endfacet
  facet normal -1 0 0
    outer loop
      vertex -85 -43 35
      vertex -85 -43 11
      vertex -85 -45 31.5
    endloop
  endfacet
  facet normal 0 -1 0
    outer loop
      vertex -85 -50 35
      vertex -80.75426526762396 -50 21.773067245327034
      vertex -80.8 -50 22.5
    endloop
  endfacet
  facet normal 0 -1 0
    outer loop
      vertex -85 -50 35
      vertex -80.8 -50 22.5
      vertex -80.75426526762396 -50 23.226932754672966
    endloop
  endfacet
  facet normal 0 -1 0
    outer loop
      vertex -85 -50 35
      vertex -80.75426526762396 -50 23.226932754672966
      vertex -80.61778233454606 -50 23.942401345556156
    endloop
  endfacet
  facet normal 0 -1 0
    outer loop
      vertex -85 -50 35
      vertex -80.61778233454606 -50 23.942401345556156
      vertex -80.39270361815186 -50 24.63512240557113
    endloop
  endfacet
  facet normal 0 -1 0
    outer loop
      vertex -85 -50 35
      vertex -80.39270361815186 -50 24.63512240557113
      vertex -80.0825787442544 -50 25.29417130978995
    endloop
  endfacet
  facet normal 0 -1 0
    outer loop
      vertex -85 -50 35
      vertex -80.0825787442544 -50 25.29417130978995
      vertex -79.69229856737469 -50 25.909154463296346
    endloop
  endfacet
  facet normal 0 -1 0
    outer loop
      vertex -85 -50 35
      vertex -79.69229856737469 -50 25.909154463296346
      vertex -79.22801803904419 -50 26.47037321438639
    endloop
  endfacet
  facet normal 0 -1 0
    outer loop
      vertex -85 -50 35
      vertex -79.22801803904419 -50 26.47037321438639
      vertex -78.6970591405424 -50 26.968976808099576
    endloop
  endfacet
  facet normal 0 -1 0
    outer loop
      vertex -85 -50 35
      vertex -78.6970591405424 -50 26.968976808099576
      vertex -78.10779541087818 -50 27.397101967911688
    endloop
  endfacet
  facet normal 0 -1 0
    outer loop
      vertex -85 -50 35
      vertex -78.10779541087818 -50 27.397101967911688
      vertex -77.46951989107743 -50 27.747996904302912
    endloop
  endfacet
  facet normal 0 -1 0
    outer loop
      vertex -85 -50 35
      vertex -77.46951989107743 -50 27.747996904302912
      vertex -76.7922985673747 -50 28.01612779451189
    endloop
  endfacet
  facet normal -1 0 0
    outer loop
      vertex -85 -48.5 35
      vertex -85 -48.5 31.5
      vertex -85 -50 35
    endloop
  endfacet
  facet normal -1 0 0
    outer loop
      vertex -85 -43 35
      vertex -85 -45 31.5
      vertex -85 -45 35
    endloop
  endfacet
  facet normal 0 -1 0
    outer loop
      vertex -85 -50 35
      vertex -76.7922985673747 -50 28.01612779451189
      vertex -76.0868116245972 -50 28.197266054226393
    endloop
  endfacet
  facet normal 0 -1 0
    outer loop
      vertex -85 -50 35
      vertex -76.0868116245972 -50 28.197266054226393
      vertex -75.36418501327002 -50 28.288555024883976
    endloop
  endfacet
  facet normal 0 -1 0
    outer loop
      vertex -85 -50 35
      vertex -75.36418501327002 -50 28.288555024883976
      vertex -74.63581498672998 -50 28.288555024883976
    endloop
  endfacet
  facet normal 0 -1 0
    outer loop
      vertex -73.2077014326253 -50 16.98387220548811
      vertex -56.30426526762397 -50 23.226932754672966
      vertex -72.53048010892257 -50 17.252003095697088
    endloop
  endfacet
  facet normal 0 -1 0
    outer loop
      vertex -71.89220458912182 -50 17.602898032088312
      vertex -72.53048010892257 -50 17.252003095697088
      vertex -56.30426526762397 -50 23.226932754672966
    endloop
  endfacet
  facet normal 0 -1 0
    outer loop
      vertex -71.89220458912182 -50 17.602898032088312
      vertex -56.30426526762397 -50 23.226932754672966
      vertex -71.3029408594576 -50 18.031023191900424
    endloop
  endfacet
  facet normal 0 -1 0
    outer loop
      vertex -71.3029408594576 -50 18.031023191900424
      vertex -56.30426526762397 -50 23.226932754672966
      vertex -70.77198196095581 -50 18.529626785613605
    endloop
  endfacet
  facet normal 0 -1 0
    outer loop
      vertex -70.30770143262531 -50 19.090845536703654
      vertex -70.77198196095581 -50 18.529626785613605
      vertex -56.30426526762397 -50 23.226932754672966
    endloop
  endfacet
  facet normal 0 -1 0
    outer loop
      vertex -69.9174212557456 -50 19.70582869021005
      vertex -70.30770143262531 -50 19.090845536703654
      vertex -56.30426526762397 -50 23.226932754672966
    endloop
  endfacet
  facet normal 0 -1 0
    outer loop
      vertex -69.9174212557456 -50 19.70582869021005
      vertex -56.30426526762397 -50 23.226932754672966
      vertex -69.60729638184814 -50 20.36487759442887
    endloop
  endfacet
  facet normal 0 -1 0
    outer loop
      vertex -69.38221766545394 -50 21.057598654443844
      vertex -69.60729638184814 -50 20.36487759442887
      vertex -56.30426526762397 -50 23.226932754672966
    endloop
  endfacet
  facet normal 0 -1 0
    outer loop
      vertex -69.24573473237604 -50 21.773067245327034
      vertex -69.38221766545394 -50 21.057598654443844
      vertex -56.30426526762397 -50 23.226932754672966
    endloop
  endfacet
  facet normal 0 -1 0
    outer loop
      vertex -69.2 -50 22.5
      vertex -69.24573473237604 -50 21.773067245327034
      vertex -56.30426526762397 -50 23.226932754672966
    endloop
  endfacet
  facet normal 0 -1 0
    outer loop
      vertex -69.24573473237604 -50 23.226932754672966
      vertex -69.2 -50 22.5
      vertex -56.30426526762397 -50 23.226932754672966
    endloop
  endfacet
  facet normal 0 -1 0
    outer loop
      vertex -69.38221766545394 -50 23.942401345556156
      vertex -69.24573473237604 -50 23.226932754672966
      vertex -56.16778233454606 -50 23.942401345556156
    endloop
  endfacet
  facet normal 0 -1 0
    outer loop
      vertex -69.60729638184814 -50 24.635122405571135
      vertex -69.38221766545394 -50 23.942401345556156
      vertex -55.94270361815185 -50 24.63512240557113
    endloop
  endfacet
  facet normal 0 -1 0
    outer loop
      vertex -69.9174212557456 -50 25.29417130978995
      vertex -69.60729638184814 -50 24.635122405571135
      vertex -55.6325787442544 -50 25.29417130978995
    endloop
  endfacet
  facet normal 0 -1 0
    outer loop
      vertex -70.30770143262531 -50 25.909154463296346
      vertex -69.9174212557456 -50 25.29417130978995
      vertex -55.24229856737469 -50 25.909154463296346
    endloop
  endfacet
  facet normal 0 -1 0
    outer loop
      vertex -85 -50 35
      vertex -74.63581498672998 -50 28.288555024883976
      vertex -50.914185013270014 -50 28.288555024883976
    endloop
  endfacet
  facet normal 0 0 1
    outer loop
      vertex -85 -48.5 35
      vertex -85 -50 35
      vertex -40.55 -50 35
    endloop
  endfacet
  facet normal 0 0 1
    outer loop
      vertex -85 -43 35
      vertex -85 -45 35
      vertex -40.55 -45 35
    endloop
  endfacet
  facet normal 0 -1 0
    outer loop
      vertex -71.89220458912182 -50 27.397101967911688
      vertex -71.30294085945759 -50 26.968976808099576
      vertex -53.65779541087818 -50 27.397101967911688
    endloop
  endfacet
  facet normal 0 -1 0
    outer loop
      vertex -73.9131883754028 -50 28.197266054226393
      vertex -73.2077014326253 -50 28.01612779451189
      vertex -51.6368116245972 -50 28.197266054226393
    endloop
  endfacet
  facet normal 0 -1 0
    outer loop
      vertex -74.63581498672998 -50 28.288555024883976
      vertex -73.9131883754028 -50 28.197266054226393
      vertex -50.914185013270014 -50 28.288555024883976
    endloop
  endfacet
  facet normal 0 -1 0
    outer loop
      vertex -72.53048010892257 -50 27.747996904302912
      vertex -71.89220458912182 -50 27.397101967911688
      vertex -53.019519891077415 -50 27.747996904302912
    endloop
  endfacet
  facet normal 0 -1 0
    outer loop
      vertex -73.2077014326253 -50 28.01612779451189
      vertex -72.53048010892257 -50 27.747996904302912
      vertex -52.34229856737469 -50 28.01612779451189
    endloop
  endfacet
  facet normal 0 -1 0
    outer loop
      vertex -70.77198196095581 -50 26.47037321438639
      vertex -70.30770143262531 -50 25.909154463296346
      vertex -54.778018039044184 -50 26.47037321438639
    endloop
  endfacet
  facet normal 0 -1 0
    outer loop
      vertex -71.30294085945759 -50 26.968976808099576
      vertex -70.77198196095581 -50 26.47037321438639
      vertex -54.2470591405424 -50 26.968976808099576
    endloop
  endfacet
  facet normal 0 0 1
    outer loop
      vertex -85 -43 35
      vertex -40.55 -45 35
      vertex -65 -43 35
    endloop
  endfacet
  facet normal 0 0 1
    outer loop
      vertex -65 -36 35
      vertex -65 -43 35
      vertex -60.55 -36 35
    endloop
  endfacet
  facet normal 0 0 -1
    outer loop
      vertex -81.90421770060888 -28.28843593439637 0
      vertex -81.71707338015352 -28.686137859356002 0
      vertex -85 -47.57947272421936 0
    endloop
  endfacet
  facet normal -1 0 0
    outer loop
      vertex -85 -20 6
      vertex -85 -47.57947272421936 0
      vertex -85 -33.57947272421936 6
    endloop
  endfacet
  facet normal 0 0 -1
    outer loop
      vertex -85 -20 0
      vertex -81.90421770060888 -28.28843593439637 0
      vertex -85 -47.57947272421936 0
    endloop
  endfacet
  facet normal -1 0 0
    outer loop
      vertex -85 -20 6
      vertex -85 -20 0
      vertex -85 -47.57947272421936 0
    endloop
  endfacet
  facet normal 0 0 -1
    outer loop
      vertex -85 -20 0
      vertex -82.04004106395021 -27.87041460507699 0
      vertex -81.90421770060888 -28.28843593439637 0
    endloop
  endfacet
  facet normal 0 0 -1
    outer loop
      vertex -85 -20 0
      vertex -82.12240145460068 -27.438666317475064 0
      vertex -82.04004106395021 -27.87041460507699 0
    endloop
  endfacet
  facet normal 0 0 -1
    outer loop
      vertex -85 -20 0
      vertex -82.15 -27 0
      vertex -82.12240145460068 -27.438666317475064 0
    endloop
  endfacet
  facet normal 0 0 -1
    outer loop
      vertex -85 -20 0
      vertex -82.12240145460068 -26.561333682524936 0
      vertex -82.15 -27 0
    endloop
  endfacet
  facet normal 0 0 -1
    outer loop
      vertex -85 -20 0
      vertex -82.04004106395021 -26.12958539492301 0
      vertex -82.12240145460068 -26.561333682524936 0
    endloop
  endfacet
  facet normal 0 0 -1
    outer loop
      vertex -85 -20 0
      vertex -81.90421770060888 -25.71156406560363 0
      vertex -82.04004106395021 -26.12958539492301 0
    endloop
  endfacet
  facet normal 0 0 -1
    outer loop
      vertex -85 -20 0
      vertex -81.71707338015352 -25.313862140643998 0
      vertex -81.90421770060888 -25.71156406560363 0
    endloop
  endfacet
  facet normal 0 0 -1
    outer loop
      vertex -85 -20 0
      vertex -81.48155948031231 -24.942751616976345 0
      vertex -81.71707338015352 -25.313862140643998 0
    endloop
  endfacet
  facet normal 0 0 -1
    outer loop
      vertex -85 -20 0
      vertex -81.20139019597494 -24.60408512924959 0
      vertex -81.48155948031231 -24.942751616976345 0
    endloop
  endfacet
  facet normal 0 0 -1
    outer loop
      vertex -85 -20 0
      vertex -80.88098396412042 -24.303203650284736 0
      vertex -81.20139019597494 -24.60408512924959 0
    endloop
  endfacet
  facet normal 0 1 0
    outer loop
      vertex -85 -20 6
      vertex -83.75954988232819 -20 1.5
      vertex -85 -20 0
    endloop
  endfacet
  facet normal 0 0 -1
    outer loop
      vertex -85 -20 0
      vertex -80.52539378242649 -24.04485226074295 0
      vertex -80.88098396412042 -24.303203650284736 0
    endloop
  endfacet
  facet normal 0 0 -1
    outer loop
      vertex -85 -20 0
      vertex -80.14022752047775 -23.833105316368933 0
      vertex -80.52539378242649 -24.04485226074295 0
    endloop
  endfacet
  facet normal 0 0 -1
    outer loop
      vertex -85 -20 0
      vertex -79.73155948031231 -23.671302192966962 0
      vertex -80.14022752047775 -23.833105316368933 0
    endloop
  endfacet
  facet normal 0 0 -1
    outer loop
      vertex -85 -20 0
      vertex -79.30583460105004 -23.56199462244959 0
      vertex -79.73155948031231 -23.671302192966962 0
    endloop
  endfacet
  facet normal 0 0 -1
    outer loop
      vertex -85 -20 0
      vertex -78.8697668183526 -23.50690645050105 0
      vertex -79.30583460105004 -23.56199462244959 0
    endloop
  endfacet
  facet normal 0 0 -1
    outer loop
      vertex -85 -20 0
      vertex -77.99416539894996 -23.56199462244959 0
      vertex -78.4302331816474 -23.50690645050105 0
    endloop
  endfacet
  facet normal 0 0 -1
    outer loop
      vertex -85 -20 0
      vertex -78.4302331816474 -23.50690645050105 0
      vertex -78.8697668183526 -23.50690645050105 0
    endloop
  endfacet
  facet normal 0 1 0
    outer loop
      vertex -83.75954988232819 -20 1.5
      vertex -73.54045011767181 -20 1.5
      vertex -85 -20 0
    endloop
  endfacet
  facet normal 0 1 0
    outer loop
      vertex -83.75954988232819 -20 6
      vertex -83.75954988232819 -20 1.5
      vertex -85 -20 6
    endloop
  endfacet
  facet normal 0 0 -1
    outer loop
      vertex -85 -20 0
      vertex -63.43083460105004 -23.56199462244959 0
      vertex -77.99416539894996 -23.56199462244959 0
    endloop
  endfacet
  facet normal 0 1 0
    outer loop
      vertex -85 -20 0
      vertex -73.54045011767181 -20 1.5
      vertex -67.88454988232819 -20 1.5
    endloop
  endfacet
  facet normal 0 0 -1
    outer loop
      vertex -77.15977247952225 -30.166894683631067 0
      vertex -76.7746062175735 -29.95514773925705 0
      vertex -64.26522752047775 -30.166894683631067 0
    endloop
  endfacet
  facet normal 0 0 -1
    outer loop
      vertex -76.7746062175735 -29.95514773925705 0
      vertex -76.4190160358796 -29.696796349715264 0
      vertex -64.65039378242649 -29.95514773925705 0
    endloop
  endfacet
  facet normal 0 0 -1
    outer loop
      vertex -76.4190160358796 -29.696796349715264 0
      vertex -76.09860980402506 -29.39591487075041 0
      vertex -65.00598396412042 -29.696796349715264 0
    endloop
  endfacet
  facet normal 0 0 -1
    outer loop
      vertex -75.81844051968768 -29.057248383023655 0
      vertex -65.32639019597494 -29.39591487075041 0
      vertex -76.09860980402506 -29.39591487075041 0
    endloop
  endfacet
  facet normal 0 0 -1
    outer loop
      vertex -75.58292661984648 -28.686137859356002 0
      vertex -65.60655948031231 -29.057248383023655 0
      vertex -75.81844051968768 -29.057248383023655 0
    endloop
  endfacet
  facet normal 0 0 -1
    outer loop
      vertex -75.39578229939112 -28.288435934396375 0
      vertex -65.84207338015352 -28.686137859356002 0
      vertex -75.58292661984648 -28.686137859356002 0
    endloop
  endfacet
  facet normal 0 0 -1
    outer loop
      vertex -75.39578229939112 -28.288435934396375 0
      vertex -75.2599589360498 -27.87041460507699 0
      vertex -66.02921770060888 -28.28843593439637 0
    endloop
  endfacet
  facet normal 0 0 -1
    outer loop
      vertex -75.17759854539932 -27.438666317475064 0
      vertex -66.16504106395021 -27.87041460507699 0
      vertex -75.2599589360498 -27.87041460507699 0
    endloop
  endfacet
  facet normal 0 0 -1
    outer loop
      vertex -76.7746062175735 -29.95514773925705 0
      vertex -64.65039378242649 -29.95514773925705 0
      vertex -64.26522752047775 -30.166894683631067 0
    endloop
  endfacet
  facet normal 0 0 -1
    outer loop
      vertex -76.4190160358796 -29.696796349715264 0
      vertex -65.00598396412042 -29.696796349715264 0
      vertex -64.65039378242649 -29.95514773925705 0
    endloop
  endfacet
  facet normal 0 0 -1
    outer loop
      vertex -76.09860980402506 -29.39591487075041 0
      vertex -65.32639019597494 -29.39591487075041 0
      vertex -65.00598396412042 -29.696796349715264 0
    endloop
  endfacet
  facet normal 0 0 -1
    outer loop
      vertex -75.81844051968768 -29.057248383023655 0
      vertex -65.60655948031231 -29.057248383023655 0
      vertex -65.32639019597494 -29.39591487075041 0
    endloop
  endfacet
  facet normal 0 0 -1
    outer loop
      vertex -75.58292661984648 -28.686137859356002 0
      vertex -65.84207338015352 -28.686137859356002 0
      vertex -65.60655948031231 -29.057248383023655 0
    endloop
  endfacet
  facet normal 0 0 -1
    outer loop
      vertex -75.39578229939112 -28.288435934396375 0
      vertex -66.02921770060888 -28.28843593439637 0
      vertex -65.84207338015352 -28.686137859356002 0
    endloop
  endfacet
  facet normal 0 0 -1
    outer loop
      vertex -75.2599589360498 -27.87041460507699 0
      vertex -66.16504106395021 -27.87041460507699 0
      vertex -66.02921770060888 -28.28843593439637 0
    endloop
  endfacet
  facet normal 0 0 -1
    outer loop
      vertex -75.17759854539932 -27.438666317475064 0
      vertex -66.24740145460066 -27.438666317475064 0
      vertex -66.16504106395021 -27.87041460507699 0
    endloop
  endfacet
  facet normal 0 0 -1
    outer loop
      vertex -85 -47.57947272421936 0
      vertex -60.54401603587959 -29.696796349715264 0
      vertex -50.290041063950206 -26.12958539492301 0
    endloop
  endfacet
  facet normal 0 0 -1
    outer loop
      vertex -75.15 -27 0
      vertex -66.24740145460066 -27.438666317475064 0
      vertex -75.17759854539932 -27.438666317475064 0
    endloop
  endfacet
  facet normal 0 0 -1
    outer loop
      vertex -75.17759854539932 -26.561333682524936 0
      vertex -66.275 -27 0
      vertex -75.15 -27 0
    endloop
  endfacet
  facet normal 0 0 -1
    outer loop
      vertex -75.2599589360498 -26.12958539492301 0
      vertex -66.24740145460066 -26.561333682524936 0
      vertex -75.17759854539932 -26.561333682524936 0
    endloop
  endfacet
  facet normal 0 0 -1
    outer loop
      vertex -75.39578229939112 -25.711564065603625 0
      vertex -66.16504106395021 -26.12958539492301 0
      vertex -75.2599589360498 -26.12958539492301 0
    endloop
  endfacet
  facet normal 0 0 -1
    outer loop
      vertex -76.09860980402506 -24.60408512924959 0
      vertex -65.60655948031231 -24.942751616976345 0
      vertex -75.81844051968768 -24.942751616976345 0
    endloop
  endfacet
  facet normal 0 0 -1
    outer loop
      vertex -76.4190160358796 -24.303203650284736 0
      vertex -65.32639019597494 -24.60408512924959 0
      vertex -76.09860980402506 -24.60408512924959 0
    endloop
  endfacet
  facet normal 0 0 -1
    outer loop
      vertex -77.15977247952225 -23.833105316368933 0
      vertex -64.65039378242649 -24.04485226074295 0
      vertex -76.7746062175735 -24.044852260742946 0
    endloop
  endfacet
  facet normal 0 0 -1
    outer loop
      vertex -77.56844051968768 -23.671302192966962 0
      vertex -64.26522752047775 -23.833105316368933 0
      vertex -77.15977247952225 -23.833105316368933 0
    endloop
  endfacet
  facet normal 0 0 -1
    outer loop
      vertex -76.7746062175735 -24.044852260742946 0
      vertex -65.00598396412042 -24.303203650284736 0
      vertex -76.4190160358796 -24.303203650284736 0
    endloop
  endfacet
  facet normal 0 0 -1
    outer loop
      vertex -75.58292661984648 -25.313862140643998 0
      vertex -66.02921770060888 -25.71156406560363 0
      vertex -75.39578229939112 -25.711564065603625 0
    endloop
  endfacet
  facet normal 0 0 -1
    outer loop
      vertex -75.81844051968768 -24.942751616976345 0
      vertex -65.84207338015352 -25.313862140643998 0
      vertex -75.58292661984648 -25.313862140643998 0
    endloop
  endfacet
  facet normal 0 0 -1
    outer loop
      vertex -75.15 -27 0
      vertex -66.275 -27 0
      vertex -66.24740145460066 -27.438666317475064 0
    endloop
  endfacet
  facet normal 0 0 -1
    outer loop
      vertex -75.17759854539932 -26.561333682524936 0
      vertex -66.24740145460066 -26.561333682524936 0
      vertex -66.275 -27 0
    endloop
  endfacet
  facet normal 0 0 -1
    outer loop
      vertex -75.2599589360498 -26.12958539492301 0
      vertex -66.16504106395021 -26.12958539492301 0
      vertex -66.24740145460066 -26.561333682524936 0
    endloop
  endfacet
  facet normal 0 0 -1
    outer loop
      vertex -75.39578229939112 -25.711564065603625 0
      vertex -66.02921770060888 -25.71156406560363 0
      vertex -66.16504106395021 -26.12958539492301 0
    endloop
  endfacet
  facet normal 0 0 -1
    outer loop
      vertex -75.58292661984648 -25.313862140643998 0
      vertex -65.84207338015352 -25.313862140643998 0
      vertex -66.02921770060888 -25.71156406560363 0
    endloop
  endfacet
  facet normal 0 0 -1
    outer loop
      vertex -75.81844051968768 -24.942751616976345 0
      vertex -65.60655948031231 -24.942751616976345 0
      vertex -65.84207338015352 -25.313862140643998 0
    endloop
  endfacet
  facet normal 0 0 -1
    outer loop
      vertex -76.09860980402506 -24.60408512924959 0
      vertex -65.32639019597494 -24.60408512924959 0
      vertex -65.60655948031231 -24.942751616976345 0
    endloop
  endfacet
  facet normal 0 0 -1
    outer loop
      vertex -76.4190160358796 -24.303203650284736 0
      vertex -65.00598396412042 -24.303203650284736 0
      vertex -65.32639019597494 -24.60408512924959 0
    endloop
  endfacet
  facet normal 0 0 -1
    outer loop
      vertex -76.7746062175735 -24.044852260742946 0
      vertex -64.65039378242649 -24.04485226074295 0
      vertex -65.00598396412042 -24.303203650284736 0
    endloop
  endfacet
  facet normal 0 0 -1
    outer loop
      vertex -77.15977247952225 -23.833105316368933 0
      vertex -64.26522752047775 -23.833105316368933 0
      vertex -64.65039378242649 -24.04485226074295 0
    endloop
  endfacet
  facet normal 0 0 -1
    outer loop
      vertex -77.99416539894996 -23.56199462244959 0
      vertex -63.85655948031231 -23.671302192966962 0
      vertex -77.56844051968768 -23.671302192966962 0
    endloop
  endfacet
  facet normal 0 1 0
    outer loop
      vertex -73.54045011767181 -20 6
      vertex -67.88454988232819 -20 1.5
      vertex -73.54045011767181 -20 1.5
    endloop
  endfacet
  facet normal 0 0 -1
    outer loop
      vertex -77.56844051968768 -23.671302192966962 0
      vertex -63.85655948031231 -23.671302192966962 0
      vertex -64.26522752047775 -23.833105316368933 0
    endloop
  endfacet
  facet normal 0 0 -1
    outer loop
      vertex -77.99416539894996 -23.56199462244959 0
      vertex -63.43083460105004 -23.56199462244959 0
      vertex -63.85655948031231 -23.671302192966962 0
    endloop
  endfacet
  facet normal 0 1 0
    outer loop
      vertex -85 -20 0
      vertex -67.88454988232819 -20 1.5
      vertex -57.66545011767181 -20 1.5
    endloop
  endfacet
  facet normal 0 1 0
    outer loop
      vertex -73.54045011767181 -20 6
      vertex -67.88454988232819 -20 6
      vertex -67.88454988232819 -20 1.5
    endloop
  endfacet
  facet normal 0 0 -1
    outer loop
      vertex -85 -20 0
      vertex -40.55 -20 0
      vertex -63.43083460105004 -23.56199462244959 0
    endloop
  endfacet
  facet normal 0 -1 0
    outer loop
      vertex -85 -50 2.3422589056039627
      vertex -40.55 -50 2.3422589056039627
      vertex -53.65779541087818 -50 17.602898032088312
    endloop
  endfacet
  facet normal 0 0 -1
    outer loop
      vertex -85 -47.57947272421936 0
      vertex -49.13098396412041 -29.696796349715264 0
      vertex -40.55 -47.57947272421937 0
    endloop
  endfacet
  facet normal 0 0 -1
    outer loop
      vertex -85 -47.57947272421936 0
      vertex -49.73155948031231 -29.057248383023655 0
      vertex -49.45139019597494 -29.39591487075041 0
    endloop
  endfacet
  facet normal 0 0 -1
    outer loop
      vertex -85 -47.57947272421936 0
      vertex -49.96707338015352 -28.686137859356002 0
      vertex -49.73155948031231 -29.057248383023655 0
    endloop
  endfacet
  facet normal 0 0 -1
    outer loop
      vertex -85 -47.57947272421936 0
      vertex -49.45139019597494 -29.39591487075041 0
      vertex -49.13098396412041 -29.696796349715264 0
    endloop
  endfacet
  facet normal 1 0 0
    outer loop
      vertex -40.55 -43 11
      vertex -40.55 -49.615041453382545 1.1577538785776156
      vertex -40.55 -49.43013567315335 0.9032529056795298
    endloop
  endfacet
  facet normal 1 0 0
    outer loop
      vertex -40.55 -43 11
      vertex -40.55 -49.43013567315335 0.9032529056795298
      vertex -40.55 -49.21479050035136 0.6739335883093673
    endloop
  endfacet
  facet normal 1 0 0
    outer loop
      vertex -40.55 -43 11
      vertex -40.55 -49.21479050035136 0.6739335883093673
      vertex -40.55 -48.97240205699265 0.4734124290907573
    endloop
  endfacet
  facet normal 1 0 0
    outer loop
      vertex -40.55 -43 11
      vertex -40.55 -48.97240205699265 0.4734124290907573
      vertex -40.55 -48.7067929536248 0.304851766490124
    endloop
  endfacet
  facet normal 1 0 0
    outer loop
      vertex -40.55 -43 11
      vertex -40.55 -48.7067929536248 0.304851766490124
      vertex -40.55 -48.42215200447512 0.17090990284992813
    endloop
  endfacet
  facet normal 1 0 0
    outer loop
      vertex -40.55 -43 11
      vertex -40.55 -48.42215200447512 0.17090990284992813
      vertex -40.55 -48.12296816734796 0.0736991813727812
    endloop
  endfacet
  facet normal 1 0 0
    outer loop
      vertex -40.55 -43 11
      vertex -40.55 -48.12296816734796 0.0736991813727812
      vertex -40.55 -47.81395975007858 0.014752673207233613
    endloop
  endfacet
  facet normal 1 0 0
    outer loop
      vertex -40.55 -43 11
      vertex -40.55 -49.76659176642738 1.4334228746294926
      vertex -40.55 -49.615041453382545 1.1577538785776156
    endloop
  endfacet
  facet normal 1 0 0
    outer loop
      vertex -40.55 -43 11
      vertex -40.55 -49.882396573319355 1.725912429090755
      vertex -40.55 -49.76659176642738 1.4334228746294926
    endloop
  endfacet
  facet normal 1 0 0
    outer loop
      vertex -40.55 -43 11
      vertex -40.55 -49.960629563075365 2.030609806962758
      vertex -40.55 -49.882396573319355 1.725912429090755
    endloop
  endfacet
  facet normal 1 0 0
    outer loop
      vertex -40.55 -43 11
      vertex -40.55 -50 2.3422589056039627
      vertex -40.55 -49.960629563075365 2.030609806962758
    endloop
  endfacet
  facet normal 1 0 0
    outer loop
      vertex -40.55 -43 11
      vertex -40.55 -47.81395975007858 0.014752673207233613
      vertex -40.55 -47.57947272421937 0
    endloop
  endfacet
  facet normal 0 -1 0
    outer loop
      vertex -53.65779541087818 -50 17.602898032088312
      vertex -40.55 -50 2.3422589056039627
      vertex -53.01951989107742 -50 17.252003095697088
    endloop
  endfacet
  facet normal 0 -1 0
    outer loop
      vertex -51.6368116245972 -50 16.802733945773607
      vertex -40.55 -50 2.3422589056039627
      vertex -50.914185013270014 -50 16.711444975116024
    endloop
  endfacet
  facet normal 0 -1 0
    outer loop
      vertex -53.01951989107742 -50 17.252003095697088
      vertex -40.55 -50 2.3422589056039627
      vertex -52.34229856737469 -50 16.98387220548811
    endloop
  endfacet
  facet normal 0 -1 0
    outer loop
      vertex -52.34229856737469 -50 16.98387220548811
      vertex -40.55 -50 2.3422589056039627
      vertex -51.6368116245972 -50 16.802733945773607
    endloop
  endfacet
  facet normal 0 -1 0
    outer loop
      vertex -50.914185013270014 -50 16.711444975116024
      vertex -40.55 -50 2.3422589056039627
      vertex -50.18581498672998 -50 16.711444975116024
    endloop
  endfacet
  facet normal 0 -1 0
    outer loop
      vertex -50.18581498672998 -50 16.711444975116024
      vertex -40.55 -50 2.3422589056039627
      vertex -49.463188375402794 -50 16.802733945773607
    endloop
  endfacet
  facet normal 0 -1 0
    outer loop
      vertex -49.463188375402794 -50 16.802733945773607
      vertex -40.55 -50 2.3422589056039627
      vertex -48.7577014326253 -50 16.98387220548811
    endloop
  endfacet
  facet normal 0 -1 0
    outer loop
      vertex -48.7577014326253 -50 16.98387220548811
      vertex -40.55 -50 2.3422589056039627
      vertex -48.08048010892257 -50 17.252003095697088
    endloop
  endfacet
  facet normal 0 -1 0
    outer loop
      vertex -47.442204589121815 -50 17.602898032088312
      vertex -48.08048010892257 -50 17.252003095697088
      vertex -40.55 -50 2.3422589056039627
    endloop
  endfacet
  facet normal 0 -1 0
    outer loop
      vertex -47.442204589121815 -50 17.602898032088312
      vertex -40.55 -50 2.3422589056039627
      vertex -46.8529408594576 -50 18.031023191900424
    endloop
  endfacet
  facet normal 0 -1 0
    outer loop
      vertex -46.8529408594576 -50 18.031023191900424
      vertex -40.55 -50 2.3422589056039627
      vertex -46.32198196095581 -50 18.529626785613605
    endloop
  endfacet
  facet normal 0 -1 0
    outer loop
      vertex -46.32198196095581 -50 18.529626785613605
      vertex -40.55 -50 2.3422589056039627
      vertex -45.857701432625305 -50 19.090845536703654
    endloop
  endfacet
  facet normal 0 -1 0
    outer loop
      vertex -45.46742125574559 -50 19.70582869021005
      vertex -45.857701432625305 -50 19.090845536703654
      vertex -40.55 -50 2.3422589056039627
    endloop
  endfacet
  facet normal 0 -1 0
    outer loop
      vertex -45.46742125574559 -50 19.70582869021005
      vertex -40.55 -50 2.3422589056039627
      vertex -45.15729638184814 -50 20.36487759442887
    endloop
  endfacet
  facet normal 0 -1 0
    outer loop
      vertex -44.93221766545393 -50 21.057598654443844
      vertex -45.15729638184814 -50 20.36487759442887
      vertex -40.55 -50 2.3422589056039627
    endloop
  endfacet
  facet normal 0 -1 0
    outer loop
      vertex -44.795734732376026 -50 21.773067245327034
      vertex -44.93221766545393 -50 21.057598654443844
      vertex -40.55 -50 2.3422589056039627
    endloop
  endfacet
  facet normal 0 -1 0
    outer loop
      vertex -44.75 -50 22.5
      vertex -44.795734732376026 -50 21.773067245327034
      vertex -40.55 -50 2.3422589056039627
    endloop
  endfacet
  facet normal 0 -1 0
    outer loop
      vertex -44.795734732376026 -50 23.226932754672966
      vertex -44.75 -50 22.5
      vertex -40.55 -50 2.3422589056039627
    endloop
  endfacet
  facet normal 0 -1 0
    outer loop
      vertex -44.93221766545393 -50 23.942401345556156
      vertex -44.795734732376026 -50 23.226932754672966
      vertex -40.55 -50 2.3422589056039627
    endloop
  endfacet
  facet normal 1 0 0
    outer loop
      vertex -40.55 -48.5 31.5
      vertex -40.55 -50 2.3422589056039627
      vertex -40.55 -43 11
    endloop
  endfacet
  facet normal 0 0 -1
    outer loop
      vertex -49.13098396412041 -29.696796349715264 0
      vertex -48.775393782426484 -29.95514773925705 0
      vertex -40.55 -47.57947272421937 0
    endloop
  endfacet
  facet normal 1 0 0
    outer loop
      vertex -40.55 -36 6
      vertex -40.55 -43 11
      vertex -40.55 -47.57947272421937 0
    endloop
  endfacet
  facet normal 0 0 -1
    outer loop
      vertex -48.39022752047775 -30.166894683631067 0
      vertex -47.98155948031231 -30.328697807033038 0
      vertex -40.55 -47.57947272421937 0
    endloop
  endfacet
  facet normal 0 0 -1
    outer loop
      vertex -47.98155948031231 -30.328697807033038 0
      vertex -47.55583460105004 -30.43800537755041 0
      vertex -40.55 -47.57947272421937 0
    endloop
  endfacet
  facet normal 0 0 -1
    outer loop
      vertex -47.55583460105004 -30.43800537755041 0
      vertex -47.119766818352595 -30.49309354949895 0
      vertex -40.55 -47.57947272421937 0
    endloop
  endfacet
  facet normal 0 0 -1
    outer loop
      vertex -47.119766818352595 -30.49309354949895 0
      vertex -46.6802331816474 -30.49309354949895 0
      vertex -40.55 -47.57947272421937 0
    endloop
  endfacet
  facet normal 0 0 -1
    outer loop
      vertex -48.775393782426484 -29.95514773925705 0
      vertex -48.39022752047775 -30.166894683631067 0
      vertex -40.55 -47.57947272421937 0
    endloop
  endfacet
  facet normal 0 0 -1
    outer loop
      vertex -46.6802331816474 -30.49309354949895 0
      vertex -46.24416539894996 -30.43800537755041 0
      vertex -40.55 -47.57947272421937 0
    endloop
  endfacet
  facet normal 0 0 -1
    outer loop
      vertex -46.24416539894996 -30.43800537755041 0
      vertex -45.818440519687684 -30.328697807033038 0
      vertex -40.55 -47.57947272421937 0
    endloop
  endfacet
  facet normal 0 0 -1
    outer loop
      vertex -45.409772479522246 -30.166894683631067 0
      vertex -40.55 -47.57947272421937 0
      vertex -45.818440519687684 -30.328697807033038 0
    endloop
  endfacet
  facet normal 0 0 -1
    outer loop
      vertex -45.409772479522246 -30.166894683631067 0
      vertex -45.02460621757351 -29.95514773925705 0
      vertex -40.55 -47.57947272421937 0
    endloop
  endfacet
  facet normal 0 0 -1
    outer loop
      vertex -45.02460621757351 -29.95514773925705 0
      vertex -44.66901603587959 -29.696796349715264 0
      vertex -40.55 -47.57947272421937 0
    endloop
  endfacet
  facet normal 0 0 -1
    outer loop
      vertex -44.66901603587959 -29.696796349715264 0
      vertex -44.34860980402506 -29.39591487075041 0
      vertex -40.55 -47.57947272421937 0
    endloop
  endfacet
  facet normal 0 0 -1
    outer loop
      vertex -44.068440519687684 -29.057248383023655 0
      vertex -40.55 -47.57947272421937 0
      vertex -44.34860980402506 -29.39591487075041 0
    endloop
  endfacet
  facet normal 0 0 -1
    outer loop
      vertex -44.068440519687684 -29.057248383023655 0
      vertex -43.832926619846475 -28.686137859356002 0
      vertex -40.55 -47.57947272421937 0
    endloop
  endfacet
  facet normal 1 0 0
    outer loop
      vertex -40.55 -36 8.342258905603966
      vertex -40.55 -43 11
      vertex -40.55 -36 6
    endloop
  endfacet
  facet normal 1 0 0
    outer loop
      vertex -40.55 -43 11
      vertex -40.55 -36 8.342258905603966
      vertex -40.55 -36 8.5
    endloop
  endfacet
  facet normal 1 0 0
    outer loop
      vertex -40.55 -36 11
      vertex -40.55 -43 11
      vertex -40.55 -36 8.5
    endloop
  endfacet
  facet normal 0 -1 0
    outer loop
      vertex -69.24573473237604 -50 23.226932754672966
      vertex -56.30426526762397 -50 23.226932754672966
      vertex -56.16778233454606 -50 23.942401345556156
    endloop
  endfacet
  facet normal 0 -1 0
    outer loop
      vertex -69.38221766545394 -50 23.942401345556156
      vertex -56.16778233454606 -50 23.942401345556156
      vertex -55.94270361815185 -50 24.63512240557113
    endloop
  endfacet
  facet normal 0 -1 0
    outer loop
      vertex -69.60729638184814 -50 24.635122405571135
      vertex -55.94270361815185 -50 24.63512240557113
      vertex -55.6325787442544 -50 25.29417130978995
    endloop
  endfacet
  facet normal 0 -1 0
    outer loop
      vertex -69.9174212557456 -50 25.29417130978995
      vertex -55.6325787442544 -50 25.29417130978995
      vertex -55.24229856737469 -50 25.909154463296346
    endloop
  endfacet
  facet normal 0 -1 0
    outer loop
      vertex -70.30770143262531 -50 25.909154463296346
      vertex -55.24229856737469 -50 25.909154463296346
      vertex -54.778018039044184 -50 26.47037321438639
    endloop
  endfacet
  facet normal 0 -1 0
    outer loop
      vertex -70.77198196095581 -50 26.47037321438639
      vertex -54.778018039044184 -50 26.47037321438639
      vertex -54.2470591405424 -50 26.968976808099576
    endloop
  endfacet
  facet normal 0 -1 0
    outer loop
      vertex -71.30294085945759 -50 26.968976808099576
      vertex -54.2470591405424 -50 26.968976808099576
      vertex -53.65779541087818 -50 27.397101967911688
    endloop
  endfacet
  facet normal 0 -1 0
    outer loop
      vertex -71.89220458912182 -50 27.397101967911688
      vertex -53.65779541087818 -50 27.397101967911688
      vertex -53.019519891077415 -50 27.747996904302912
    endloop
  endfacet
  facet normal 0 -1 0
    outer loop
      vertex -72.53048010892257 -50 27.747996904302912
      vertex -53.019519891077415 -50 27.747996904302912
      vertex -52.34229856737469 -50 28.01612779451189
    endloop
  endfacet
  facet normal 0 -1 0
    outer loop
      vertex -73.2077014326253 -50 28.01612779451189
      vertex -52.34229856737469 -50 28.01612779451189
      vertex -51.6368116245972 -50 28.197266054226393
    endloop
  endfacet
  facet normal 0 -1 0
    outer loop
      vertex -73.9131883754028 -50 28.197266054226393
      vertex -51.6368116245972 -50 28.197266054226393
      vertex -50.914185013270014 -50 28.288555024883976
    endloop
  endfacet
  facet normal 0 -1 0
    outer loop
      vertex -85 -50 35
      vertex -50.914185013270014 -50 28.288555024883976
      vertex -40.55 -50 35
    endloop
  endfacet
  facet normal 0 0 1
    outer loop
      vertex -85 -48.5 35
      vertex -40.55 -50 35
      vertex -40.55 -48.5 35
    endloop
  endfacet
  facet normal 0 0 1
    outer loop
      vertex -65 -43 35
      vertex -40.55 -45 35
      vertex -60.55 -43 35
    endloop
  endfacet
  facet normal 0 0 1
    outer loop
      vertex -65 -43 35
      vertex -60.55 -43 35
      vertex -60.55 -36 35
    endloop
  endfacet
  facet normal 0 -1 0
    outer loop
      vertex -40.55 -50 35
      vertex -44.93221766545393 -50 23.942401345556156
      vertex -40.55 -50 2.3422589056039627
    endloop
  endfacet
  facet normal 1 0 0
    outer loop
      vertex -40.55 -48.5 35
      vertex -40.55 -50 2.3422589056039627
      vertex -40.55 -48.5 31.5
    endloop
  endfacet
  facet normal 1 0 0
    outer loop
      vertex -40.55 -48.5 35
      vertex -40.55 -50 35
      vertex -40.55 -50 2.3422589056039627
    endloop
  endfacet
  facet normal 1 0 0
    outer loop
      vertex -40.55 -45 31.5
      vertex -40.55 -48.5 31.5
      vertex -40.55 -43 11
    endloop
  endfacet
  facet normal 1 0 0
    outer loop
      vertex -40.55 -43 35
      vertex -40.55 -45 31.5
      vertex -40.55 -43 11
    endloop
  endfacet
  facet normal 0 -1 0
    outer loop
      vertex -50.914185013270014 -50 28.288555024883976
      vertex -50.18581498672998 -50 28.288555024883976
      vertex -40.55 -50 35
    endloop
  endfacet
  facet normal 0 -1 0
    outer loop
      vertex -50.18581498672998 -50 28.288555024883976
      vertex -49.463188375402794 -50 28.197266054226393
      vertex -40.55 -50 35
    endloop
  endfacet
  facet normal 0 -1 0
    outer loop
      vertex -49.463188375402794 -50 28.197266054226393
      vertex -48.7577014326253 -50 28.01612779451189
      vertex -40.55 -50 35
    endloop
  endfacet
  facet normal 0 0 1
    outer loop
      vertex -60.55 -43 35
      vertex -40.55 -45 35
      vertex -40.55 -43 35
    endloop
  endfacet
  facet normal 0 -1 0
    outer loop
      vertex -40.55 -50 35
      vertex -45.15729638184814 -50 24.635122405571135
      vertex -44.93221766545393 -50 23.942401345556156
    endloop
  endfacet
  facet normal 0 -1 0
    outer loop
      vertex -40.55 -50 35
      vertex -45.46742125574559 -50 25.29417130978995
      vertex -45.15729638184814 -50 24.635122405571135
    endloop
  endfacet
  facet normal 0 -1 0
    outer loop
      vertex -48.7577014326253 -50 28.01612779451189
      vertex -48.08048010892258 -50 27.747996904302912
      vertex -40.55 -50 35
    endloop
  endfacet
  facet normal 0 -1 0
    outer loop
      vertex -48.08048010892258 -50 27.747996904302912
      vertex -47.44220458912182 -50 27.397101967911688
      vertex -40.55 -50 35
    endloop
  endfacet
  facet normal 0 -1 0
    outer loop
      vertex -47.44220458912182 -50 27.397101967911688
      vertex -46.8529408594576 -50 26.968976808099576
      vertex -40.55 -50 35
    endloop
  endfacet
  facet normal 0 -1 0
    outer loop
      vertex -46.8529408594576 -50 26.968976808099576
      vertex -46.32198196095581 -50 26.47037321438639
      vertex -40.55 -50 35
    endloop
  endfacet
  facet normal 0 -1 0
    outer loop
      vertex -46.32198196095581 -50 26.47037321438639
      vertex -45.857701432625305 -50 25.909154463296346
      vertex -40.55 -50 35
    endloop
  endfacet
  facet normal 0 -1 0
    outer loop
      vertex -40.55 -50 35
      vertex -45.857701432625305 -50 25.909154463296346
      vertex -45.46742125574559 -50 25.29417130978995
    endloop
  endfacet
  facet normal 1 0 0
    outer loop
      vertex -40.55 -43 35
      vertex -40.55 -45 35
      vertex -40.55 -45 31.5
    endloop
  endfacet
  facet normal 0 0 -1
    outer loop
      vertex -85 -47.57947272421936 0
      vertex -50.290041063950206 -27.87041460507699 0
      vertex -50.15421770060888 -28.28843593439637 0
    endloop
  endfacet
  facet normal 0 0 -1
    outer loop
      vertex -85 -47.57947272421936 0
      vertex -50.15421770060888 -28.28843593439637 0
      vertex -49.96707338015352 -28.686137859356002 0
    endloop
  endfacet
  facet normal 0 0 -1
    outer loop
      vertex -85 -47.57947272421936 0
      vertex -50.37240145460067 -27.438666317475064 0
      vertex -50.290041063950206 -27.87041460507699 0
    endloop
  endfacet
  facet normal 0 0 -1
    outer loop
      vertex -85 -47.57947272421936 0
      vertex -50.4 -27 0
      vertex -50.37240145460067 -27.438666317475064 0
    endloop
  endfacet
  facet normal 0 0 -1
    outer loop
      vertex -85 -47.57947272421936 0
      vertex -50.37240145460067 -26.561333682524936 0
      vertex -50.4 -27 0
    endloop
  endfacet
  facet normal 0 0 -1
    outer loop
      vertex -85 -47.57947272421936 0
      vertex -50.290041063950206 -26.12958539492301 0
      vertex -50.37240145460067 -26.561333682524936 0
    endloop
  endfacet
  facet normal 0 0 -1
    outer loop
      vertex -60.54401603587959 -29.696796349715264 0
      vertex -60.22360980402506 -29.39591487075041 0
      vertex -50.290041063950206 -26.12958539492301 0
    endloop
  endfacet
  facet normal 0 0 -1
    outer loop
      vertex -60.22360980402506 -29.39591487075041 0
      vertex -59.943440519687684 -29.057248383023655 0
      vertex -50.290041063950206 -26.12958539492301 0
    endloop
  endfacet
  facet normal 0 0 -1
    outer loop
      vertex -59.707926619846475 -28.686137859356002 0
      vertex -50.290041063950206 -26.12958539492301 0
      vertex -59.943440519687684 -29.057248383023655 0
    endloop
  endfacet
  facet normal 0 0 -1
    outer loop
      vertex -59.520782299391115 -28.288435934396375 0
      vertex -50.290041063950206 -26.12958539492301 0
      vertex -59.707926619846475 -28.686137859356002 0
    endloop
  endfacet
  facet normal 0 1 0
    outer loop
      vertex -85 -20 0
      vertex -57.66545011767181 -20 1.5
      vertex -40.55 -20 0
    endloop
  endfacet
  facet normal 0 0 -1
    outer loop
      vertex -62.555233181647395 -23.50690645050105 0
      vertex -47.55583460105004 -23.56199462244959 0
      vertex -62.11916539894996 -23.56199462244959 0
    endloop
  endfacet
  facet normal 0 0 -1
    outer loop
      vertex -62.11916539894996 -23.56199462244959 0
      vertex -47.98155948031231 -23.671302192966962 0
      vertex -61.693440519687684 -23.671302192966962 0
    endloop
  endfacet
  facet normal 0 0 -1
    outer loop
      vertex -59.38495893604979 -27.87041460507699 0
      vertex -50.290041063950206 -26.12958539492301 0
      vertex -59.520782299391115 -28.288435934396375 0
    endloop
  endfacet
  facet normal 0 0 -1
    outer loop
      vertex -59.30259854539933 -27.438666317475064 0
      vertex -50.290041063950206 -26.12958539492301 0
      vertex -59.38495893604979 -27.87041460507699 0
    endloop
  endfacet
  facet normal 0 0 -1
    outer loop
      vertex -59.30259854539933 -27.438666317475064 0
      vertex -59.275 -27 0
      vertex -50.290041063950206 -26.12958539492301 0
    endloop
  endfacet
  facet normal 0 0 -1
    outer loop
      vertex -59.30259854539933 -26.561333682524936 0
      vertex -50.290041063950206 -26.12958539492301 0
      vertex -59.275 -27 0
    endloop
  endfacet
  facet normal 0 0 -1
    outer loop
      vertex -59.384958936049784 -26.12958539492301 0
      vertex -50.290041063950206 -26.12958539492301 0
      vertex -59.30259854539933 -26.561333682524936 0
    endloop
  endfacet
  facet normal 0 0 -1
    outer loop
      vertex -59.520782299391115 -25.711564065603625 0
      vertex -50.290041063950206 -26.12958539492301 0
      vertex -59.384958936049784 -26.12958539492301 0
    endloop
  endfacet
  facet normal 0 0 -1
    outer loop
      vertex -59.943440519687684 -24.942751616976345 0
      vertex -49.96707338015352 -25.313862140643998 0
      vertex -59.707926619846475 -25.313862140643998 0
    endloop
  endfacet
  facet normal 0 0 -1
    outer loop
      vertex -60.22360980402506 -24.60408512924959 0
      vertex -49.73155948031231 -24.942751616976345 0
      vertex -59.943440519687684 -24.942751616976345 0
    endloop
  endfacet
  facet normal 0 0 -1
    outer loop
      vertex -59.707926619846475 -25.313862140643998 0
      vertex -50.15421770060888 -25.71156406560363 0
      vertex -59.520782299391115 -25.711564065603625 0
    endloop
  endfacet
  facet normal 0 0 -1
    outer loop
      vertex -60.54401603587958 -24.303203650284736 0
      vertex -49.45139019597494 -24.60408512924959 0
      vertex -60.22360980402506 -24.60408512924959 0
    endloop
  endfacet
  facet normal 0 0 -1
    outer loop
      vertex -61.693440519687684 -23.671302192966962 0
      vertex -48.39022752047775 -23.833105316368933 0
      vertex -61.284772479522246 -23.833105316368933 0
    endloop
  endfacet
  facet normal 0 0 -1
    outer loop
      vertex -61.284772479522246 -23.833105316368933 0
      vertex -48.775393782426484 -24.04485226074295 0
      vertex -60.89960621757351 -24.044852260742946 0
    endloop
  endfacet
  facet normal 0 0 -1
    outer loop
      vertex -60.89960621757351 -24.044852260742946 0
      vertex -49.13098396412041 -24.303203650284736 0
      vertex -60.54401603587958 -24.303203650284736 0
    endloop
  endfacet
  facet normal 0 0 -1
    outer loop
      vertex -59.520782299391115 -25.711564065603625 0
      vertex -50.15421770060888 -25.71156406560363 0
      vertex -50.290041063950206 -26.12958539492301 0
    endloop
  endfacet
  facet normal 0 0 -1
    outer loop
      vertex -59.707926619846475 -25.313862140643998 0
      vertex -49.96707338015352 -25.313862140643998 0
      vertex -50.15421770060888 -25.71156406560363 0
    endloop
  endfacet
  facet normal 0 0 -1
    outer loop
      vertex -59.943440519687684 -24.942751616976345 0
      vertex -49.73155948031231 -24.942751616976345 0
      vertex -49.96707338015352 -25.313862140643998 0
    endloop
  endfacet
  facet normal 0 0 -1
    outer loop
      vertex -60.22360980402506 -24.60408512924959 0
      vertex -49.45139019597494 -24.60408512924959 0
      vertex -49.73155948031231 -24.942751616976345 0
    endloop
  endfacet
  facet normal 0 0 -1
    outer loop
      vertex -60.54401603587958 -24.303203650284736 0
      vertex -49.13098396412041 -24.303203650284736 0
      vertex -49.45139019597494 -24.60408512924959 0
    endloop
  endfacet
  facet normal 0 0 -1
    outer loop
      vertex -60.89960621757351 -24.044852260742946 0
      vertex -48.775393782426484 -24.04485226074295 0
      vertex -49.13098396412041 -24.303203650284736 0
    endloop
  endfacet
  facet normal 0 0 -1
    outer loop
      vertex -61.284772479522246 -23.833105316368933 0
      vertex -48.39022752047775 -23.833105316368933 0
      vertex -48.775393782426484 -24.04485226074295 0
    endloop
  endfacet
  facet normal 0 0 -1
    outer loop
      vertex -63.43083460105004 -23.56199462244959 0
      vertex -40.55 -20 0
      vertex -62.9947668183526 -23.50690645050105 0
    endloop
  endfacet
  facet normal 0 0 -1
    outer loop
      vertex -62.9947668183526 -23.50690645050105 0
      vertex -40.55 -20 0
      vertex -62.555233181647395 -23.50690645050105 0
    endloop
  endfacet
  facet normal 0 1 0
    outer loop
      vertex -57.66545011767181 -20 6
      vertex -52.00954988232819 -20 1.5
      vertex -57.66545011767181 -20 1.5
    endloop
  endfacet
  facet normal 0 0 -1
    outer loop
      vertex -61.693440519687684 -23.671302192966962 0
      vertex -47.98155948031231 -23.671302192966962 0
      vertex -48.39022752047775 -23.833105316368933 0
    endloop
  endfacet
  facet normal 0 0 -1
    outer loop
      vertex -62.11916539894996 -23.56199462244959 0
      vertex -47.55583460105004 -23.56199462244959 0
      vertex -47.98155948031231 -23.671302192966962 0
    endloop
  endfacet
  facet normal 0 1 0
    outer loop
      vertex -57.66545011767181 -20 6
      vertex -52.00954988232819 -20 6
      vertex -52.00954988232819 -20 1.5
    endloop
  endfacet
  facet normal 0 0 -1
    outer loop
      vertex -43.645782299391115 -28.288435934396375 0
      vertex -40.55 -47.57947272421937 0
      vertex -43.832926619846475 -28.686137859356002 0
    endloop
  endfacet
  facet normal 0 0 -1
    outer loop
      vertex -43.50995893604979 -27.87041460507699 0
      vertex -40.55 -47.57947272421937 0
      vertex -43.645782299391115 -28.288435934396375 0
    endloop
  endfacet
  facet normal 0 0 -1
    outer loop
      vertex -43.42759854539933 -27.438666317475064 0
      vertex -40.55 -47.57947272421937 0
      vertex -43.50995893604979 -27.87041460507699 0
    endloop
  endfacet
  facet normal 0 0 -1
    outer loop
      vertex -43.4 -27 0
      vertex -40.55 -47.57947272421937 0
      vertex -43.42759854539933 -27.438666317475064 0
    endloop
  endfacet
  facet normal 0 0 -1
    outer loop
      vertex -43.42759854539933 -26.561333682524936 0
      vertex -40.55 -47.57947272421937 0
      vertex -43.4 -27 0
    endloop
  endfacet
  facet normal 1 0 0
    outer loop
      vertex -40.55 -20 0
      vertex -40.55 -36 6
      vertex -40.55 -47.57947272421937 0
    endloop
  endfacet
  facet normal 0 0 -1
    outer loop
      vertex -40.55 -20 0
      vertex -40.55 -47.57947272421937 0
      vertex -43.42759854539933 -26.561333682524936 0
    endloop
  endfacet
  facet normal 1 0 0
    outer loop
      vertex -40.55 -20 0
      vertex -40.55 -33.57947272421936 6
      vertex -40.55 -36 6
    endloop
  endfacet
  facet normal 0 0 -1
    outer loop
      vertex -62.555233181647395 -23.50690645050105 0
      vertex -40.55 -20 0
      vertex -47.55583460105004 -23.56199462244959 0
    endloop
  endfacet
  facet normal 0 1 0
    outer loop
      vertex -57.66545011767181 -20 1.5
      vertex -52.00954988232819 -20 1.5
      vertex -40.55 -20 0
    endloop
  endfacet
  facet normal 0 0 -1
    outer loop
      vertex -40.55 -20 0
      vertex -43.42759854539933 -26.561333682524936 0
      vertex -43.50995893604979 -26.12958539492301 0
    endloop
  endfacet
  facet normal 0 0 -1
    outer loop
      vertex -40.55 -20 0
      vertex -43.50995893604979 -26.12958539492301 0
      vertex -43.64578229939112 -25.711564065603625 0
    endloop
  endfacet
  facet normal 1 0 0
    outer loop
      vertex -40.55 -20 0
      vertex -40.55 -20 6
      vertex -40.55 -33.57947272421936 6
    endloop
  endfacet
  facet normal 0 0 -1
    outer loop
      vertex -47.55583460105004 -23.56199462244959 0
      vertex -40.55 -20 0
      vertex -47.119766818352595 -23.50690645050105 0
    endloop
  endfacet
  facet normal 0 0 -1
    outer loop
      vertex -47.119766818352595 -23.50690645050105 0
      vertex -40.55 -20 0
      vertex -46.6802331816474 -23.50690645050105 0
    endloop
  endfacet
  facet normal 0 0 -1
    outer loop
      vertex -46.6802331816474 -23.50690645050105 0
      vertex -40.55 -20 0
      vertex -46.24416539894996 -23.56199462244959 0
    endloop
  endfacet
  facet normal 0 0 -1
    outer loop
      vertex -46.24416539894996 -23.56199462244959 0
      vertex -40.55 -20 0
      vertex -45.818440519687684 -23.671302192966962 0
    endloop
  endfacet
  facet normal 0 0 -1
    outer loop
      vertex -45.818440519687684 -23.671302192966962 0
      vertex -40.55 -20 0
      vertex -45.409772479522246 -23.833105316368933 0
    endloop
  endfacet
  facet normal 0 0 -1
    outer loop
      vertex -40.55 -20 0
      vertex -45.02460621757351 -24.044852260742946 0
      vertex -45.409772479522246 -23.833105316368933 0
    endloop
  endfacet
  facet normal 0 0 -1
    outer loop
      vertex -40.55 -20 0
      vertex -44.66901603587959 -24.303203650284736 0
      vertex -45.02460621757351 -24.044852260742946 0
    endloop
  endfacet
  facet normal 0 1 0
    outer loop
      vertex -52.00954988232819 -20 1.5
      vertex -41.79045011767181 -20 1.5
      vertex -40.55 -20 0
    endloop
  endfacet
  facet normal 0 0 -1
    outer loop
      vertex -40.55 -20 0
      vertex -43.64578229939112 -25.711564065603625 0
      vertex -43.832926619846475 -25.313862140643998 0
    endloop
  endfacet
  facet normal 0 0 -1
    outer loop
      vertex -40.55 -20 0
      vertex -43.832926619846475 -25.313862140643998 0
      vertex -44.068440519687684 -24.942751616976345 0
    endloop
  endfacet
  facet normal 0 0 -1
    outer loop
      vertex -40.55 -20 0
      vertex -44.068440519687684 -24.942751616976345 0
      vertex -44.34860980402506 -24.60408512924959 0
    endloop
  endfacet
  facet normal 0 0 -1
    outer loop
      vertex -40.55 -20 0
      vertex -44.34860980402506 -24.60408512924959 0
      vertex -44.66901603587959 -24.303203650284736 0
    endloop
  endfacet
  facet normal 0 1 0
    outer loop
      vertex -41.79045011767181 -20 6
      vertex -40.55 -20 0
      vertex -41.79045011767181 -20 1.5
    endloop
  endfacet
  facet normal 0 1 0
    outer loop
      vertex -41.79045011767181 -20 6
      vertex -40.55 -20 6
      vertex -40.55 -20 0
    endloop
  endfacet
  facet normal 0 1 0
    outer loop
      vertex -85 -36 11
      vertex -65 -36 11
      vertex -85 -36 8.5
    endloop
  endfacet
  facet normal 0 1 0
    outer loop
      vertex -65 -36 11
      vertex -60.55 -36 11
      vertex -85 -36 8.5
    endloop
  endfacet
  facet normal 0 1 0
    outer loop
      vertex -65 -36 35
      vertex -60.55 -36 11
      vertex -65 -36 11
    endloop
  endfacet
  facet normal 0 1 0
    outer loop
      vertex -60.55 -36 11
      vertex -40.55 -36 11
      vertex -85 -36 8.5
    endloop
  endfacet
  facet normal 0 1 0
    outer loop
      vertex -40.55 -36 11
      vertex -40.55 -36 8.5
      vertex -85 -36 8.5
    endloop
  endfacet
  facet normal 0 1 0
    outer loop
      vertex -65 -36 35
      vertex -60.55 -36 35
      vertex -60.55 -36 11
    endloop
  endfacet
  facet normal 0 1 0
    outer loop
      vertex -85 -48.5 35
      vertex -40.55 -48.5 35
      vertex -85 -48.5 31.5
    endloop
  endfacet
  facet normal 0 0 1
    outer loop
      vertex -85 -45 31.5
      vertex -85 -48.5 31.5
      vertex -40.55 -48.5 31.5
    endloop
  endfacet
  facet normal 0 -1 0
    outer loop
      vertex -85 -45 35
      vertex -85 -45 31.5
      vertex -40.55 -45 35
    endloop
  endfacet
  facet normal 0 1 0
    outer loop
      vertex -85 -48.5 31.5
      vertex -40.55 -48.5 35
      vertex -40.55 -48.5 31.5
    endloop
  endfacet
  facet normal 0 0 1
    outer loop
      vertex -85 -45 31.5
      vertex -40.55 -48.5 31.5
      vertex -40.55 -45 31.5
    endloop
  endfacet
  facet normal 0 -1 0
    outer loop
      vertex -85 -45 31.5
      vertex -40.55 -45 31.5
      vertex -40.55 -45 35
    endloop
  endfacet
  facet normal 0 1 0
    outer loop
      vertex -78.06707338015352 -43 20.813862140643998
      vertex -77.83155948031232 -43 20.442751616976345
      vertex -85 -43 11
    endloop
  endfacet
  facet normal 0 1 0
    outer loop
      vertex -76.87539378242649 -43 19.54485226074295
      vertex -76.49022752047776 -43 19.333105316368933
      vertex -85 -43 11
    endloop
  endfacet
  facet normal 0 1 0
    outer loop
      vertex -77.23098396412041 -43 19.803203650284736
      vertex -76.87539378242649 -43 19.54485226074295
      vertex -85 -43 11
    endloop
  endfacet
  facet normal 0 1 0
    outer loop
      vertex -77.83155948031232 -43 20.442751616976345
      vertex -77.55139019597495 -43 20.10408512924959
      vertex -85 -43 11
    endloop
  endfacet
  facet normal 0 1 0
    outer loop
      vertex -77.55139019597495 -43 20.10408512924959
      vertex -77.23098396412041 -43 19.803203650284736
      vertex -85 -43 11
    endloop
  endfacet
  facet normal 0 1 0
    outer loop
      vertex -76.49022752047776 -43 19.333105316368933
      vertex -65 -43 11
      vertex -85 -43 11
    endloop
  endfacet
  facet normal 0 0 1
    outer loop
      vertex -85 -36 11
      vertex -85 -43 11
      vertex -65 -43 11
    endloop
  endfacet
  facet normal 0 1 0
    outer loop
      vertex -76.49022752047776 -43 19.333105316368933
      vertex -76.08155948031232 -43 19.171302192966962
      vertex -65 -43 11
    endloop
  endfacet
  facet normal 0 1 0
    outer loop
      vertex -75.65583460105003 -43 19.06199462244959
      vertex -75.2197668183526 -43 19.00690645050105
      vertex -65 -43 11
    endloop
  endfacet
  facet normal 0 1 0
    outer loop
      vertex -75.2197668183526 -43 19.00690645050105
      vertex -74.7802331816474 -43 19.00690645050105
      vertex -65 -43 11
    endloop
  endfacet
  facet normal 0 1 0
    outer loop
      vertex -74.7802331816474 -43 19.00690645050105
      vertex -74.34416539894997 -43 19.06199462244959
      vertex -65 -43 11
    endloop
  endfacet
  facet normal 0 1 0
    outer loop
      vertex -76.08155948031232 -43 19.171302192966962
      vertex -75.65583460105003 -43 19.06199462244959
      vertex -65 -43 11
    endloop
  endfacet
  facet normal 0 1 0
    outer loop
      vertex -73.91844051968768 -43 19.171302192966962
      vertex -65 -43 11
      vertex -74.34416539894997 -43 19.06199462244959
    endloop
  endfacet
  facet normal 0 1 0
    outer loop
      vertex -73.91844051968768 -43 19.171302192966962
      vertex -73.50977247952224 -43 19.333105316368933
      vertex -65 -43 11
    endloop
  endfacet
  facet normal 0 1 0
    outer loop
      vertex -73.50977247952224 -43 19.333105316368933
      vertex -73.12460621757351 -43 19.54485226074295
      vertex -65 -43 11
    endloop
  endfacet
  facet normal 0 1 0
    outer loop
      vertex -72.76901603587959 -43 19.803203650284736
      vertex -65 -43 11
      vertex -73.12460621757351 -43 19.54485226074295
    endloop
  endfacet
  facet normal 0 1 0
    outer loop
      vertex -72.76901603587959 -43 19.803203650284736
      vertex -72.44860980402505 -43 20.10408512924959
      vertex -65 -43 11
    endloop
  endfacet
  facet normal 0 1 0
    outer loop
      vertex -72.16844051968768 -43 20.442751616976345
      vertex -65 -43 11
      vertex -72.44860980402505 -43 20.10408512924959
    endloop
  endfacet
  facet normal 0 1 0
    outer loop
      vertex -71.93292661984648 -43 20.813862140643998
      vertex -65 -43 11
      vertex -72.16844051968768 -43 20.442751616976345
    endloop
  endfacet
  facet normal 0 0 1
    outer loop
      vertex -85 -36 11
      vertex -65 -43 11
      vertex -65 -36 11
    endloop
  endfacet
  facet normal 0 1 0
    outer loop
      vertex -78.25421770060888 -43 21.21156406560363
      vertex -78.06707338015352 -43 20.813862140643998
      vertex -85 -43 11
    endloop
  endfacet
  facet normal 0 1 0
    outer loop
      vertex -85 -43 35
      vertex -78.25421770060888 -43 21.21156406560363
      vertex -85 -43 11
    endloop
  endfacet
  facet normal 0 1 0
    outer loop
      vertex -85 -43 35
      vertex -78.3900410639502 -43 21.62958539492301
      vertex -78.25421770060888 -43 21.21156406560363
    endloop
  endfacet
  facet normal 0 1 0
    outer loop
      vertex -85 -43 35
      vertex -78.47240145460067 -43 22.061333682524936
      vertex -78.3900410639502 -43 21.62958539492301
    endloop
  endfacet
  facet normal 0 1 0
    outer loop
      vertex -85 -43 35
      vertex -78.5 -43 22.5
      vertex -78.47240145460067 -43 22.061333682524936
    endloop
  endfacet
  facet normal 0 1 0
    outer loop
      vertex -85 -43 35
      vertex -78.47240145460067 -43 22.938666317475064
      vertex -78.5 -43 22.5
    endloop
  endfacet
  facet normal 0 1 0
    outer loop
      vertex -85 -43 35
      vertex -78.3900410639502 -43 23.37041460507699
      vertex -78.47240145460067 -43 22.938666317475064
    endloop
  endfacet
  facet normal 0 1 0
    outer loop
      vertex -85 -43 35
      vertex -78.25421770060888 -43 23.78843593439637
      vertex -78.3900410639502 -43 23.37041460507699
    endloop
  endfacet
  facet normal 0 1 0
    outer loop
      vertex -85 -43 35
      vertex -78.06707338015352 -43 24.186137859356002
      vertex -78.25421770060888 -43 23.78843593439637
    endloop
  endfacet
  facet normal 0 1 0
    outer loop
      vertex -85 -43 35
      vertex -77.83155948031232 -43 24.557248383023655
      vertex -78.06707338015352 -43 24.186137859356002
    endloop
  endfacet
  facet normal 0 1 0
    outer loop
      vertex -85 -43 35
      vertex -77.55139019597495 -43 24.89591487075041
      vertex -77.83155948031232 -43 24.557248383023655
    endloop
  endfacet
  facet normal 0 1 0
    outer loop
      vertex -85 -43 35
      vertex -77.23098396412041 -43 25.196796349715264
      vertex -77.55139019597495 -43 24.89591487075041
    endloop
  endfacet
  facet normal 0 1 0
    outer loop
      vertex -85 -43 35
      vertex -76.87539378242649 -43 25.45514773925705
      vertex -77.23098396412041 -43 25.196796349715264
    endloop
  endfacet
  facet normal 0 1 0
    outer loop
      vertex -85 -43 35
      vertex -76.49022752047776 -43 25.666894683631067
      vertex -76.87539378242649 -43 25.45514773925705
    endloop
  endfacet
  facet normal 0 1 0
    outer loop
      vertex -85 -43 35
      vertex -76.08155948031232 -43 25.828697807033038
      vertex -76.49022752047776 -43 25.666894683631067
    endloop
  endfacet
  facet normal 0 1 0
    outer loop
      vertex -85 -43 35
      vertex -75.65583460105003 -43 25.93800537755041
      vertex -76.08155948031232 -43 25.828697807033038
    endloop
  endfacet
  facet normal 0 1 0
    outer loop
      vertex -85 -43 35
      vertex -75.2197668183526 -43 25.99309354949895
      vertex -75.65583460105003 -43 25.93800537755041
    endloop
  endfacet
  facet normal 0 1 0
    outer loop
      vertex -85 -43 35
      vertex -74.7802331816474 -43 25.99309354949895
      vertex -75.2197668183526 -43 25.99309354949895
    endloop
  endfacet
  facet normal 0 1 0
    outer loop
      vertex -85 -43 35
      vertex -74.34416539894997 -43 25.93800537755041
      vertex -74.7802331816474 -43 25.99309354949895
    endloop
  endfacet
  facet normal 0 1 0
    outer loop
      vertex -85 -43 35
      vertex -73.91844051968768 -43 25.828697807033038
      vertex -74.34416539894997 -43 25.93800537755041
    endloop
  endfacet
  facet normal 0 1 0
    outer loop
      vertex -85 -43 35
      vertex -73.50977247952224 -43 25.666894683631067
      vertex -73.91844051968768 -43 25.828697807033038
    endloop
  endfacet
  facet normal 0 1 0
    outer loop
      vertex -85 -43 35
      vertex -73.12460621757351 -43 25.455147739257054
      vertex -73.50977247952224 -43 25.666894683631067
    endloop
  endfacet
  facet normal 0 1 0
    outer loop
      vertex -85 -43 35
      vertex -72.76901603587959 -43 25.196796349715264
      vertex -73.12460621757351 -43 25.455147739257054
    endloop
  endfacet
  facet normal 0 1 0
    outer loop
      vertex -85 -43 35
      vertex -65 -43 35
      vertex -72.76901603587959 -43 25.196796349715264
    endloop
  endfacet
  facet normal 0 1 0
    outer loop
      vertex -71.93292661984648 -43 20.813862140643998
      vertex -71.74578229939112 -43 21.211564065603625
      vertex -65 -43 11
    endloop
  endfacet
  facet normal 0 1 0
    outer loop
      vertex -65 -43 35
      vertex -71.74578229939112 -43 21.211564065603625
      vertex -71.6099589360498 -43 21.62958539492301
    endloop
  endfacet
  facet normal 0 1 0
    outer loop
      vertex -65 -43 35
      vertex -71.6099589360498 -43 21.62958539492301
      vertex -71.52759854539933 -43 22.061333682524936
    endloop
  endfacet
  facet normal 0 1 0
    outer loop
      vertex -65 -43 35
      vertex -65 -43 11
      vertex -71.74578229939112 -43 21.211564065603625
    endloop
  endfacet
  facet normal 0 1 0
    outer loop
      vertex -65 -43 35
      vertex -72.44860980402505 -43 24.89591487075041
      vertex -72.76901603587959 -43 25.196796349715264
    endloop
  endfacet
  facet normal 0 1 0
    outer loop
      vertex -65 -43 35
      vertex -72.16844051968768 -43 24.557248383023655
      vertex -72.44860980402505 -43 24.89591487075041
    endloop
  endfacet
  facet normal 0 1 0
    outer loop
      vertex -65 -43 35
      vertex -71.52759854539933 -43 22.061333682524936
      vertex -71.5 -43 22.5
    endloop
  endfacet
  facet normal 0 1 0
    outer loop
      vertex -65 -43 35
      vertex -71.52759854539933 -43 22.938666317475064
      vertex -71.6099589360498 -43 23.37041460507699
    endloop
  endfacet
  facet normal 0 1 0
    outer loop
      vertex -65 -43 35
      vertex -71.5 -43 22.5
      vertex -71.52759854539933 -43 22.938666317475064
    endloop
  endfacet
  facet normal 0 1 0
    outer loop
      vertex -65 -43 35
      vertex -71.6099589360498 -43 23.37041460507699
      vertex -71.74578229939112 -43 23.788435934396375
    endloop
  endfacet
  facet normal 0 1 0
    outer loop
      vertex -65 -43 35
      vertex -71.74578229939112 -43 23.788435934396375
      vertex -71.93292661984648 -43 24.186137859356002
    endloop
  endfacet
  facet normal 0 1 0
    outer loop
      vertex -65 -43 35
      vertex -71.93292661984648 -43 24.186137859356002
      vertex -72.16844051968768 -43 24.557248383023655
    endloop
  endfacet
  facet normal -1 0 0
    outer loop
      vertex -65 -43 35
      vertex -65 -36 11
      vertex -65 -43 11
    endloop
  endfacet
  facet normal -1 0 0
    outer loop
      vertex -65 -36 35
      vertex -65 -36 11
      vertex -65 -43 35
    endloop
  endfacet
  facet normal 0 1 0
    outer loop
      vertex -53.61707338015352 -43 20.813862140643998
      vertex -53.38155948031231 -43 20.442751616976345
      vertex -60.55 -43 11
    endloop
  endfacet
  facet normal 0 1 0
    outer loop
      vertex -52.78098396412041 -43 19.803203650284736
      vertex -52.42539378242648 -43 19.54485226074295
      vertex -60.55 -43 11
    endloop
  endfacet
  facet normal 0 1 0
    outer loop
      vertex -53.38155948031231 -43 20.442751616976345
      vertex -53.101390195974936 -43 20.10408512924959
      vertex -60.55 -43 11
    endloop
  endfacet
  facet normal 0 1 0
    outer loop
      vertex -53.101390195974936 -43 20.10408512924959
      vertex -52.78098396412041 -43 19.803203650284736
      vertex -60.55 -43 11
    endloop
  endfacet
  facet normal 0 1 0
    outer loop
      vertex -52.42539378242648 -43 19.54485226074295
      vertex -52.04022752047775 -43 19.333105316368933
      vertex -60.55 -43 11
    endloop
  endfacet
  facet normal 0 1 0
    outer loop
      vertex -52.04022752047775 -43 19.333105316368933
      vertex -51.63155948031231 -43 19.171302192966962
      vertex -60.55 -43 11
    endloop
  endfacet
  facet normal 0 0 1
    outer loop
      vertex -60.55 -36 11
      vertex -60.55 -43 11
      vertex -40.55 -43 11
    endloop
  endfacet
  facet normal 0 1 0
    outer loop
      vertex -51.63155948031231 -43 19.171302192966962
      vertex -40.55 -43 11
      vertex -60.55 -43 11
    endloop
  endfacet
  facet normal 0 1 0
    outer loop
      vertex -51.205834601050036 -43 19.06199462244959
      vertex -50.76976681835259 -43 19.00690645050105
      vertex -40.55 -43 11
    endloop
  endfacet
  facet normal 0 1 0
    outer loop
      vertex -51.63155948031231 -43 19.171302192966962
      vertex -51.205834601050036 -43 19.06199462244959
      vertex -40.55 -43 11
    endloop
  endfacet
  facet normal 0 1 0
    outer loop
      vertex -50.76976681835259 -43 19.00690645050105
      vertex -50.3302331816474 -43 19.00690645050105
      vertex -40.55 -43 11
    endloop
  endfacet
  facet normal 0 1 0
    outer loop
      vertex -50.3302331816474 -43 19.00690645050105
      vertex -49.89416539894996 -43 19.06199462244959
      vertex -40.55 -43 11
    endloop
  endfacet
  facet normal 0 1 0
    outer loop
      vertex -49.89416539894996 -43 19.06199462244959
      vertex -49.46844051968768 -43 19.171302192966962
      vertex -40.55 -43 11
    endloop
  endfacet
  facet normal 0 1 0
    outer loop
      vertex -49.46844051968768 -43 19.171302192966962
      vertex -49.059772479522245 -43 19.333105316368933
      vertex -40.55 -43 11
    endloop
  endfacet
  facet normal 0 1 0
    outer loop
      vertex -49.059772479522245 -43 19.333105316368933
      vertex -48.67460621757351 -43 19.54485226074295
      vertex -40.55 -43 11
    endloop
  endfacet
  facet normal 0 1 0
    outer loop
      vertex -48.319016035879585 -43 19.803203650284736
      vertex -40.55 -43 11
      vertex -48.67460621757351 -43 19.54485226074295
    endloop
  endfacet
  facet normal 0 1 0
    outer loop
      vertex -48.319016035879585 -43 19.803203650284736
      vertex -47.99860980402506 -43 20.10408512924959
      vertex -40.55 -43 11
    endloop
  endfacet
  facet normal 0 1 0
    outer loop
      vertex -47.71844051968768 -43 20.442751616976345
      vertex -40.55 -43 11
      vertex -47.99860980402506 -43 20.10408512924959
    endloop
  endfacet
  facet normal 0 1 0
    outer loop
      vertex -47.71844051968768 -43 20.442751616976345
      vertex -47.482926619846474 -43 20.813862140643998
      vertex -40.55 -43 11
    endloop
  endfacet
  facet normal 0 0 1
    outer loop
      vertex -60.55 -36 11
      vertex -40.55 -43 11
      vertex -40.55 -36 11
    endloop
  endfacet
  facet normal 0 1 0
    outer loop
      vertex -60.55 -43 35
      vertex -53.80421770060887 -43 21.21156406560363
      vertex -60.55 -43 11
    endloop
  endfacet
  facet normal 0 1 0
    outer loop
      vertex -53.80421770060887 -43 21.21156406560363
      vertex -53.61707338015352 -43 20.813862140643998
      vertex -60.55 -43 11
    endloop
  endfacet
  facet normal 0 1 0
    outer loop
      vertex -60.55 -43 35
      vertex -53.940041063950204 -43 21.62958539492301
      vertex -53.80421770060887 -43 21.21156406560363
    endloop
  endfacet
  facet normal 0 1 0
    outer loop
      vertex -60.55 -43 35
      vertex -54.02240145460067 -43 22.061333682524936
      vertex -53.940041063950204 -43 21.62958539492301
    endloop
  endfacet
  facet normal 0 1 0
    outer loop
      vertex -60.55 -43 35
      vertex -54.05 -43 22.5
      vertex -54.02240145460067 -43 22.061333682524936
    endloop
  endfacet
  facet normal 0 1 0
    outer loop
      vertex -60.55 -43 35
      vertex -54.02240145460067 -43 22.938666317475064
      vertex -54.05 -43 22.5
    endloop
  endfacet
  facet normal 0 1 0
    outer loop
      vertex -60.55 -43 35
      vertex -53.940041063950204 -43 23.37041460507699
      vertex -54.02240145460067 -43 22.938666317475064
    endloop
  endfacet
  facet normal 0 1 0
    outer loop
      vertex -60.55 -43 35
      vertex -53.80421770060887 -43 23.78843593439637
      vertex -53.940041063950204 -43 23.37041460507699
    endloop
  endfacet
  facet normal 0 1 0
    outer loop
      vertex -60.55 -43 35
      vertex -53.61707338015352 -43 24.186137859356002
      vertex -53.80421770060887 -43 23.78843593439637
    endloop
  endfacet
  facet normal 0 1 0
    outer loop
      vertex -60.55 -43 35
      vertex -53.38155948031231 -43 24.557248383023655
      vertex -53.61707338015352 -43 24.186137859356002
    endloop
  endfacet
  facet normal 0 1 0
    outer loop
      vertex -60.55 -43 35
      vertex -53.101390195974936 -43 24.89591487075041
      vertex -53.38155948031231 -43 24.557248383023655
    endloop
  endfacet
  facet normal 0 1 0
    outer loop
      vertex -60.55 -43 35
      vertex -52.78098396412041 -43 25.196796349715264
      vertex -53.101390195974936 -43 24.89591487075041
    endloop
  endfacet
  facet normal 0 1 0
    outer loop
      vertex -60.55 -43 35
      vertex -52.42539378242648 -43 25.45514773925705
      vertex -52.78098396412041 -43 25.196796349715264
    endloop
  endfacet
  facet normal 0 1 0
    outer loop
      vertex -60.55 -43 35
      vertex -52.04022752047775 -43 25.666894683631067
      vertex -52.42539378242648 -43 25.45514773925705
    endloop
  endfacet
  facet normal 0 1 0
    outer loop
      vertex -60.55 -43 35
      vertex -51.63155948031231 -43 25.828697807033038
      vertex -52.04022752047775 -43 25.666894683631067
    endloop
  endfacet
  facet normal 0 1 0
    outer loop
      vertex -60.55 -43 35
      vertex -51.205834601050036 -43 25.93800537755041
      vertex -51.63155948031231 -43 25.828697807033038
    endloop
  endfacet
  facet normal 0 1 0
    outer loop
      vertex -60.55 -43 35
      vertex -50.76976681835259 -43 25.99309354949895
      vertex -51.205834601050036 -43 25.93800537755041
    endloop
  endfacet
  facet normal 0 1 0
    outer loop
      vertex -60.55 -43 35
      vertex -50.3302331816474 -43 25.99309354949895
      vertex -50.76976681835259 -43 25.99309354949895
    endloop
  endfacet
  facet normal 0 1 0
    outer loop
      vertex -60.55 -43 35
      vertex -49.89416539894996 -43 25.93800537755041
      vertex -50.3302331816474 -43 25.99309354949895
    endloop
  endfacet
  facet normal 0 1 0
    outer loop
      vertex -60.55 -43 35
      vertex -49.46844051968768 -43 25.828697807033038
      vertex -49.89416539894996 -43 25.93800537755041
    endloop
  endfacet
  facet normal 1 0 0
    outer loop
      vertex -60.55 -36 35
      vertex -60.55 -43 11
      vertex -60.55 -36 11
    endloop
  endfacet
  facet normal 1 0 0
    outer loop
      vertex -60.55 -36 35
      vertex -60.55 -43 35
      vertex -60.55 -43 11
    endloop
  endfacet
  facet normal 0 1 0
    outer loop
      vertex -47.29578229939112 -43 21.211564065603625
      vertex -40.55 -43 11
      vertex -47.482926619846474 -43 20.813862140643998
    endloop
  endfacet
  facet normal 0 1 0
    outer loop
      vertex -40.55 -43 35
      vertex -47.29578229939112 -43 21.211564065603625
      vertex -47.15995893604979 -43 21.62958539492301
    endloop
  endfacet
  facet normal 0 1 0
    outer loop
      vertex -40.55 -43 35
      vertex -47.15995893604979 -43 21.62958539492301
      vertex -47.077598545399326 -43 22.061333682524936
    endloop
  endfacet
  facet normal 0 1 0
    outer loop
      vertex -40.55 -43 35
      vertex -40.55 -43 11
      vertex -47.29578229939112 -43 21.211564065603625
    endloop
  endfacet
  facet normal 0 1 0
    outer loop
      vertex -40.55 -43 35
      vertex -49.059772479522245 -43 25.666894683631067
      vertex -49.46844051968768 -43 25.828697807033038
    endloop
  endfacet
  facet normal 0 1 0
    outer loop
      vertex -60.55 -43 35
      vertex -40.55 -43 35
      vertex -49.46844051968768 -43 25.828697807033038
    endloop
  endfacet
  facet normal 0 1 0
    outer loop
      vertex -40.55 -43 35
      vertex -47.077598545399326 -43 22.061333682524936
      vertex -47.05 -43 22.5
    endloop
  endfacet
  facet normal 0 1 0
    outer loop
      vertex -40.55 -43 35
      vertex -47.05 -43 22.5
      vertex -47.077598545399326 -43 22.938666317475064
    endloop
  endfacet
  facet normal 0 1 0
    outer loop
      vertex -40.55 -43 35
      vertex -47.077598545399326 -43 22.938666317475064
      vertex -47.15995893604979 -43 23.37041460507699
    endloop
  endfacet
  facet normal 0 1 0
    outer loop
      vertex -40.55 -43 35
      vertex -47.71844051968768 -43 24.557248383023655
      vertex -47.99860980402506 -43 24.89591487075041
    endloop
  endfacet
  facet normal 0 1 0
    outer loop
      vertex -40.55 -43 35
      vertex -47.99860980402506 -43 24.89591487075041
      vertex -48.319016035879585 -43 25.196796349715264
    endloop
  endfacet
  facet normal 0 1 0
    outer loop
      vertex -40.55 -43 35
      vertex -47.29578229939112 -43 23.788435934396375
      vertex -47.482926619846474 -43 24.186137859356002
    endloop
  endfacet
  facet normal 0 1 0
    outer loop
      vertex -40.55 -43 35
      vertex -47.15995893604979 -43 23.37041460507699
      vertex -47.29578229939112 -43 23.788435934396375
    endloop
  endfacet
  facet normal 0 1 0
    outer loop
      vertex -40.55 -43 35
      vertex -47.482926619846474 -43 24.186137859356002
      vertex -47.71844051968768 -43 24.557248383023655
    endloop
  endfacet
  facet normal 0 1 0
    outer loop
      vertex -40.55 -43 35
      vertex -48.67460621757351 -43 25.455147739257054
      vertex -49.059772479522245 -43 25.666894683631067
    endloop
  endfacet
  facet normal 0 1 0
    outer loop
      vertex -40.55 -43 35
      vertex -48.319016035879585 -43 25.196796349715264
      vertex -48.67460621757351 -43 25.455147739257054
    endloop
  endfacet
  facet normal 0.4817536741017256 0 0.8763066800438579
    outer loop
      vertex -76.87539378242649 -43 19.54485226074295
      vertex -76.87539378242649 -47 19.54485226074295
      vertex -76.49022752047776 -47 19.333105316368933
    endloop
  endfacet
  facet normal 0.9048270524660171 0 0.4257792915650779
    outer loop
      vertex -78.25421770060888 -43 21.21156406560363
      vertex -78.25421770060888 -47 21.21156406560363
      vertex -78.06707338015352 -47 20.813862140643998
    endloop
  endfacet
  facet normal 0.9510565162951523 0 0.30901699437495134
    outer loop
      vertex -78.3900410639502 -43 21.62958539492301
      vertex -78.3900410639502 -47 21.62958539492301
      vertex -78.25421770060888 -47 21.21156406560363
    endloop
  endfacet
  facet normal 0.6845471059286824 0 0.7289686274214174
    outer loop
      vertex -77.55139019597495 -43 20.10408512924959
      vertex -77.55139019597495 -47 20.10408512924959
      vertex -77.23098396412041 -47 19.803203650284736
    endloop
  endfacet
  facet normal 0.7705132427757896 0 0.6374239897486893
    outer loop
      vertex -77.83155948031232 -43 20.442751616976345
      vertex -77.83155948031232 -47 20.442751616976345
      vertex -77.55139019597495 -47 20.10408512924959
    endloop
  endfacet
  facet normal 0.8443279255020278 0 0.5358267949789765
    outer loop
      vertex -78.06707338015352 -43 20.813862140643998
      vertex -78.06707338015352 -47 20.813862140643998
      vertex -77.83155948031232 -47 20.442751616976345
    endloop
  endfacet
  facet normal 0.5877852522924663 0 0.8090169943749524
    outer loop
      vertex -77.23098396412041 -43 19.803203650284736
      vertex -77.23098396412041 -47 19.803203650284736
      vertex -76.87539378242649 -47 19.54485226074295
    endloop
  endfacet
  facet normal 0.5877852522924663 7.965520263587192e-19 0.8090169943749524
    outer loop
      vertex -77.23098396412041 -43 19.803203650284736
      vertex -76.87539378242649 -47 19.54485226074295
      vertex -76.87539378242649 -43 19.54485226074295
    endloop
  endfacet
  facet normal 0.9048270524660171 3.1108588810845454e-18 0.4257792915650779
    outer loop
      vertex -78.25421770060888 -43 21.21156406560363
      vertex -78.06707338015352 -47 20.813862140643998
      vertex -78.06707338015352 -43 20.813862140643998
    endloop
  endfacet
  facet normal 0.9822872507286883 -5.330013571644659e-20 0.18738131458572663
    outer loop
      vertex -78.47240145460067 -43 22.061333682524936
      vertex -78.3900410639502 -47 21.62958539492301
      vertex -78.3900410639502 -43 21.62958539492301
    endloop
  endfacet
  facet normal 0.9510565162951523 1.919021300467963e-18 0.30901699437495134
    outer loop
      vertex -78.3900410639502 -43 21.62958539492301
      vertex -78.25421770060888 -47 21.21156406560363
      vertex -78.25421770060888 -43 21.21156406560363
    endloop
  endfacet
  facet normal 0.7705132427757896 2.806513826381015e-18 0.6374239897486893
    outer loop
      vertex -77.83155948031232 -43 20.442751616976345
      vertex -77.55139019597495 -47 20.10408512924959
      vertex -77.55139019597495 -43 20.10408512924959
    endloop
  endfacet
  facet normal 0.8443279255020278 1.661464499013926e-19 0.5358267949789765
    outer loop
      vertex -78.06707338015352 -43 20.813862140643998
      vertex -77.83155948031232 -47 20.442751616976345
      vertex -77.83155948031232 -43 20.442751616976345
    endloop
  endfacet
  facet normal 0.6845471059286824 6.802999948227927e-19 0.7289686274214174
    outer loop
      vertex -77.55139019597495 -43 20.10408512924959
      vertex -77.23098396412041 -47 19.803203650284736
      vertex -77.23098396412041 -43 19.803203650284736
    endloop
  endfacet
  facet normal 0.36812455268468075 0 0.9297764858882502
    outer loop
      vertex -76.49022752047776 -43 19.333105316368933
      vertex -76.49022752047776 -47 19.333105316368933
      vertex -76.08155948031232 -47 19.171302192966962
    endloop
  endfacet
  facet normal 0.24868988716484963 0 0.9685831611286324
    outer loop
      vertex -76.08155948031232 -43 19.171302192966962
      vertex -76.08155948031232 -47 19.171302192966962
      vertex -75.65583460105003 -47 19.06199462244959
    endloop
  endfacet
  facet normal 0.12533323356430595 0 0.9921147013144777
    outer loop
      vertex -75.65583460105003 -43 19.06199462244959
      vertex -75.65583460105003 -47 19.06199462244959
      vertex -75.2197668183526 -47 19.00690645050105
    endloop
  endfacet
  facet normal 0 0 1
    outer loop
      vertex -75.2197668183526 -43 19.00690645050105
      vertex -75.2197668183526 -47 19.00690645050105
      vertex -74.7802331816474 -47 19.00690645050105
    endloop
  endfacet
  facet normal -0.12533323356430595 0 0.9921147013144777
    outer loop
      vertex -74.7802331816474 -43 19.00690645050105
      vertex -74.7802331816474 -47 19.00690645050105
      vertex -74.34416539894997 -47 19.06199462244959
    endloop
  endfacet
  facet normal -0.24868988716484963 0 0.9685831611286324
    outer loop
      vertex -74.34416539894997 -43 19.06199462244959
      vertex -74.34416539894997 -47 19.06199462244959
      vertex -73.91844051968768 -47 19.171302192966962
    endloop
  endfacet
  facet normal 0.4817536741017256 2.3208269736272717e-18 0.8763066800438579
    outer loop
      vertex -76.87539378242649 -43 19.54485226074295
      vertex -76.49022752047776 -47 19.333105316368933
      vertex -76.49022752047776 -43 19.333105316368933
    endloop
  endfacet
  facet normal 0.36812455268468075 7.82482930047637e-19 0.9297764858882502
    outer loop
      vertex -76.49022752047776 -43 19.333105316368933
      vertex -76.08155948031232 -47 19.171302192966962
      vertex -76.08155948031232 -43 19.171302192966962
    endloop
  endfacet
  facet normal 0.24868988716484963 -1.512067896106658e-18 0.9685831611286324
    outer loop
      vertex -76.08155948031232 -43 19.171302192966962
      vertex -75.65583460105003 -47 19.06199462244959
      vertex -75.65583460105003 -43 19.06199462244959
    endloop
  endfacet
  facet normal 0.12533323356430595 1.865168557867373e-19 0.9921147013144777
    outer loop
      vertex -75.65583460105003 -43 19.06199462244959
      vertex -75.2197668183526 -47 19.00690645050105
      vertex -75.2197668183526 -43 19.00690645050105
    endloop
  endfacet
  facet normal 0 0 1
    outer loop
      vertex -75.2197668183526 -43 19.00690645050105
      vertex -74.7802331816474 -47 19.00690645050105
      vertex -74.7802331816474 -43 19.00690645050105
    endloop
  endfacet
  facet normal -0.12533323356430595 -1.865168557867373e-19 0.9921147013144777
    outer loop
      vertex -74.7802331816474 -43 19.00690645050105
      vertex -74.34416539894997 -47 19.06199462244959
      vertex -74.34416539894997 -43 19.06199462244959
    endloop
  endfacet
  facet normal -0.24868988716484963 0 0.9685831611286324
    outer loop
      vertex -73.91844051968768 -43 19.171302192966962
      vertex -74.34416539894997 -43 19.06199462244959
      vertex -73.91844051968768 -47 19.171302192966962
    endloop
  endfacet
  facet normal 0.9822872507286883 0 0.18738131458572663
    outer loop
      vertex -78.47240145460067 -43 22.061333682524936
      vertex -78.47240145460067 -47 22.061333682524936
      vertex -78.3900410639502 -47 21.62958539492301
    endloop
  endfacet
  facet normal 0.9980267284282714 0 0.06279051952931572
    outer loop
      vertex -78.5 -43 22.5
      vertex -78.5 -47 22.5
      vertex -78.47240145460067 -47 22.061333682524936
    endloop
  endfacet
  facet normal 0.9980267284282714 0 -0.06279051952931572
    outer loop
      vertex -78.47240145460067 -43 22.938666317475064
      vertex -78.47240145460067 -47 22.938666317475064
      vertex -78.5 -47 22.5
    endloop
  endfacet
  facet normal 0.9822872507286883 0 -0.18738131458572663
    outer loop
      vertex -78.3900410639502 -43 23.37041460507699
      vertex -78.3900410639502 -47 23.37041460507699
      vertex -78.47240145460067 -47 22.938666317475064
    endloop
  endfacet
  facet normal 0.9510565162951523 0 -0.30901699437495134
    outer loop
      vertex -78.25421770060888 -43 23.78843593439637
      vertex -78.25421770060888 -47 23.78843593439637
      vertex -78.3900410639502 -47 23.37041460507699
    endloop
  endfacet
  facet normal 0.9048270524660171 0 -0.4257792915650779
    outer loop
      vertex -78.06707338015352 -43 24.186137859356002
      vertex -78.06707338015352 -47 24.186137859356002
      vertex -78.25421770060888 -47 23.78843593439637
    endloop
  endfacet
  facet normal 0.8443279255020278 0 -0.5358267949789765
    outer loop
      vertex -77.83155948031232 -43 24.557248383023655
      vertex -77.83155948031232 -47 24.557248383023655
      vertex -78.06707338015352 -47 24.186137859356002
    endloop
  endfacet
  facet normal 0.7705132427757896 0 -0.6374239897486893
    outer loop
      vertex -77.55139019597495 -43 24.89591487075041
      vertex -77.55139019597495 -47 24.89591487075041
      vertex -77.83155948031232 -47 24.557248383023655
    endloop
  endfacet
  facet normal 0.6845471059286824 0 -0.7289686274214174
    outer loop
      vertex -77.23098396412041 -43 25.196796349715264
      vertex -77.23098396412041 -47 25.196796349715264
      vertex -77.55139019597495 -47 24.89591487075041
    endloop
  endfacet
  facet normal 0.5877852522924663 0 -0.8090169943749524
    outer loop
      vertex -76.87539378242649 -43 25.45514773925705
      vertex -76.87539378242649 -47 25.45514773925705
      vertex -77.23098396412041 -47 25.196796349715264
    endloop
  endfacet
  facet normal 0.9980267284282714 3.9367690717590034e-19 0.06279051952931572
    outer loop
      vertex -78.5 -43 22.5
      vertex -78.47240145460067 -47 22.061333682524936
      vertex -78.47240145460067 -43 22.061333682524936
    endloop
  endfacet
  facet normal 0.9980267284282714 -3.9367690717590034e-19 -0.06279051952931572
    outer loop
      vertex -78.47240145460067 -43 22.938666317475064
      vertex -78.5 -47 22.5
      vertex -78.5 -43 22.5
    endloop
  endfacet
  facet normal 0.9822872507286883 5.330013571644659e-20 -0.18738131458572663
    outer loop
      vertex -78.3900410639502 -43 23.37041460507699
      vertex -78.47240145460067 -47 22.938666317475064
      vertex -78.47240145460067 -43 22.938666317475064
    endloop
  endfacet
  facet normal 0.9510565162951523 -1.919021300467963e-18 -0.30901699437495134
    outer loop
      vertex -78.25421770060888 -43 23.78843593439637
      vertex -78.3900410639502 -47 23.37041460507699
      vertex -78.3900410639502 -43 23.37041460507699
    endloop
  endfacet
  facet normal 0.9048270524660171 -3.1108588810845454e-18 -0.4257792915650779
    outer loop
      vertex -78.06707338015352 -43 24.186137859356002
      vertex -78.25421770060888 -47 23.78843593439637
      vertex -78.25421770060888 -43 23.78843593439637
    endloop
  endfacet
  facet normal 0.8443279255020278 0 -0.5358267949789765
    outer loop
      vertex -78.06707338015352 -43 24.186137859356002
      vertex -77.83155948031232 -43 24.557248383023655
      vertex -78.06707338015352 -47 24.186137859356002
    endloop
  endfacet
  facet normal 0.7705132427757896 -2.806513826381015e-18 -0.6374239897486893
    outer loop
      vertex -77.55139019597495 -43 24.89591487075041
      vertex -77.83155948031232 -47 24.557248383023655
      vertex -77.83155948031232 -43 24.557248383023655
    endloop
  endfacet
  facet normal 0.6845471059286824 -6.802999948227927e-19 -0.7289686274214174
    outer loop
      vertex -77.23098396412041 -43 25.196796349715264
      vertex -77.55139019597495 -47 24.89591487075041
      vertex -77.55139019597495 -43 24.89591487075041
    endloop
  endfacet
  facet normal 0.5877852522924663 0 -0.8090169943749524
    outer loop
      vertex -77.23098396412041 -43 25.196796349715264
      vertex -76.87539378242649 -43 25.45514773925705
      vertex -77.23098396412041 -47 25.196796349715264
    endloop
  endfacet
  facet normal 0.4817536741017256 0 -0.8763066800438579
    outer loop
      vertex -76.87539378242649 -43 25.45514773925705
      vertex -76.49022752047776 -43 25.666894683631067
      vertex -76.87539378242649 -47 25.45514773925705
    endloop
  endfacet
  facet normal 0.4817536741017256 0 -0.8763066800438579
    outer loop
      vertex -76.49022752047776 -43 25.666894683631067
      vertex -76.49022752047776 -47 25.666894683631067
      vertex -76.87539378242649 -47 25.45514773925705
    endloop
  endfacet
  facet normal 0.36812455268468075 0 -0.9297764858882502
    outer loop
      vertex -76.08155948031232 -43 25.828697807033038
      vertex -76.08155948031232 -47 25.828697807033038
      vertex -76.49022752047776 -47 25.666894683631067
    endloop
  endfacet
  facet normal 0.24868988716484963 0 -0.9685831611286324
    outer loop
      vertex -75.65583460105003 -43 25.93800537755041
      vertex -75.65583460105003 -47 25.93800537755041
      vertex -76.08155948031232 -47 25.828697807033038
    endloop
  endfacet
  facet normal 0.12533323356430595 0 -0.9921147013144777
    outer loop
      vertex -75.2197668183526 -43 25.99309354949895
      vertex -75.2197668183526 -47 25.99309354949895
      vertex -75.65583460105003 -47 25.93800537755041
    endloop
  endfacet
  facet normal 0 0 -1
    outer loop
      vertex -74.7802331816474 -43 25.99309354949895
      vertex -74.7802331816474 -47 25.99309354949895
      vertex -75.2197668183526 -47 25.99309354949895
    endloop
  endfacet
  facet normal -0.12533323356430595 0 -0.9921147013144777
    outer loop
      vertex -74.34416539894997 -43 25.93800537755041
      vertex -74.34416539894997 -47 25.93800537755041
      vertex -74.7802331816474 -47 25.99309354949895
    endloop
  endfacet
  facet normal -0.24868988716484963 0 -0.9685831611286324
    outer loop
      vertex -73.91844051968768 -43 25.828697807033038
      vertex -73.91844051968768 -47 25.828697807033038
      vertex -74.34416539894997 -47 25.93800537755041
    endloop
  endfacet
  facet normal 0.36812455268468075 -7.82482930047637e-19 -0.9297764858882502
    outer loop
      vertex -76.08155948031232 -43 25.828697807033038
      vertex -76.49022752047776 -47 25.666894683631067
      vertex -76.49022752047776 -43 25.666894683631067
    endloop
  endfacet
  facet normal 0.24868988716484963 0 -0.9685831611286324
    outer loop
      vertex -76.08155948031232 -43 25.828697807033038
      vertex -75.65583460105003 -43 25.93800537755041
      vertex -76.08155948031232 -47 25.828697807033038
    endloop
  endfacet
  facet normal 0.12533323356430595 0 -0.9921147013144777
    outer loop
      vertex -75.65583460105003 -43 25.93800537755041
      vertex -75.2197668183526 -43 25.99309354949895
      vertex -75.65583460105003 -47 25.93800537755041
    endloop
  endfacet
  facet normal 0 0 -1
    outer loop
      vertex -75.2197668183526 -43 25.99309354949895
      vertex -74.7802331816474 -43 25.99309354949895
      vertex -75.2197668183526 -47 25.99309354949895
    endloop
  endfacet
  facet normal -0.12533323356430595 0 -0.9921147013144777
    outer loop
      vertex -74.7802331816474 -43 25.99309354949895
      vertex -74.34416539894997 -43 25.93800537755041
      vertex -74.7802331816474 -47 25.99309354949895
    endloop
  endfacet
  facet normal -0.24868988716484963 0 -0.9685831611286324
    outer loop
      vertex -74.34416539894997 -43 25.93800537755041
      vertex -73.91844051968768 -43 25.828697807033038
      vertex -74.34416539894997 -47 25.93800537755041
    endloop
  endfacet
  facet normal -0.36812455268468075 0 0.9297764858882502
    outer loop
      vertex -73.91844051968768 -43 19.171302192966962
      vertex -73.91844051968768 -47 19.171302192966962
      vertex -73.50977247952224 -47 19.333105316368933
    endloop
  endfacet
  facet normal -0.4817536741017256 0 0.8763066800438579
    outer loop
      vertex -73.50977247952224 -43 19.333105316368933
      vertex -73.50977247952224 -47 19.333105316368933
      vertex -73.12460621757351 -47 19.54485226074295
    endloop
  endfacet
  facet normal -0.5877852522924663 0 0.8090169943749524
    outer loop
      vertex -73.12460621757351 -43 19.54485226074295
      vertex -73.12460621757351 -47 19.54485226074295
      vertex -72.76901603587959 -47 19.803203650284736
    endloop
  endfacet
  facet normal -0.6845471059286824 0 0.7289686274214174
    outer loop
      vertex -72.76901603587959 -43 19.803203650284736
      vertex -72.76901603587959 -47 19.803203650284736
      vertex -72.44860980402505 -47 20.10408512924959
    endloop
  endfacet
  facet normal -0.7705132427757896 0 0.6374239897486893
    outer loop
      vertex -72.44860980402505 -43 20.10408512924959
      vertex -72.44860980402505 -47 20.10408512924959
      vertex -72.16844051968768 -47 20.442751616976345
    endloop
  endfacet
  facet normal -0.8443279255020278 0 0.5358267949789765
    outer loop
      vertex -72.16844051968768 -43 20.442751616976345
      vertex -72.16844051968768 -47 20.442751616976345
      vertex -71.93292661984648 -47 20.813862140643998
    endloop
  endfacet
  facet normal -0.9048270524660157 0 0.425779291565081
    outer loop
      vertex -71.93292661984648 -43 20.813862140643998
      vertex -71.93292661984648 -47 20.813862140643998
      vertex -71.74578229939112 -47 21.211564065603625
    endloop
  endfacet
  facet normal -0.9510565162951531 0 0.30901699437494895
    outer loop
      vertex -71.74578229939112 -43 21.211564065603625
      vertex -71.74578229939112 -47 21.211564065603625
      vertex -71.6099589360498 -47 21.62958539492301
    endloop
  endfacet
  facet normal -0.9822872507286883 0 0.18738131458572663
    outer loop
      vertex -71.6099589360498 -43 21.62958539492301
      vertex -71.6099589360498 -47 21.62958539492301
      vertex -71.52759854539933 -47 22.061333682524936
    endloop
  endfacet
  facet normal -0.36812455268468075 -7.82482930047637e-19 0.9297764858882502
    outer loop
      vertex -73.91844051968768 -43 19.171302192966962
      vertex -73.50977247952224 -47 19.333105316368933
      vertex -73.50977247952224 -43 19.333105316368933
    endloop
  endfacet
  facet normal -0.4817536741017256 -2.3208269736272717e-18 0.8763066800438579
    outer loop
      vertex -73.50977247952224 -43 19.333105316368933
      vertex -73.12460621757351 -47 19.54485226074295
      vertex -73.12460621757351 -43 19.54485226074295
    endloop
  endfacet
  facet normal -0.5877852522924663 0 0.8090169943749524
    outer loop
      vertex -72.76901603587959 -43 19.803203650284736
      vertex -73.12460621757351 -43 19.54485226074295
      vertex -72.76901603587959 -47 19.803203650284736
    endloop
  endfacet
  facet normal -0.6845471059286824 -6.802999948227927e-19 0.7289686274214174
    outer loop
      vertex -72.76901603587959 -43 19.803203650284736
      vertex -72.44860980402505 -47 20.10408512924959
      vertex -72.44860980402505 -43 20.10408512924959
    endloop
  endfacet
  facet normal -0.7705132427757896 0 0.6374239897486893
    outer loop
      vertex -72.16844051968768 -43 20.442751616976345
      vertex -72.44860980402505 -43 20.10408512924959
      vertex -72.16844051968768 -47 20.442751616976345
    endloop
  endfacet
  facet normal -0.8443279255020278 0 0.5358267949789765
    outer loop
      vertex -71.93292661984648 -43 20.813862140643998
      vertex -72.16844051968768 -43 20.442751616976345
      vertex -71.93292661984648 -47 20.813862140643998
    endloop
  endfacet
  facet normal -0.9048270524660157 -2.392126867202542e-18 0.425779291565081
    outer loop
      vertex -71.93292661984648 -43 20.813862140643998
      vertex -71.74578229939112 -47 21.211564065603625
      vertex -71.74578229939112 -43 21.211564065603625
    endloop
  endfacet
  facet normal -0.9510565162951531 0 0.30901699437494895
    outer loop
      vertex -71.6099589360498 -43 21.62958539492301
      vertex -71.74578229939112 -43 21.211564065603625
      vertex -71.6099589360498 -47 21.62958539492301
    endloop
  endfacet
  facet normal -0.9980267284282714 0 0.06279051952931572
    outer loop
      vertex -71.52759854539933 -43 22.061333682524936
      vertex -71.52759854539933 -47 22.061333682524936
      vertex -71.5 -47 22.5
    endloop
  endfacet
  facet normal -0.9980267284282714 0 -0.06279051952931572
    outer loop
      vertex -71.5 -43 22.5
      vertex -71.5 -47 22.5
      vertex -71.52759854539933 -47 22.938666317475064
    endloop
  endfacet
  facet normal -0.9048270524660157 0 -0.425779291565081
    outer loop
      vertex -71.74578229939112 -43 23.788435934396375
      vertex -71.74578229939112 -47 23.788435934396375
      vertex -71.93292661984648 -47 24.186137859356002
    endloop
  endfacet
  facet normal -0.9822872507286883 0 -0.18738131458572663
    outer loop
      vertex -71.52759854539933 -43 22.938666317475064
      vertex -71.52759854539933 -47 22.938666317475064
      vertex -71.6099589360498 -47 23.37041460507699
    endloop
  endfacet
  facet normal -0.9510565162951531 0 -0.30901699437494895
    outer loop
      vertex -71.6099589360498 -43 23.37041460507699
      vertex -71.6099589360498 -47 23.37041460507699
      vertex -71.74578229939112 -47 23.788435934396375
    endloop
  endfacet
  facet normal -0.6845471059286824 0 -0.7289686274214174
    outer loop
      vertex -72.44860980402505 -43 24.89591487075041
      vertex -72.44860980402505 -47 24.89591487075041
      vertex -72.76901603587959 -47 25.196796349715264
    endloop
  endfacet
  facet normal -0.4817536741017194 0 -0.8763066800438614
    outer loop
      vertex -73.12460621757351 -43 25.455147739257054
      vertex -73.12460621757351 -47 25.455147739257054
      vertex -73.50977247952224 -47 25.666894683631067
    endloop
  endfacet
  facet normal -0.36812455268468075 7.82482930047637e-19 -0.9297764858882502
    outer loop
      vertex -73.91844051968768 -47 25.828697807033038
      vertex -73.50977247952224 -43 25.666894683631067
      vertex -73.50977247952224 -47 25.666894683631067
    endloop
  endfacet
  facet normal -0.5877852522924716 0 -0.8090169943749486
    outer loop
      vertex -72.76901603587959 -43 25.196796349715264
      vertex -72.76901603587959 -47 25.196796349715264
      vertex -73.12460621757351 -47 25.455147739257054
    endloop
  endfacet
  facet normal -0.8443279255020278 0 -0.5358267949789765
    outer loop
      vertex -71.93292661984648 -43 24.186137859356002
      vertex -71.93292661984648 -47 24.186137859356002
      vertex -72.16844051968768 -47 24.557248383023655
    endloop
  endfacet
  facet normal -0.7705132427757896 0 -0.6374239897486893
    outer loop
      vertex -72.16844051968768 -43 24.557248383023655
      vertex -72.16844051968768 -47 24.557248383023655
      vertex -72.44860980402505 -47 24.89591487075041
    endloop
  endfacet
  facet normal -0.9822872507286883 0 0.18738131458572663
    outer loop
      vertex -71.52759854539933 -43 22.061333682524936
      vertex -71.6099589360498 -43 21.62958539492301
      vertex -71.52759854539933 -47 22.061333682524936
    endloop
  endfacet
  facet normal -0.9980267284282714 0 0.06279051952931572
    outer loop
      vertex -71.5 -43 22.5
      vertex -71.52759854539933 -43 22.061333682524936
      vertex -71.5 -47 22.5
    endloop
  endfacet
  facet normal -0.9980267284282714 0 -0.06279051952931572
    outer loop
      vertex -71.52759854539933 -43 22.938666317475064
      vertex -71.5 -43 22.5
      vertex -71.52759854539933 -47 22.938666317475064
    endloop
  endfacet
  facet normal -0.9048270524660157 0 -0.425779291565081
    outer loop
      vertex -71.93292661984648 -43 24.186137859356002
      vertex -71.74578229939112 -43 23.788435934396375
      vertex -71.93292661984648 -47 24.186137859356002
    endloop
  endfacet
  facet normal -0.9822872507286883 0 -0.18738131458572663
    outer loop
      vertex -71.6099589360498 -43 23.37041460507699
      vertex -71.52759854539933 -43 22.938666317475064
      vertex -71.6099589360498 -47 23.37041460507699
    endloop
  endfacet
  facet normal -0.9510565162951531 0 -0.30901699437494895
    outer loop
      vertex -71.74578229939112 -43 23.788435934396375
      vertex -71.6099589360498 -43 23.37041460507699
      vertex -71.74578229939112 -47 23.788435934396375
    endloop
  endfacet
  facet normal -0.6845471059286824 0 -0.7289686274214174
    outer loop
      vertex -72.76901603587959 -43 25.196796349715264
      vertex -72.44860980402505 -43 24.89591487075041
      vertex -72.76901603587959 -47 25.196796349715264
    endloop
  endfacet
  facet normal -0.4817536741017194 0 -0.8763066800438614
    outer loop
      vertex -73.50977247952224 -43 25.666894683631067
      vertex -73.12460621757351 -43 25.455147739257054
      vertex -73.50977247952224 -47 25.666894683631067
    endloop
  endfacet
  facet normal -0.36812455268468075 0 -0.9297764858882502
    outer loop
      vertex -73.91844051968768 -43 25.828697807033038
      vertex -73.50977247952224 -43 25.666894683631067
      vertex -73.91844051968768 -47 25.828697807033038
    endloop
  endfacet
  facet normal -0.5877852522924716 0 -0.8090169943749486
    outer loop
      vertex -73.12460621757351 -43 25.455147739257054
      vertex -72.76901603587959 -43 25.196796349715264
      vertex -73.12460621757351 -47 25.455147739257054
    endloop
  endfacet
  facet normal -0.8443279255020278 0 -0.5358267949789765
    outer loop
      vertex -72.16844051968768 -43 24.557248383023655
      vertex -71.93292661984648 -43 24.186137859356002
      vertex -72.16844051968768 -47 24.557248383023655
    endloop
  endfacet
  facet normal -0.7705132427757896 0 -0.6374239897486893
    outer loop
      vertex -72.44860980402505 -43 24.89591487075041
      vertex -72.16844051968768 -43 24.557248383023655
      vertex -72.44860980402505 -47 24.89591487075041
    endloop
  endfacet
  facet normal 0.48175367410171477 2.2605528172553716e-18 0.8763066800438638
    outer loop
      vertex -78.10779541087818 -50 17.602898032088312
      vertex -77.46951989107743 -50 17.252003095697088
      vertex -77.46951989107743 -47 17.252003095697088
    endloop
  endfacet
  facet normal 0.3681245526846772 0 0.9297764858882517
    outer loop
      vertex -76.7922985673747 -47 16.98387220548811
      vertex -77.46951989107743 -50 17.252003095697088
      vertex -76.7922985673747 -50 16.98387220548811
    endloop
  endfacet
  facet normal 0.48175367410171477 0 0.8763066800438638
    outer loop
      vertex -78.10779541087818 -47 17.602898032088312
      vertex -78.10779541087818 -50 17.602898032088312
      vertex -77.46951989107743 -47 17.252003095697088
    endloop
  endfacet
  facet normal 0.3681245526846772 0 0.9297764858882517
    outer loop
      vertex -77.46951989107743 -47 17.252003095697088
      vertex -77.46951989107743 -50 17.252003095697088
      vertex -76.7922985673747 -47 16.98387220548811
    endloop
  endfacet
  facet normal 0.2486898871648546 -5.592516987841349e-18 0.9685831611286313
    outer loop
      vertex -76.7922985673747 -50 16.98387220548811
      vertex -76.0868116245972 -50 16.802733945773607
      vertex -76.0868116245972 -47 16.802733945773607
    endloop
  endfacet
  facet normal 0.1253332335643075 0 0.9921147013144774
    outer loop
      vertex -75.36418501327002 -47 16.711444975116024
      vertex -76.0868116245972 -50 16.802733945773607
      vertex -75.36418501327002 -50 16.711444975116024
    endloop
  endfacet
  facet normal 0 0 1
    outer loop
      vertex -74.63581498672998 -47 16.711444975116024
      vertex -75.36418501327002 -50 16.711444975116024
      vertex -74.63581498672998 -50 16.711444975116024
    endloop
  endfacet
  facet normal -0.1253332335643075 0 0.9921147013144774
    outer loop
      vertex -73.9131883754028 -47 16.802733945773607
      vertex -74.63581498672998 -50 16.711444975116024
      vertex -73.9131883754028 -50 16.802733945773607
    endloop
  endfacet
  facet normal 0.2486898871648546 0 0.9685831611286313
    outer loop
      vertex -76.7922985673747 -47 16.98387220548811
      vertex -76.7922985673747 -50 16.98387220548811
      vertex -76.0868116245972 -47 16.802733945773607
    endloop
  endfacet
  facet normal 0.1253332335643075 0 0.9921147013144774
    outer loop
      vertex -76.0868116245972 -47 16.802733945773607
      vertex -76.0868116245972 -50 16.802733945773607
      vertex -75.36418501327002 -47 16.711444975116024
    endloop
  endfacet
  facet normal 0 -1 0
    outer loop
      vertex -78.10779541087818 -47 17.602898032088312
      vertex -77.46951989107743 -47 17.252003095697088
      vertex -72.53048010892257 -47 17.252003095697088
    endloop
  endfacet
  facet normal 0 -1 0
    outer loop
      vertex -76.7922985673747 -47 16.98387220548811
      vertex -76.0868116245972 -47 16.802733945773607
      vertex -73.9131883754028 -47 16.802733945773607
    endloop
  endfacet
  facet normal 0 -1 0
    outer loop
      vertex -76.0868116245972 -47 16.802733945773607
      vertex -75.36418501327002 -47 16.711444975116024
      vertex -74.63581498672998 -47 16.711444975116024
    endloop
  endfacet
  facet normal 0 -1 0
    outer loop
      vertex -77.46951989107743 -47 17.252003095697088
      vertex -76.7922985673747 -47 16.98387220548811
      vertex -73.2077014326253 -47 16.98387220548811
    endloop
  endfacet
  facet normal 0 0 1
    outer loop
      vertex -75.36418501327002 -47 16.711444975116024
      vertex -75.36418501327002 -50 16.711444975116024
      vertex -74.63581498672998 -47 16.711444975116024
    endloop
  endfacet
  facet normal -0.1253332335643075 0 0.9921147013144774
    outer loop
      vertex -74.63581498672998 -47 16.711444975116024
      vertex -74.63581498672998 -50 16.711444975116024
      vertex -73.9131883754028 -47 16.802733945773607
    endloop
  endfacet
  facet normal 0 -1 0
    outer loop
      vertex -76.0868116245972 -47 16.802733945773607
      vertex -74.63581498672998 -47 16.711444975116024
      vertex -73.9131883754028 -47 16.802733945773607
    endloop
  endfacet
  facet normal 0 -1 0
    outer loop
      vertex -76.7922985673747 -47 16.98387220548811
      vertex -73.9131883754028 -47 16.802733945773607
      vertex -73.2077014326253 -47 16.98387220548811
    endloop
  endfacet
  facet normal 0 -1 0
    outer loop
      vertex -77.46951989107743 -47 17.252003095697088
      vertex -73.2077014326253 -47 16.98387220548811
      vertex -72.53048010892257 -47 17.252003095697088
    endloop
  endfacet
  facet normal 0 -1 0
    outer loop
      vertex -78.10779541087818 -47 17.602898032088312
      vertex -72.53048010892257 -47 17.252003095697088
      vertex -71.89220458912182 -47 17.602898032088312
    endloop
  endfacet
  facet normal -0.2486898871648546 5.592516987841349e-18 0.9685831611286313
    outer loop
      vertex -73.9131883754028 -50 16.802733945773607
      vertex -73.2077014326253 -50 16.98387220548811
      vertex -73.2077014326253 -47 16.98387220548811
    endloop
  endfacet
  facet normal -0.3681245526846772 0 0.9297764858882517
    outer loop
      vertex -72.53048010892257 -47 17.252003095697088
      vertex -73.2077014326253 -50 16.98387220548811
      vertex -72.53048010892257 -50 17.252003095697088
    endloop
  endfacet
  facet normal -0.48175367410171477 0 0.8763066800438638
    outer loop
      vertex -71.89220458912182 -47 17.602898032088312
      vertex -72.53048010892257 -50 17.252003095697088
      vertex -71.89220458912182 -50 17.602898032088312
    endloop
  endfacet
  facet normal -0.2486898871648546 0 0.9685831611286313
    outer loop
      vertex -73.9131883754028 -47 16.802733945773607
      vertex -73.9131883754028 -50 16.802733945773607
      vertex -73.2077014326253 -47 16.98387220548811
    endloop
  endfacet
  facet normal -0.3681245526846772 0 0.9297764858882517
    outer loop
      vertex -73.2077014326253 -47 16.98387220548811
      vertex -73.2077014326253 -50 16.98387220548811
      vertex -72.53048010892257 -47 17.252003095697088
    endloop
  endfacet
  facet normal -0.48175367410171477 -2.2605528172553716e-18 0.8763066800438638
    outer loop
      vertex -71.89220458912182 -47 17.602898032088312
      vertex -72.53048010892257 -47 17.252003095697088
      vertex -72.53048010892257 -50 17.252003095697088
    endloop
  endfacet
  facet normal 0.8443279255020161 0 0.535826794978995
    outer loop
      vertex -79.69229856737469 -47 19.090845536703654
      vertex -80.0825787442544 -50 19.70582869021005
      vertex -79.69229856737469 -50 19.090845536703654
    endloop
  endfacet
  facet normal 0.9048270524660192 0 0.42577929156507344
    outer loop
      vertex -80.0825787442544 -47 19.70582869021005
      vertex -80.39270361815186 -50 20.36487759442887
      vertex -80.0825787442544 -50 19.70582869021005
    endloop
  endfacet
  facet normal 0.9510565162951514 0 0.309016994374954
    outer loop
      vertex -80.39270361815186 -47 20.36487759442887
      vertex -80.61778233454606 -50 21.057598654443844
      vertex -80.39270361815186 -50 20.36487759442887
    endloop
  endfacet
  facet normal 0.9822872507286913 0 0.1873813145857111
    outer loop
      vertex -80.61778233454606 -47 21.057598654443844
      vertex -80.75426526762396 -50 21.773067245327034
      vertex -80.61778233454606 -50 21.057598654443844
    endloop
  endfacet
  facet normal 0.7705132427757888 0 0.6374239897486904
    outer loop
      vertex -79.69229856737469 -47 19.090845536703654
      vertex -79.69229856737469 -50 19.090845536703654
      vertex -79.22801803904419 -47 18.52962678561361
    endloop
  endfacet
  facet normal 0.8443279255020161 0 0.535826794978995
    outer loop
      vertex -80.0825787442544 -47 19.70582869021005
      vertex -80.0825787442544 -50 19.70582869021005
      vertex -79.69229856737469 -47 19.090845536703654
    endloop
  endfacet
  facet normal 0.9048270524660192 0 0.42577929156507344
    outer loop
      vertex -80.39270361815186 -47 20.36487759442887
      vertex -80.39270361815186 -50 20.36487759442887
      vertex -80.0825787442544 -47 19.70582869021005
    endloop
  endfacet
  facet normal 0.9510565162951514 0 0.309016994374954
    outer loop
      vertex -80.61778233454606 -47 21.057598654443844
      vertex -80.61778233454606 -50 21.057598654443844
      vertex -80.39270361815186 -47 20.36487759442887
    endloop
  endfacet
  facet normal 0.9822872507286913 0 0.1873813145857111
    outer loop
      vertex -80.75426526762396 -47 21.773067245327034
      vertex -80.75426526762396 -50 21.773067245327034
      vertex -80.61778233454606 -47 21.057598654443844
    endloop
  endfacet
  facet normal 0 -1 0
    outer loop
      vertex -80.61778233454606 -47 21.057598654443844
      vertex -80.39270361815186 -47 20.36487759442887
      vertex -78.06707338015352 -47 20.813862140643998
    endloop
  endfacet
  facet normal 0 -1 0
    outer loop
      vertex -80.75426526762396 -47 21.773067245327034
      vertex -80.61778233454606 -47 21.057598654443844
      vertex -78.25421770060888 -47 21.21156406560363
    endloop
  endfacet
  facet normal 0.9980267284282712 1.1330560747418455e-19 0.06279051952931947
    outer loop
      vertex -80.8 -50 22.5
      vertex -80.75426526762396 -50 21.773067245327034
      vertex -80.75426526762396 -47 21.773067245327034
    endloop
  endfacet
  facet normal 0.9980267284282712 0 -0.06279051952931947
    outer loop
      vertex -80.8 -47 22.5
      vertex -80.75426526762396 -50 23.226932754672966
      vertex -80.8 -50 22.5
    endloop
  endfacet
  facet normal 0.9822872507286913 0 -0.1873813145857111
    outer loop
      vertex -80.75426526762396 -47 23.226932754672966
      vertex -80.61778233454606 -50 23.942401345556156
      vertex -80.75426526762396 -50 23.226932754672966
    endloop
  endfacet
  facet normal 0.9510565162951514 0 -0.309016994374954
    outer loop
      vertex -80.61778233454606 -47 23.942401345556156
      vertex -80.39270361815186 -50 24.63512240557113
      vertex -80.61778233454606 -50 23.942401345556156
    endloop
  endfacet
  facet normal 0.9048270524660192 0 -0.42577929156507344
    outer loop
      vertex -80.39270361815186 -47 24.63512240557113
      vertex -80.0825787442544 -50 25.29417130978995
      vertex -80.39270361815186 -50 24.63512240557113
    endloop
  endfacet
  facet normal 0.8443279255020161 0 -0.535826794978995
    outer loop
      vertex -80.0825787442544 -47 25.29417130978995
      vertex -79.69229856737469 -50 25.909154463296346
      vertex -80.0825787442544 -50 25.29417130978995
    endloop
  endfacet
  facet normal 0.7705132427757888 -7.16606480416438e-18 -0.6374239897486904
    outer loop
      vertex -79.22801803904419 -50 26.47037321438639
      vertex -79.69229856737469 -50 25.909154463296346
      vertex -79.69229856737469 -47 25.909154463296346
    endloop
  endfacet
  facet normal 0.9980267284282712 0 0.06279051952931947
    outer loop
      vertex -80.8 -47 22.5
      vertex -80.8 -50 22.5
      vertex -80.75426526762396 -47 21.773067245327034
    endloop
  endfacet
  facet normal 0.9980267284282712 0 -0.06279051952931947
    outer loop
      vertex -80.75426526762396 -47 23.226932754672966
      vertex -80.75426526762396 -50 23.226932754672966
      vertex -80.8 -47 22.5
    endloop
  endfacet
  facet normal 0.9822872507286913 0 -0.1873813145857111
    outer loop
      vertex -80.61778233454606 -47 23.942401345556156
      vertex -80.61778233454606 -50 23.942401345556156
      vertex -80.75426526762396 -47 23.226932754672966
    endloop
  endfacet
  facet normal 0 -1 0
    outer loop
      vertex -80.8 -47 22.5
      vertex -80.75426526762396 -47 21.773067245327034
      vertex -78.47240145460067 -47 22.061333682524936
    endloop
  endfacet
  facet normal 0 -1 0
    outer loop
      vertex -80.75426526762396 -47 23.226932754672966
      vertex -80.8 -47 22.5
      vertex -78.5 -47 22.5
    endloop
  endfacet
  facet normal 0 -1 0
    outer loop
      vertex -80.61778233454606 -47 23.942401345556156
      vertex -80.75426526762396 -47 23.226932754672966
      vertex -78.47240145460067 -47 22.938666317475064
    endloop
  endfacet
  facet normal 0.9510565162951514 0 -0.309016994374954
    outer loop
      vertex -80.39270361815186 -47 24.63512240557113
      vertex -80.39270361815186 -50 24.63512240557113
      vertex -80.61778233454606 -47 23.942401345556156
    endloop
  endfacet
  facet normal 0.9048270524660192 0 -0.42577929156507344
    outer loop
      vertex -80.0825787442544 -47 25.29417130978995
      vertex -80.0825787442544 -50 25.29417130978995
      vertex -80.39270361815186 -47 24.63512240557113
    endloop
  endfacet
  facet normal 0.8443279255020161 0 -0.535826794978995
    outer loop
      vertex -79.69229856737469 -47 25.909154463296346
      vertex -79.69229856737469 -50 25.909154463296346
      vertex -80.0825787442544 -47 25.29417130978995
    endloop
  endfacet
  facet normal 0 -1 0
    outer loop
      vertex -80.39270361815186 -47 24.63512240557113
      vertex -80.61778233454606 -47 23.942401345556156
      vertex -78.25421770060888 -47 23.78843593439637
    endloop
  endfacet
  facet normal 0.6845471059286846 0 0.7289686274214154
    outer loop
      vertex -78.6970591405424 -47 18.031023191900424
      vertex -79.22801803904419 -50 18.52962678561361
      vertex -78.6970591405424 -50 18.031023191900424
    endloop
  endfacet
  facet normal 0.5877852522924807 0 0.809016994374942
    outer loop
      vertex -78.10779541087818 -47 17.602898032088312
      vertex -78.6970591405424 -50 18.031023191900424
      vertex -78.10779541087818 -50 17.602898032088312
    endloop
  endfacet
  facet normal 0.7705132427757888 7.16606480416438e-18 0.6374239897486904
    outer loop
      vertex -79.69229856737469 -50 19.090845536703654
      vertex -79.22801803904419 -50 18.52962678561361
      vertex -79.22801803904419 -47 18.52962678561361
    endloop
  endfacet
  facet normal 0.6845471059286846 0 0.7289686274214154
    outer loop
      vertex -79.22801803904419 -47 18.52962678561361
      vertex -79.22801803904419 -50 18.52962678561361
      vertex -78.6970591405424 -47 18.031023191900424
    endloop
  endfacet
  facet normal 0.5877852522924807 0 0.809016994374942
    outer loop
      vertex -78.6970591405424 -47 18.031023191900424
      vertex -78.6970591405424 -50 18.031023191900424
      vertex -78.10779541087818 -47 17.602898032088312
    endloop
  endfacet
  facet normal 0 -1 0
    outer loop
      vertex -80.0825787442544 -47 19.70582869021005
      vertex -79.69229856737469 -47 19.090845536703654
      vertex -76.49022752047776 -47 19.333105316368933
    endloop
  endfacet
  facet normal 0 -1 0
    outer loop
      vertex -80.0825787442544 -47 19.70582869021005
      vertex -76.87539378242649 -47 19.54485226074295
      vertex -77.23098396412041 -47 19.803203650284736
    endloop
  endfacet
  facet normal 0 -1 0
    outer loop
      vertex -80.0825787442544 -47 19.70582869021005
      vertex -76.49022752047776 -47 19.333105316368933
      vertex -76.87539378242649 -47 19.54485226074295
    endloop
  endfacet
  facet normal 0 -1 0
    outer loop
      vertex -79.69229856737469 -47 19.090845536703654
      vertex -76.08155948031232 -47 19.171302192966962
      vertex -76.49022752047776 -47 19.333105316368933
    endloop
  endfacet
  facet normal 0 -1 0
    outer loop
      vertex -79.69229856737469 -47 19.090845536703654
      vertex -75.65583460105003 -47 19.06199462244959
      vertex -76.08155948031232 -47 19.171302192966962
    endloop
  endfacet
  facet normal 0 -1 0
    outer loop
      vertex -79.69229856737469 -47 19.090845536703654
      vertex -75.2197668183526 -47 19.00690645050105
      vertex -75.65583460105003 -47 19.06199462244959
    endloop
  endfacet
  facet normal 0 -1 0
    outer loop
      vertex -80.39270361815186 -47 20.36487759442887
      vertex -80.0825787442544 -47 19.70582869021005
      vertex -77.55139019597495 -47 20.10408512924959
    endloop
  endfacet
  facet normal 0 -1 0
    outer loop
      vertex -80.39270361815186 -47 20.36487759442887
      vertex -77.83155948031232 -47 20.442751616976345
      vertex -78.06707338015352 -47 20.813862140643998
    endloop
  endfacet
  facet normal 0 -1 0
    outer loop
      vertex -80.0825787442544 -47 19.70582869021005
      vertex -77.23098396412041 -47 19.803203650284736
      vertex -77.55139019597495 -47 20.10408512924959
    endloop
  endfacet
  facet normal 0 -1 0
    outer loop
      vertex -80.39270361815186 -47 20.36487759442887
      vertex -77.55139019597495 -47 20.10408512924959
      vertex -77.83155948031232 -47 20.442751616976345
    endloop
  endfacet
  facet normal 0 -1 0
    outer loop
      vertex -80.61778233454606 -47 21.057598654443844
      vertex -78.06707338015352 -47 20.813862140643998
      vertex -78.25421770060888 -47 21.21156406560363
    endloop
  endfacet
  facet normal 0 -1 0
    outer loop
      vertex -80.75426526762396 -47 21.773067245327034
      vertex -78.25421770060888 -47 21.21156406560363
      vertex -78.3900410639502 -47 21.62958539492301
    endloop
  endfacet
  facet normal 0 -1 0
    outer loop
      vertex -80.75426526762396 -47 21.773067245327034
      vertex -78.3900410639502 -47 21.62958539492301
      vertex -78.47240145460067 -47 22.061333682524936
    endloop
  endfacet
  facet normal 0 -1 0
    outer loop
      vertex -78.6970591405424 -47 18.031023191900424
      vertex -78.10779541087818 -47 17.602898032088312
      vertex -71.89220458912182 -47 17.602898032088312
    endloop
  endfacet
  facet normal 0 -1 0
    outer loop
      vertex -79.22801803904419 -47 18.52962678561361
      vertex -78.6970591405424 -47 18.031023191900424
      vertex -71.3029408594576 -47 18.031023191900424
    endloop
  endfacet
  facet normal 0 -1 0
    outer loop
      vertex -79.69229856737469 -47 19.090845536703654
      vertex -79.22801803904419 -47 18.52962678561361
      vertex -70.77198196095581 -47 18.529626785613605
    endloop
  endfacet
  facet normal 0 -1 0
    outer loop
      vertex -78.6970591405424 -47 18.031023191900424
      vertex -71.89220458912182 -47 17.602898032088312
      vertex -71.3029408594576 -47 18.031023191900424
    endloop
  endfacet
  facet normal 0 -1 0
    outer loop
      vertex -79.69229856737469 -47 19.090845536703654
      vertex -70.77198196095581 -47 18.529626785613605
      vertex -75.2197668183526 -47 19.00690645050105
    endloop
  endfacet
  facet normal 0 -1 0
    outer loop
      vertex -80.8 -47 22.5
      vertex -78.47240145460067 -47 22.061333682524936
      vertex -78.5 -47 22.5
    endloop
  endfacet
  facet normal 0 -1 0
    outer loop
      vertex -80.75426526762396 -47 23.226932754672966
      vertex -78.5 -47 22.5
      vertex -78.47240145460067 -47 22.938666317475064
    endloop
  endfacet
  facet normal 0 -1 0
    outer loop
      vertex -80.61778233454606 -47 23.942401345556156
      vertex -78.47240145460067 -47 22.938666317475064
      vertex -78.3900410639502 -47 23.37041460507699
    endloop
  endfacet
  facet normal 0 -1 0
    outer loop
      vertex -80.61778233454606 -47 23.942401345556156
      vertex -78.3900410639502 -47 23.37041460507699
      vertex -78.25421770060888 -47 23.78843593439637
    endloop
  endfacet
  facet normal 0 -1 0
    outer loop
      vertex -80.39270361815186 -47 24.63512240557113
      vertex -78.25421770060888 -47 23.78843593439637
      vertex -78.06707338015352 -47 24.186137859356002
    endloop
  endfacet
  facet normal 0 -1 0
    outer loop
      vertex -80.39270361815186 -47 24.63512240557113
      vertex -78.06707338015352 -47 24.186137859356002
      vertex -77.83155948031232 -47 24.557248383023655
    endloop
  endfacet
  facet normal 0 -1 0
    outer loop
      vertex -80.0825787442544 -47 25.29417130978995
      vertex -80.39270361815186 -47 24.63512240557113
      vertex -77.83155948031232 -47 24.557248383023655
    endloop
  endfacet
  facet normal 0 -1 0
    outer loop
      vertex -80.0825787442544 -47 25.29417130978995
      vertex -77.83155948031232 -47 24.557248383023655
      vertex -77.55139019597495 -47 24.89591487075041
    endloop
  endfacet
  facet normal 0 -1 0
    outer loop
      vertex -80.0825787442544 -47 25.29417130978995
      vertex -77.55139019597495 -47 24.89591487075041
      vertex -77.23098396412041 -47 25.196796349715264
    endloop
  endfacet
  facet normal 0 -1 0
    outer loop
      vertex -79.69229856737469 -47 25.909154463296346
      vertex -80.0825787442544 -47 25.29417130978995
      vertex -77.23098396412041 -47 25.196796349715264
    endloop
  endfacet
  facet normal 0 -1 0
    outer loop
      vertex -79.22801803904419 -47 26.47037321438639
      vertex -79.69229856737469 -47 25.909154463296346
      vertex -76.08155948031232 -47 25.828697807033038
    endloop
  endfacet
  facet normal 0 -1 0
    outer loop
      vertex -79.69229856737469 -47 25.909154463296346
      vertex -77.23098396412041 -47 25.196796349715264
      vertex -76.87539378242649 -47 25.45514773925705
    endloop
  endfacet
  facet normal 0 -1 0
    outer loop
      vertex -79.69229856737469 -47 25.909154463296346
      vertex -76.87539378242649 -47 25.45514773925705
      vertex -76.49022752047776 -47 25.666894683631067
    endloop
  endfacet
  facet normal 0 -1 0
    outer loop
      vertex -79.69229856737469 -47 25.909154463296346
      vertex -76.49022752047776 -47 25.666894683631067
      vertex -76.08155948031232 -47 25.828697807033038
    endloop
  endfacet
  facet normal 0 -1 0
    outer loop
      vertex -79.22801803904419 -47 26.47037321438639
      vertex -76.08155948031232 -47 25.828697807033038
      vertex -75.65583460105003 -47 25.93800537755041
    endloop
  endfacet
  facet normal 0 -1 0
    outer loop
      vertex -79.22801803904419 -47 26.47037321438639
      vertex -75.65583460105003 -47 25.93800537755041
      vertex -75.2197668183526 -47 25.99309354949895
    endloop
  endfacet
  facet normal 0 -1 0
    outer loop
      vertex -79.22801803904419 -47 26.47037321438639
      vertex -75.2197668183526 -47 25.99309354949895
      vertex -74.7802331816474 -47 25.99309354949895
    endloop
  endfacet
  facet normal 0 -1 0
    outer loop
      vertex -79.22801803904419 -47 26.47037321438639
      vertex -74.7802331816474 -47 25.99309354949895
      vertex -70.30770143262531 -47 25.909154463296346
    endloop
  endfacet
  facet normal 0.6845471059286846 0 -0.7289686274214154
    outer loop
      vertex -79.22801803904419 -47 26.47037321438639
      vertex -78.6970591405424 -50 26.968976808099576
      vertex -79.22801803904419 -50 26.47037321438639
    endloop
  endfacet
  facet normal 0.5877852522924807 0 -0.809016994374942
    outer loop
      vertex -78.6970591405424 -47 26.968976808099576
      vertex -78.10779541087818 -50 27.397101967911688
      vertex -78.6970591405424 -50 26.968976808099576
    endloop
  endfacet
  facet normal 0.48175367410171477 0 -0.8763066800438638
    outer loop
      vertex -78.10779541087818 -47 27.397101967911688
      vertex -77.46951989107743 -50 27.747996904302912
      vertex -78.10779541087818 -50 27.397101967911688
    endloop
  endfacet
  facet normal 0.3681245526846772 0 -0.9297764858882517
    outer loop
      vertex -77.46951989107743 -47 27.747996904302912
      vertex -76.7922985673747 -50 28.01612779451189
      vertex -77.46951989107743 -50 27.747996904302912
    endloop
  endfacet
  facet normal 0.7705132427757888 0 -0.6374239897486904
    outer loop
      vertex -79.22801803904419 -47 26.47037321438639
      vertex -79.22801803904419 -50 26.47037321438639
      vertex -79.69229856737469 -47 25.909154463296346
    endloop
  endfacet
  facet normal 0.6845471059286846 -1.2666614941839072e-17 -0.7289686274214154
    outer loop
      vertex -79.22801803904419 -47 26.47037321438639
      vertex -78.6970591405424 -47 26.968976808099576
      vertex -78.6970591405424 -50 26.968976808099576
    endloop
  endfacet
  facet normal 0.5877852522924807 0 -0.809016994374942
    outer loop
      vertex -78.10779541087818 -47 27.397101967911688
      vertex -78.10779541087818 -50 27.397101967911688
      vertex -78.6970591405424 -47 26.968976808099576
    endloop
  endfacet
  facet normal 0.48175367410171477 -2.2605528172553716e-18 -0.8763066800438638
    outer loop
      vertex -78.10779541087818 -47 27.397101967911688
      vertex -77.46951989107743 -47 27.747996904302912
      vertex -77.46951989107743 -50 27.747996904302912
    endloop
  endfacet
  facet normal 0.3681245526846772 -2.757649126557174e-18 -0.9297764858882517
    outer loop
      vertex -77.46951989107743 -47 27.747996904302912
      vertex -76.7922985673747 -47 28.01612779451189
      vertex -76.7922985673747 -50 28.01612779451189
    endloop
  endfacet
  facet normal 0.2486898871648546 0 -0.9685831611286313
    outer loop
      vertex -76.7922985673747 -47 28.01612779451189
      vertex -76.0868116245972 -50 28.197266054226393
      vertex -76.7922985673747 -50 28.01612779451189
    endloop
  endfacet
  facet normal 0.1253332335643075 0 -0.9921147013144774
    outer loop
      vertex -76.0868116245972 -47 28.197266054226393
      vertex -75.36418501327002 -50 28.288555024883976
      vertex -76.0868116245972 -50 28.197266054226393
    endloop
  endfacet
  facet normal 0 0 -1
    outer loop
      vertex -75.36418501327002 -47 28.288555024883976
      vertex -74.63581498672998 -50 28.288555024883976
      vertex -75.36418501327002 -50 28.288555024883976
    endloop
  endfacet
  facet normal -0.1253332335643075 0 -0.9921147013144774
    outer loop
      vertex -74.63581498672998 -47 28.288555024883976
      vertex -73.9131883754028 -50 28.197266054226393
      vertex -74.63581498672998 -50 28.288555024883976
    endloop
  endfacet
  facet normal 0.2486898871648546 5.592516987841349e-18 -0.9685831611286313
    outer loop
      vertex -76.7922985673747 -47 28.01612779451189
      vertex -76.0868116245972 -47 28.197266054226393
      vertex -76.0868116245972 -50 28.197266054226393
    endloop
  endfacet
  facet normal 0.1253332335643075 1.6801657904251358e-18 -0.9921147013144774
    outer loop
      vertex -76.0868116245972 -47 28.197266054226393
      vertex -75.36418501327002 -47 28.288555024883976
      vertex -75.36418501327002 -50 28.288555024883976
    endloop
  endfacet
  facet normal 0 -1 0
    outer loop
      vertex -79.22801803904419 -47 26.47037321438639
      vertex -70.77198196095581 -47 26.47037321438639
      vertex -78.6970591405424 -47 26.968976808099576
    endloop
  endfacet
  facet normal 0 -1 0
    outer loop
      vertex -78.10779541087818 -47 27.397101967911688
      vertex -78.6970591405424 -47 26.968976808099576
      vertex -71.30294085945759 -47 26.968976808099576
    endloop
  endfacet
  facet normal 0 -1 0
    outer loop
      vertex -78.10779541087818 -47 27.397101967911688
      vertex -71.89220458912182 -47 27.397101967911688
      vertex -77.46951989107743 -47 27.747996904302912
    endloop
  endfacet
  facet normal 0 -1 0
    outer loop
      vertex -77.46951989107743 -47 27.747996904302912
      vertex -72.53048010892257 -47 27.747996904302912
      vertex -76.7922985673747 -47 28.01612779451189
    endloop
  endfacet
  facet normal 0 -1 0
    outer loop
      vertex -76.7922985673747 -47 28.01612779451189
      vertex -73.2077014326253 -47 28.01612779451189
      vertex -76.0868116245972 -47 28.197266054226393
    endloop
  endfacet
  facet normal 0 0 -1
    outer loop
      vertex -75.36418501327002 -47 28.288555024883976
      vertex -74.63581498672998 -47 28.288555024883976
      vertex -74.63581498672998 -50 28.288555024883976
    endloop
  endfacet
  facet normal -0.1253332335643075 -1.6801657904251358e-18 -0.9921147013144774
    outer loop
      vertex -74.63581498672998 -47 28.288555024883976
      vertex -73.9131883754028 -47 28.197266054226393
      vertex -73.9131883754028 -50 28.197266054226393
    endloop
  endfacet
  facet normal 0 -1 0
    outer loop
      vertex -76.0868116245972 -47 28.197266054226393
      vertex -73.9131883754028 -47 28.197266054226393
      vertex -75.36418501327002 -47 28.288555024883976
    endloop
  endfacet
  facet normal 0 -1 0
    outer loop
      vertex -75.36418501327002 -47 28.288555024883976
      vertex -73.9131883754028 -47 28.197266054226393
      vertex -74.63581498672998 -47 28.288555024883976
    endloop
  endfacet
  facet normal 0 -1 0
    outer loop
      vertex -77.46951989107743 -47 27.747996904302912
      vertex -71.89220458912182 -47 27.397101967911688
      vertex -72.53048010892257 -47 27.747996904302912
    endloop
  endfacet
  facet normal 0 -1 0
    outer loop
      vertex -76.0868116245972 -47 28.197266054226393
      vertex -73.2077014326253 -47 28.01612779451189
      vertex -73.9131883754028 -47 28.197266054226393
    endloop
  endfacet
  facet normal 0 -1 0
    outer loop
      vertex -76.7922985673747 -47 28.01612779451189
      vertex -72.53048010892257 -47 27.747996904302912
      vertex -73.2077014326253 -47 28.01612779451189
    endloop
  endfacet
  facet normal -0.5877852522924807 0 0.809016994374942
    outer loop
      vertex -71.3029408594576 -47 18.031023191900424
      vertex -71.89220458912182 -50 17.602898032088312
      vertex -71.3029408594576 -50 18.031023191900424
    endloop
  endfacet
  facet normal 0 -1 0
    outer loop
      vertex -79.22801803904419 -47 18.52962678561361
      vertex -71.3029408594576 -47 18.031023191900424
      vertex -70.77198196095581 -47 18.529626785613605
    endloop
  endfacet
  facet normal 0 -1 0
    outer loop
      vertex -75.2197668183526 -47 19.00690645050105
      vertex -70.77198196095581 -47 18.529626785613605
      vertex -74.7802331816474 -47 19.00690645050105
    endloop
  endfacet
  facet normal 0 -1 0
    outer loop
      vertex -74.7802331816474 -47 19.00690645050105
      vertex -70.77198196095581 -47 18.529626785613605
      vertex -74.34416539894997 -47 19.06199462244959
    endloop
  endfacet
  facet normal 0 -1 0
    outer loop
      vertex -73.91844051968768 -47 19.171302192966962
      vertex -74.34416539894997 -47 19.06199462244959
      vertex -70.77198196095581 -47 18.529626785613605
    endloop
  endfacet
  facet normal 0 -1 0
    outer loop
      vertex -73.91844051968768 -47 19.171302192966962
      vertex -70.30770143262531 -47 19.090845536703654
      vertex -73.50977247952224 -47 19.333105316368933
    endloop
  endfacet
  facet normal -0.5877852522924807 0 0.809016994374942
    outer loop
      vertex -71.89220458912182 -47 17.602898032088312
      vertex -71.89220458912182 -50 17.602898032088312
      vertex -71.3029408594576 -47 18.031023191900424
    endloop
  endfacet
  facet normal -0.684547105928682 0 0.7289686274214178
    outer loop
      vertex -71.3029408594576 -47 18.031023191900424
      vertex -71.3029408594576 -50 18.031023191900424
      vertex -70.77198196095581 -47 18.529626785613605
    endloop
  endfacet
  facet normal 0 -1 0
    outer loop
      vertex -73.50977247952224 -47 19.333105316368933
      vertex -70.30770143262531 -47 19.090845536703654
      vertex -73.12460621757351 -47 19.54485226074295
    endloop
  endfacet
  facet normal 0 -1 0
    outer loop
      vertex -72.76901603587959 -47 19.803203650284736
      vertex -73.12460621757351 -47 19.54485226074295
      vertex -70.30770143262531 -47 19.090845536703654
    endloop
  endfacet
  facet normal 0 -1 0
    outer loop
      vertex -73.91844051968768 -47 19.171302192966962
      vertex -70.77198196095581 -47 18.529626785613605
      vertex -70.30770143262531 -47 19.090845536703654
    endloop
  endfacet
  facet normal 0 -1 0
    outer loop
      vertex -72.76901603587959 -47 19.803203650284736
      vertex -69.9174212557456 -47 19.70582869021005
      vertex -72.44860980402505 -47 20.10408512924959
    endloop
  endfacet
  facet normal 0 -1 0
    outer loop
      vertex -72.16844051968768 -47 20.442751616976345
      vertex -72.44860980402505 -47 20.10408512924959
      vertex -69.9174212557456 -47 19.70582869021005
    endloop
  endfacet
  facet normal 0 -1 0
    outer loop
      vertex -71.93292661984648 -47 20.813862140643998
      vertex -72.16844051968768 -47 20.442751616976345
      vertex -69.60729638184814 -47 20.36487759442887
    endloop
  endfacet
  facet normal -0.684547105928682 -1.2193320582785157e-17 0.7289686274214178
    outer loop
      vertex -71.3029408594576 -50 18.031023191900424
      vertex -70.77198196095581 -50 18.529626785613605
      vertex -70.77198196095581 -47 18.529626785613605
    endloop
  endfacet
  facet normal -0.7705132427757907 0 0.637423989748688
    outer loop
      vertex -70.30770143262531 -47 19.090845536703654
      vertex -70.77198196095581 -50 18.529626785613605
      vertex -70.30770143262531 -50 19.090845536703654
    endloop
  endfacet
  facet normal -0.8443279255020161 0 0.535826794978995
    outer loop
      vertex -69.9174212557456 -47 19.70582869021005
      vertex -70.30770143262531 -50 19.090845536703654
      vertex -69.9174212557456 -50 19.70582869021005
    endloop
  endfacet
  facet normal -0.9048270524660192 0 0.42577929156507344
    outer loop
      vertex -69.60729638184814 -47 20.36487759442887
      vertex -69.9174212557456 -50 19.70582869021005
      vertex -69.60729638184814 -50 20.36487759442887
    endloop
  endfacet
  facet normal -0.9510565162951514 0 0.309016994374954
    outer loop
      vertex -69.38221766545394 -47 21.057598654443844
      vertex -69.60729638184814 -50 20.36487759442887
      vertex -69.38221766545394 -50 21.057598654443844
    endloop
  endfacet
  facet normal -0.9822872507286913 0 0.1873813145857111
    outer loop
      vertex -69.24573473237604 -47 21.773067245327034
      vertex -69.38221766545394 -50 21.057598654443844
      vertex -69.24573473237604 -50 21.773067245327034
    endloop
  endfacet
  facet normal -0.7705132427757907 1.0971418732098792e-17 0.637423989748688
    outer loop
      vertex -70.30770143262531 -47 19.090845536703654
      vertex -70.77198196095581 -47 18.529626785613605
      vertex -70.77198196095581 -50 18.529626785613605
    endloop
  endfacet
  facet normal -0.8443279255020161 -2.2542169702869963e-18 0.535826794978995
    outer loop
      vertex -69.9174212557456 -47 19.70582869021005
      vertex -70.30770143262531 -47 19.090845536703654
      vertex -70.30770143262531 -50 19.090845536703654
    endloop
  endfacet
  facet normal 0 -1 0
    outer loop
      vertex -72.76901603587959 -47 19.803203650284736
      vertex -70.30770143262531 -47 19.090845536703654
      vertex -69.9174212557456 -47 19.70582869021005
    endloop
  endfacet
  facet normal -0.9048270524660192 0 0.42577929156507344
    outer loop
      vertex -69.9174212557456 -47 19.70582869021005
      vertex -69.9174212557456 -50 19.70582869021005
      vertex -69.60729638184814 -47 20.36487759442887
    endloop
  endfacet
  facet normal 0 -1 0
    outer loop
      vertex -72.16844051968768 -47 20.442751616976345
      vertex -69.9174212557456 -47 19.70582869021005
      vertex -69.60729638184814 -47 20.36487759442887
    endloop
  endfacet
  facet normal 0 -1 0
    outer loop
      vertex -71.93292661984648 -47 20.813862140643998
      vertex -69.60729638184814 -47 20.36487759442887
      vertex -71.74578229939112 -47 21.211564065603625
    endloop
  endfacet
  facet normal 0 -1 0
    outer loop
      vertex -71.6099589360498 -47 21.62958539492301
      vertex -71.74578229939112 -47 21.211564065603625
      vertex -69.38221766545394 -47 21.057598654443844
    endloop
  endfacet
  facet normal 0 -1 0
    outer loop
      vertex -71.52759854539933 -47 22.061333682524936
      vertex -71.6099589360498 -47 21.62958539492301
      vertex -69.38221766545394 -47 21.057598654443844
    endloop
  endfacet
  facet normal 0 -1 0
    outer loop
      vertex -71.74578229939112 -47 21.211564065603625
      vertex -69.60729638184814 -47 20.36487759442887
      vertex -69.38221766545394 -47 21.057598654443844
    endloop
  endfacet
  facet normal 0 -1 0
    outer loop
      vertex -71.52759854539933 -47 22.061333682524936
      vertex -69.38221766545394 -47 21.057598654443844
      vertex -69.24573473237604 -47 21.773067245327034
    endloop
  endfacet
  facet normal -0.9510565162951514 4.4386299882206916e-18 0.309016994374954
    outer loop
      vertex -69.38221766545394 -47 21.057598654443844
      vertex -69.60729638184814 -47 20.36487759442887
      vertex -69.60729638184814 -50 20.36487759442887
    endloop
  endfacet
  facet normal -0.9822872507286913 -3.0817138778279e-18 0.1873813145857111
    outer loop
      vertex -69.24573473237604 -47 21.773067245327034
      vertex -69.38221766545394 -47 21.057598654443844
      vertex -69.38221766545394 -50 21.057598654443844
    endloop
  endfacet
  facet normal 0 -1 0
    outer loop
      vertex -74.7802331816474 -47 25.99309354949895
      vertex -74.34416539894997 -47 25.93800537755041
      vertex -70.30770143262531 -47 25.909154463296346
    endloop
  endfacet
  facet normal 0 -1 0
    outer loop
      vertex -74.34416539894997 -47 25.93800537755041
      vertex -73.91844051968768 -47 25.828697807033038
      vertex -70.30770143262531 -47 25.909154463296346
    endloop
  endfacet
  facet normal 0 -1 0
    outer loop
      vertex -73.91844051968768 -47 25.828697807033038
      vertex -73.50977247952224 -47 25.666894683631067
      vertex -70.30770143262531 -47 25.909154463296346
    endloop
  endfacet
  facet normal 0 -1 0
    outer loop
      vertex -72.16844051968768 -47 24.557248383023655
      vertex -71.93292661984648 -47 24.186137859356002
      vertex -69.60729638184814 -47 24.635122405571135
    endloop
  endfacet
  facet normal 0 -1 0
    outer loop
      vertex -72.76901603587959 -47 25.196796349715264
      vertex -72.44860980402505 -47 24.89591487075041
      vertex -69.9174212557456 -47 25.29417130978995
    endloop
  endfacet
  facet normal 0 -1 0
    outer loop
      vertex -72.44860980402505 -47 24.89591487075041
      vertex -72.16844051968768 -47 24.557248383023655
      vertex -69.60729638184814 -47 24.635122405571135
    endloop
  endfacet
  facet normal 0 -1 0
    outer loop
      vertex -73.50977247952224 -47 25.666894683631067
      vertex -73.12460621757351 -47 25.455147739257054
      vertex -69.9174212557456 -47 25.29417130978995
    endloop
  endfacet
  facet normal 0 -1 0
    outer loop
      vertex -73.12460621757351 -47 25.455147739257054
      vertex -72.76901603587959 -47 25.196796349715264
      vertex -69.9174212557456 -47 25.29417130978995
    endloop
  endfacet
  facet normal 0 -1 0
    outer loop
      vertex -73.50977247952224 -47 25.666894683631067
      vertex -69.9174212557456 -47 25.29417130978995
      vertex -70.30770143262531 -47 25.909154463296346
    endloop
  endfacet
  facet normal -0.9980267284282712 0 0.06279051952931947
    outer loop
      vertex -69.2 -47 22.5
      vertex -69.24573473237604 -50 21.773067245327034
      vertex -69.2 -50 22.5
    endloop
  endfacet
  facet normal -0.9980267284282712 0 -0.06279051952931947
    outer loop
      vertex -69.24573473237604 -47 23.226932754672966
      vertex -69.2 -50 22.5
      vertex -69.24573473237604 -50 23.226932754672966
    endloop
  endfacet
  facet normal -0.9822872507286913 0 -0.1873813145857111
    outer loop
      vertex -69.38221766545394 -47 23.942401345556156
      vertex -69.24573473237604 -50 23.226932754672966
      vertex -69.38221766545394 -50 23.942401345556156
    endloop
  endfacet
  facet normal -0.9048270524660182 0 -0.42577929156507527
    outer loop
      vertex -69.9174212557456 -47 25.29417130978995
      vertex -69.60729638184814 -50 24.635122405571135
      vertex -69.9174212557456 -50 25.29417130978995
    endloop
  endfacet
  facet normal -0.8443279255020161 0 -0.535826794978995
    outer loop
      vertex -70.30770143262531 -47 25.909154463296346
      vertex -69.9174212557456 -50 25.29417130978995
      vertex -70.30770143262531 -50 25.909154463296346
    endloop
  endfacet
  facet normal -0.9510565162951518 0 -0.30901699437495256
    outer loop
      vertex -69.60729638184814 -47 24.635122405571135
      vertex -69.38221766545394 -50 23.942401345556156
      vertex -69.60729638184814 -50 24.635122405571135
    endloop
  endfacet
  facet normal 0 -1 0
    outer loop
      vertex -71.5 -47 22.5
      vertex -71.52759854539933 -47 22.061333682524936
      vertex -69.24573473237604 -47 21.773067245327034
    endloop
  endfacet
  facet normal 0 -1 0
    outer loop
      vertex -71.52759854539933 -47 22.938666317475064
      vertex -71.5 -47 22.5
      vertex -69.2 -47 22.5
    endloop
  endfacet
  facet normal 0 -1 0
    outer loop
      vertex -71.5 -47 22.5
      vertex -69.24573473237604 -47 21.773067245327034
      vertex -69.2 -47 22.5
    endloop
  endfacet
  facet normal 0 -1 0
    outer loop
      vertex -71.52759854539933 -47 22.938666317475064
      vertex -69.2 -47 22.5
      vertex -69.24573473237604 -47 23.226932754672966
    endloop
  endfacet
  facet normal 0 -1 0
    outer loop
      vertex -71.6099589360498 -47 23.37041460507699
      vertex -71.52759854539933 -47 22.938666317475064
      vertex -69.24573473237604 -47 23.226932754672966
    endloop
  endfacet
  facet normal 0 -1 0
    outer loop
      vertex -71.74578229939112 -47 23.788435934396375
      vertex -71.6099589360498 -47 23.37041460507699
      vertex -69.24573473237604 -47 23.226932754672966
    endloop
  endfacet
  facet normal 0 -1 0
    outer loop
      vertex -71.93292661984648 -47 24.186137859356002
      vertex -71.74578229939112 -47 23.788435934396375
      vertex -69.38221766545394 -47 23.942401345556156
    endloop
  endfacet
  facet normal 0 -1 0
    outer loop
      vertex -71.74578229939112 -47 23.788435934396375
      vertex -69.24573473237604 -47 23.226932754672966
      vertex -69.38221766545394 -47 23.942401345556156
    endloop
  endfacet
  facet normal -0.9980267284282712 -1.1330560747418455e-19 0.06279051952931947
    outer loop
      vertex -69.2 -47 22.5
      vertex -69.24573473237604 -47 21.773067245327034
      vertex -69.24573473237604 -50 21.773067245327034
    endloop
  endfacet
  facet normal -0.9980267284282712 1.1330560747418455e-19 -0.06279051952931947
    outer loop
      vertex -69.24573473237604 -47 23.226932754672966
      vertex -69.2 -47 22.5
      vertex -69.2 -50 22.5
    endloop
  endfacet
  facet normal -0.9822872507286913 3.0817138778279e-18 -0.1873813145857111
    outer loop
      vertex -69.38221766545394 -47 23.942401345556156
      vertex -69.24573473237604 -47 23.226932754672966
      vertex -69.24573473237604 -50 23.226932754672966
    endloop
  endfacet
  facet normal -0.7705132427757888 7.16606480416438e-18 -0.6374239897486904
    outer loop
      vertex -70.77198196095581 -47 26.47037321438639
      vertex -70.30770143262531 -47 25.909154463296346
      vertex -70.30770143262531 -50 25.909154463296346
    endloop
  endfacet
  facet normal -0.8443279255020161 2.2542169702869963e-18 -0.535826794978995
    outer loop
      vertex -70.30770143262531 -47 25.909154463296346
      vertex -69.9174212557456 -47 25.29417130978995
      vertex -69.9174212557456 -50 25.29417130978995
    endloop
  endfacet
  facet normal 0 -1 0
    outer loop
      vertex -72.44860980402505 -47 24.89591487075041
      vertex -69.60729638184814 -47 24.635122405571135
      vertex -69.9174212557456 -47 25.29417130978995
    endloop
  endfacet
  facet normal 0 -1 0
    outer loop
      vertex -71.93292661984648 -47 24.186137859356002
      vertex -69.38221766545394 -47 23.942401345556156
      vertex -69.60729638184814 -47 24.635122405571135
    endloop
  endfacet
  facet normal -0.9510565162951518 -2.026184792968012e-18 -0.30901699437495256
    outer loop
      vertex -69.60729638184814 -47 24.635122405571135
      vertex -69.38221766545394 -47 23.942401345556156
      vertex -69.38221766545394 -50 23.942401345556156
    endloop
  endfacet
  facet normal -0.9048270524660182 4.8975780882192764e-18 -0.42577929156507527
    outer loop
      vertex -69.9174212557456 -47 25.29417130978995
      vertex -69.60729638184814 -47 24.635122405571135
      vertex -69.60729638184814 -50 24.635122405571135
    endloop
  endfacet
  facet normal -0.2486898871648546 0 -0.9685831611286313
    outer loop
      vertex -73.9131883754028 -47 28.197266054226393
      vertex -73.2077014326253 -50 28.01612779451189
      vertex -73.9131883754028 -50 28.197266054226393
    endloop
  endfacet
  facet normal -0.3681245526846772 0 -0.9297764858882517
    outer loop
      vertex -73.2077014326253 -47 28.01612779451189
      vertex -72.53048010892257 -50 27.747996904302912
      vertex -73.2077014326253 -50 28.01612779451189
    endloop
  endfacet
  facet normal -0.5877852522924715 0 -0.8090169943749487
    outer loop
      vertex -71.89220458912182 -47 27.397101967911688
      vertex -71.30294085945759 -50 26.968976808099576
      vertex -71.89220458912182 -50 27.397101967911688
    endloop
  endfacet
  facet normal -0.6845471059286944 0 -0.7289686274214063
    outer loop
      vertex -71.30294085945759 -47 26.968976808099576
      vertex -70.77198196095581 -50 26.47037321438639
      vertex -71.30294085945759 -50 26.968976808099576
    endloop
  endfacet
  facet normal -0.48175367410171477 0 -0.8763066800438638
    outer loop
      vertex -72.53048010892257 -47 27.747996904302912
      vertex -71.89220458912182 -50 27.397101967911688
      vertex -72.53048010892257 -50 27.747996904302912
    endloop
  endfacet
  facet normal -0.2486898871648546 -5.592516987841349e-18 -0.9685831611286313
    outer loop
      vertex -73.9131883754028 -47 28.197266054226393
      vertex -73.2077014326253 -47 28.01612779451189
      vertex -73.2077014326253 -50 28.01612779451189
    endloop
  endfacet
  facet normal -0.3681245526846772 2.757649126557174e-18 -0.9297764858882517
    outer loop
      vertex -73.2077014326253 -47 28.01612779451189
      vertex -72.53048010892257 -47 27.747996904302912
      vertex -72.53048010892257 -50 27.747996904302912
    endloop
  endfacet
  facet normal 0 -1 0
    outer loop
      vertex -79.22801803904419 -47 26.47037321438639
      vertex -70.30770143262531 -47 25.909154463296346
      vertex -70.77198196095581 -47 26.47037321438639
    endloop
  endfacet
  facet normal 0 -1 0
    outer loop
      vertex -78.6970591405424 -47 26.968976808099576
      vertex -70.77198196095581 -47 26.47037321438639
      vertex -71.30294085945759 -47 26.968976808099576
    endloop
  endfacet
  facet normal 0 -1 0
    outer loop
      vertex -78.10779541087818 -47 27.397101967911688
      vertex -71.30294085945759 -47 26.968976808099576
      vertex -71.89220458912182 -47 27.397101967911688
    endloop
  endfacet
  facet normal -0.5877852522924715 5.1595744061801085e-18 -0.8090169943749487
    outer loop
      vertex -71.89220458912182 -47 27.397101967911688
      vertex -71.30294085945759 -47 26.968976808099576
      vertex -71.30294085945759 -50 26.968976808099576
    endloop
  endfacet
  facet normal -0.48175367410171477 2.2605528172553716e-18 -0.8763066800438638
    outer loop
      vertex -72.53048010892257 -47 27.747996904302912
      vertex -71.89220458912182 -47 27.397101967911688
      vertex -71.89220458912182 -50 27.397101967911688
    endloop
  endfacet
  facet normal -0.7705132427757888 0 -0.6374239897486904
    outer loop
      vertex -70.77198196095581 -47 26.47037321438639
      vertex -70.30770143262531 -50 25.909154463296346
      vertex -70.77198196095581 -50 26.47037321438639
    endloop
  endfacet
  facet normal -0.6845471059286944 3.585092207396704e-18 -0.7289686274214063
    outer loop
      vertex -71.30294085945759 -47 26.968976808099576
      vertex -70.77198196095581 -47 26.47037321438639
      vertex -70.77198196095581 -50 26.47037321438639
    endloop
  endfacet
  facet normal 0.48175367410171877 0 0.8763066800438617
    outer loop
      vertex -52.42539378242648 -43 19.54485226074295
      vertex -52.42539378242648 -47 19.54485226074295
      vertex -52.04022752047775 -47 19.333105316368933
    endloop
  endfacet
  facet normal 0.36812455268468075 0 0.9297764858882502
    outer loop
      vertex -52.04022752047775 -43 19.333105316368933
      vertex -52.04022752047775 -47 19.333105316368933
      vertex -51.63155948031231 -47 19.171302192966962
    endloop
  endfacet
  facet normal 0.8443279255020132 0 0.5358267949789995
    outer loop
      vertex -53.61707338015352 -43 20.813862140643998
      vertex -53.61707338015352 -47 20.813862140643998
      vertex -53.38155948031231 -47 20.442751616976345
    endloop
  endfacet
  facet normal 0.7705132427757896 0 0.6374239897486893
    outer loop
      vertex -53.38155948031231 -43 20.442751616976345
      vertex -53.38155948031231 -47 20.442751616976345
      vertex -53.101390195974936 -47 20.10408512924959
    endloop
  endfacet
  facet normal 0.9510565162951523 0 0.30901699437495134
    outer loop
      vertex -53.940041063950204 -43 21.62958539492301
      vertex -53.940041063950204 -47 21.62958539492301
      vertex -53.80421770060887 -47 21.21156406560363
    endloop
  endfacet
  facet normal 0.9048270524660234 0 0.4257792915650646
    outer loop
      vertex -53.80421770060887 -43 21.21156406560363
      vertex -53.80421770060887 -47 21.21156406560363
      vertex -53.61707338015352 -47 20.813862140643998
    endloop
  endfacet
  facet normal 0.6845471059286905 0 0.7289686274214098
    outer loop
      vertex -53.101390195974936 -43 20.10408512924959
      vertex -53.101390195974936 -47 20.10408512924959
      vertex -52.78098396412041 -47 19.803203650284736
    endloop
  endfacet
  facet normal 0.5877852522924663 0 0.8090169943749524
    outer loop
      vertex -52.78098396412041 -43 19.803203650284736
      vertex -52.78098396412041 -47 19.803203650284736
      vertex -52.42539378242648 -47 19.54485226074295
    endloop
  endfacet
  facet normal 0.5877852522924663 7.965520263587192e-19 0.8090169943749524
    outer loop
      vertex -52.78098396412041 -43 19.803203650284736
      vertex -52.42539378242648 -47 19.54485226074295
      vertex -52.42539378242648 -43 19.54485226074295
    endloop
  endfacet
  facet normal 0.48175367410171877 -9.505086644766596e-19 0.8763066800438617
    outer loop
      vertex -52.42539378242648 -43 19.54485226074295
      vertex -52.04022752047775 -47 19.333105316368933
      vertex -52.04022752047775 -43 19.333105316368933
    endloop
  endfacet
  facet normal 0.36812455268468075 7.82482930047637e-19 0.9297764858882502
    outer loop
      vertex -52.04022752047775 -43 19.333105316368933
      vertex -51.63155948031231 -47 19.171302192966962
      vertex -51.63155948031231 -43 19.171302192966962
    endloop
  endfacet
  facet normal 0.7705132427757896 2.806513826381015e-18 0.6374239897486893
    outer loop
      vertex -53.38155948031231 -43 20.442751616976345
      vertex -53.101390195974936 -47 20.10408512924959
      vertex -53.101390195974936 -43 20.10408512924959
    endloop
  endfacet
  facet normal 0.8443279255020132 3.056629507769211e-20 0.5358267949789995
    outer loop
      vertex -53.61707338015352 -43 20.813862140643998
      vertex -53.38155948031231 -47 20.442751616976345
      vertex -53.38155948031231 -43 20.442751616976345
    endloop
  endfacet
  facet normal 0.9510565162951523 1.919021300467963e-18 0.30901699437495134
    outer loop
      vertex -53.940041063950204 -43 21.62958539492301
      vertex -53.80421770060887 -47 21.21156406560363
      vertex -53.80421770060887 -43 21.21156406560363
    endloop
  endfacet
  facet normal 0.9822872507286883 -5.330013571644659e-20 0.18738131458572663
    outer loop
      vertex -54.02240145460067 -43 22.061333682524936
      vertex -53.940041063950204 -47 21.62958539492301
      vertex -53.940041063950204 -43 21.62958539492301
    endloop
  endfacet
  facet normal 0.9048270524660234 1.3806307039845478e-19 0.4257792915650646
    outer loop
      vertex -53.80421770060887 -43 21.21156406560363
      vertex -53.61707338015352 -47 20.813862140643998
      vertex -53.61707338015352 -43 20.813862140643998
    endloop
  endfacet
  facet normal 0.6845471059286905 1.0853711710789793e-18 0.7289686274214098
    outer loop
      vertex -53.101390195974936 -43 20.10408512924959
      vertex -52.78098396412041 -47 19.803203650284736
      vertex -52.78098396412041 -43 19.803203650284736
    endloop
  endfacet
  facet normal 0.9822872507286883 0 0.18738131458572663
    outer loop
      vertex -54.02240145460067 -43 22.061333682524936
      vertex -54.02240145460067 -47 22.061333682524936
      vertex -53.940041063950204 -47 21.62958539492301
    endloop
  endfacet
  facet normal 0.9980267284282714 0 0.06279051952931572
    outer loop
      vertex -54.05 -43 22.5
      vertex -54.05 -47 22.5
      vertex -54.02240145460067 -47 22.061333682524936
    endloop
  endfacet
  facet normal 0.9980267284282714 0 -0.06279051952931572
    outer loop
      vertex -54.02240145460067 -43 22.938666317475064
      vertex -54.02240145460067 -47 22.938666317475064
      vertex -54.05 -47 22.5
    endloop
  endfacet
  facet normal 0.9822872507286883 0 -0.18738131458572663
    outer loop
      vertex -53.940041063950204 -43 23.37041460507699
      vertex -53.940041063950204 -47 23.37041460507699
      vertex -54.02240145460067 -47 22.938666317475064
    endloop
  endfacet
  facet normal 0.9510565162951523 0 -0.30901699437495134
    outer loop
      vertex -53.80421770060887 -43 23.78843593439637
      vertex -53.80421770060887 -47 23.78843593439637
      vertex -53.940041063950204 -47 23.37041460507699
    endloop
  endfacet
  facet normal 0.9048270524660234 0 -0.4257792915650646
    outer loop
      vertex -53.61707338015352 -43 24.186137859356002
      vertex -53.61707338015352 -47 24.186137859356002
      vertex -53.80421770060887 -47 23.78843593439637
    endloop
  endfacet
  facet normal 0.8443279255020132 0 -0.5358267949789995
    outer loop
      vertex -53.38155948031231 -43 24.557248383023655
      vertex -53.38155948031231 -47 24.557248383023655
      vertex -53.61707338015352 -47 24.186137859356002
    endloop
  endfacet
  facet normal 0.7705132427757896 0 -0.6374239897486893
    outer loop
      vertex -53.101390195974936 -43 24.89591487075041
      vertex -53.101390195974936 -47 24.89591487075041
      vertex -53.38155948031231 -47 24.557248383023655
    endloop
  endfacet
  facet normal 0.6845471059286905 0 -0.7289686274214098
    outer loop
      vertex -52.78098396412041 -43 25.196796349715264
      vertex -52.78098396412041 -47 25.196796349715264
      vertex -53.101390195974936 -47 24.89591487075041
    endloop
  endfacet
  facet normal 0.5877852522924663 0 -0.8090169943749524
    outer loop
      vertex -52.42539378242648 -43 25.45514773925705
      vertex -52.42539378242648 -47 25.45514773925705
      vertex -52.78098396412041 -47 25.196796349715264
    endloop
  endfacet
  facet normal 0.48175367410171877 0 -0.8763066800438617
    outer loop
      vertex -52.04022752047775 -43 25.666894683631067
      vertex -52.04022752047775 -47 25.666894683631067
      vertex -52.42539378242648 -47 25.45514773925705
    endloop
  endfacet
  facet normal 0.36812455268468075 -7.82482930047637e-19 -0.9297764858882502
    outer loop
      vertex -52.04022752047775 -47 25.666894683631067
      vertex -51.63155948031231 -43 25.828697807033038
      vertex -51.63155948031231 -47 25.828697807033038
    endloop
  endfacet
  facet normal 0.9980267284282714 3.9367690717590034e-19 0.06279051952931572
    outer loop
      vertex -54.05 -43 22.5
      vertex -54.02240145460067 -47 22.061333682524936
      vertex -54.02240145460067 -43 22.061333682524936
    endloop
  endfacet
  facet normal 0.9980267284282714 -3.9367690717590034e-19 -0.06279051952931572
    outer loop
      vertex -54.02240145460067 -43 22.938666317475064
      vertex -54.05 -47 22.5
      vertex -54.05 -43 22.5
    endloop
  endfacet
  facet normal 0.9822872507286883 5.330013571644659e-20 -0.18738131458572663
    outer loop
      vertex -53.940041063950204 -43 23.37041460507699
      vertex -54.02240145460067 -47 22.938666317475064
      vertex -54.02240145460067 -43 22.938666317475064
    endloop
  endfacet
  facet normal 0.9510565162951523 -1.919021300467963e-18 -0.30901699437495134
    outer loop
      vertex -53.80421770060887 -43 23.78843593439637
      vertex -53.940041063950204 -47 23.37041460507699
      vertex -53.940041063950204 -43 23.37041460507699
    endloop
  endfacet
  facet normal 0.9048270524660234 -1.3806307039845478e-19 -0.4257792915650646
    outer loop
      vertex -53.61707338015352 -43 24.186137859356002
      vertex -53.80421770060887 -47 23.78843593439637
      vertex -53.80421770060887 -43 23.78843593439637
    endloop
  endfacet
  facet normal 0.8443279255020132 0 -0.5358267949789995
    outer loop
      vertex -53.61707338015352 -43 24.186137859356002
      vertex -53.38155948031231 -43 24.557248383023655
      vertex -53.61707338015352 -47 24.186137859356002
    endloop
  endfacet
  facet normal 0.7705132427757896 -2.806513826381015e-18 -0.6374239897486893
    outer loop
      vertex -53.101390195974936 -43 24.89591487075041
      vertex -53.38155948031231 -47 24.557248383023655
      vertex -53.38155948031231 -43 24.557248383023655
    endloop
  endfacet
  facet normal 0.6845471059286905 0 -0.7289686274214098
    outer loop
      vertex -53.101390195974936 -43 24.89591487075041
      vertex -52.78098396412041 -43 25.196796349715264
      vertex -53.101390195974936 -47 24.89591487075041
    endloop
  endfacet
  facet normal 0.5877852522924663 0 -0.8090169943749524
    outer loop
      vertex -52.78098396412041 -43 25.196796349715264
      vertex -52.42539378242648 -43 25.45514773925705
      vertex -52.78098396412041 -47 25.196796349715264
    endloop
  endfacet
  facet normal 0.48175367410171877 0 -0.8763066800438617
    outer loop
      vertex -52.42539378242648 -43 25.45514773925705
      vertex -52.04022752047775 -43 25.666894683631067
      vertex -52.42539378242648 -47 25.45514773925705
    endloop
  endfacet
  facet normal 0.36812455268468075 0 -0.9297764858882502
    outer loop
      vertex -52.04022752047775 -43 25.666894683631067
      vertex -51.63155948031231 -43 25.828697807033038
      vertex -52.04022752047775 -47 25.666894683631067
    endloop
  endfacet
  facet normal 0.2486898871648574 0 0.9685831611286304
    outer loop
      vertex -51.63155948031231 -43 19.171302192966962
      vertex -51.63155948031231 -47 19.171302192966962
      vertex -51.205834601050036 -47 19.06199462244959
    endloop
  endfacet
  facet normal 0.12533323356430393 0 0.9921147013144779
    outer loop
      vertex -51.205834601050036 -43 19.06199462244959
      vertex -51.205834601050036 -47 19.06199462244959
      vertex -50.76976681835259 -47 19.00690645050105
    endloop
  endfacet
  facet normal 0 0 1
    outer loop
      vertex -50.76976681835259 -43 19.00690645050105
      vertex -50.76976681835259 -47 19.00690645050105
      vertex -50.3302331816474 -47 19.00690645050105
    endloop
  endfacet
  facet normal -0.12533323356430393 0 0.9921147013144779
    outer loop
      vertex -50.3302331816474 -43 19.00690645050105
      vertex -50.3302331816474 -47 19.00690645050105
      vertex -49.89416539894996 -47 19.06199462244959
    endloop
  endfacet
  facet normal -0.2486898871648574 0 0.9685831611286304
    outer loop
      vertex -49.89416539894996 -43 19.06199462244959
      vertex -49.89416539894996 -47 19.06199462244959
      vertex -49.46844051968768 -47 19.171302192966962
    endloop
  endfacet
  facet normal -0.36812455268468075 0 0.9297764858882502
    outer loop
      vertex -49.46844051968768 -43 19.171302192966962
      vertex -49.46844051968768 -47 19.171302192966962
      vertex -49.059772479522245 -47 19.333105316368933
    endloop
  endfacet
  facet normal -0.48175367410171877 0 0.8763066800438617
    outer loop
      vertex -49.059772479522245 -43 19.333105316368933
      vertex -49.059772479522245 -47 19.333105316368933
      vertex -48.67460621757351 -47 19.54485226074295
    endloop
  endfacet
  facet normal 0.2486898871648574 1.889641793058374e-18 0.9685831611286304
    outer loop
      vertex -51.63155948031231 -43 19.171302192966962
      vertex -51.205834601050036 -47 19.06199462244959
      vertex -51.205834601050036 -43 19.06199462244959
    endloop
  endfacet
  facet normal 0.12533323356430393 5.405861893867019e-19 0.9921147013144779
    outer loop
      vertex -51.205834601050036 -43 19.06199462244959
      vertex -50.76976681835259 -47 19.00690645050105
      vertex -50.76976681835259 -43 19.00690645050105
    endloop
  endfacet
  facet normal 0 0 1
    outer loop
      vertex -50.76976681835259 -43 19.00690645050105
      vertex -50.3302331816474 -47 19.00690645050105
      vertex -50.3302331816474 -43 19.00690645050105
    endloop
  endfacet
  facet normal -0.12533323356430393 -5.405861893867019e-19 0.9921147013144779
    outer loop
      vertex -50.3302331816474 -43 19.00690645050105
      vertex -49.89416539894996 -47 19.06199462244959
      vertex -49.89416539894996 -43 19.06199462244959
    endloop
  endfacet
  facet normal -0.2486898871648574 -1.889641793058374e-18 0.9685831611286304
    outer loop
      vertex -49.89416539894996 -43 19.06199462244959
      vertex -49.46844051968768 -47 19.171302192966962
      vertex -49.46844051968768 -43 19.171302192966962
    endloop
  endfacet
  facet normal -0.36812455268468075 -7.82482930047637e-19 0.9297764858882502
    outer loop
      vertex -49.46844051968768 -43 19.171302192966962
      vertex -49.059772479522245 -47 19.333105316368933
      vertex -49.059772479522245 -43 19.333105316368933
    endloop
  endfacet
  facet normal -0.5877852522924663 0 0.8090169943749524
    outer loop
      vertex -48.67460621757351 -43 19.54485226074295
      vertex -48.67460621757351 -47 19.54485226074295
      vertex -48.319016035879585 -47 19.803203650284736
    endloop
  endfacet
  facet normal -0.6845471059286905 0 0.7289686274214098
    outer loop
      vertex -48.319016035879585 -43 19.803203650284736
      vertex -48.319016035879585 -47 19.803203650284736
      vertex -47.99860980402506 -47 20.10408512924959
    endloop
  endfacet
  facet normal -0.7705132427757896 0 0.6374239897486893
    outer loop
      vertex -47.99860980402506 -43 20.10408512924959
      vertex -47.99860980402506 -47 20.10408512924959
      vertex -47.71844051968768 -47 20.442751616976345
    endloop
  endfacet
  facet normal -0.8443279255020132 0 0.5358267949789995
    outer loop
      vertex -47.71844051968768 -43 20.442751616976345
      vertex -47.71844051968768 -47 20.442751616976345
      vertex -47.482926619846474 -47 20.813862140643998
    endloop
  endfacet
  facet normal -0.9048270524660218 0 0.4257792915650677
    outer loop
      vertex -47.482926619846474 -43 20.813862140643998
      vertex -47.482926619846474 -47 20.813862140643998
      vertex -47.29578229939112 -47 21.211564065603625
    endloop
  endfacet
  facet normal -0.9510565162951531 0 0.30901699437494895
    outer loop
      vertex -47.29578229939112 -43 21.211564065603625
      vertex -47.29578229939112 -47 21.211564065603625
      vertex -47.15995893604979 -47 21.62958539492301
    endloop
  endfacet
  facet normal -0.9822872507286883 0 0.18738131458572663
    outer loop
      vertex -47.15995893604979 -43 21.62958539492301
      vertex -47.15995893604979 -47 21.62958539492301
      vertex -47.077598545399326 -47 22.061333682524936
    endloop
  endfacet
  facet normal -0.48175367410171877 9.505086644766596e-19 0.8763066800438617
    outer loop
      vertex -49.059772479522245 -43 19.333105316368933
      vertex -48.67460621757351 -47 19.54485226074295
      vertex -48.67460621757351 -43 19.54485226074295
    endloop
  endfacet
  facet normal -0.5877852522924663 0 0.8090169943749524
    outer loop
      vertex -48.319016035879585 -43 19.803203650284736
      vertex -48.67460621757351 -43 19.54485226074295
      vertex -48.319016035879585 -47 19.803203650284736
    endloop
  endfacet
  facet normal -0.6845471059286905 -1.0853711710789793e-18 0.7289686274214098
    outer loop
      vertex -48.319016035879585 -43 19.803203650284736
      vertex -47.99860980402506 -47 20.10408512924959
      vertex -47.99860980402506 -43 20.10408512924959
    endloop
  endfacet
  facet normal -0.7705132427757896 0 0.6374239897486893
    outer loop
      vertex -47.71844051968768 -43 20.442751616976345
      vertex -47.99860980402506 -43 20.10408512924959
      vertex -47.71844051968768 -47 20.442751616976345
    endloop
  endfacet
  facet normal -0.8443279255020132 -3.056629507769211e-20 0.5358267949789995
    outer loop
      vertex -47.71844051968768 -43 20.442751616976345
      vertex -47.482926619846474 -47 20.813862140643998
      vertex -47.482926619846474 -43 20.813862140643998
    endloop
  endfacet
  facet normal -0.9048270524660218 0 0.4257792915650677
    outer loop
      vertex -47.29578229939112 -43 21.211564065603625
      vertex -47.482926619846474 -43 20.813862140643998
      vertex -47.29578229939112 -47 21.211564065603625
    endloop
  endfacet
  facet normal -0.9510565162951531 0 0.30901699437494895
    outer loop
      vertex -47.15995893604979 -43 21.62958539492301
      vertex -47.29578229939112 -43 21.211564065603625
      vertex -47.15995893604979 -47 21.62958539492301
    endloop
  endfacet
  facet normal 0.2486898871648574 0 -0.9685831611286304
    outer loop
      vertex -51.205834601050036 -43 25.93800537755041
      vertex -51.205834601050036 -47 25.93800537755041
      vertex -51.63155948031231 -47 25.828697807033038
    endloop
  endfacet
  facet normal 0.12533323356430393 0 -0.9921147013144779
    outer loop
      vertex -50.76976681835259 -43 25.99309354949895
      vertex -50.76976681835259 -47 25.99309354949895
      vertex -51.205834601050036 -47 25.93800537755041
    endloop
  endfacet
  facet normal 0 0 -1
    outer loop
      vertex -50.3302331816474 -43 25.99309354949895
      vertex -50.3302331816474 -47 25.99309354949895
      vertex -50.76976681835259 -47 25.99309354949895
    endloop
  endfacet
  facet normal -0.12533323356430393 0 -0.9921147013144779
    outer loop
      vertex -49.89416539894996 -43 25.93800537755041
      vertex -49.89416539894996 -47 25.93800537755041
      vertex -50.3302331816474 -47 25.99309354949895
    endloop
  endfacet
  facet normal -0.2486898871648574 0 -0.9685831611286304
    outer loop
      vertex -49.46844051968768 -43 25.828697807033038
      vertex -49.46844051968768 -47 25.828697807033038
      vertex -49.89416539894996 -47 25.93800537755041
    endloop
  endfacet
  facet normal -0.36812455268468075 0 -0.9297764858882502
    outer loop
      vertex -49.059772479522245 -43 25.666894683631067
      vertex -49.059772479522245 -47 25.666894683631067
      vertex -49.46844051968768 -47 25.828697807033038
    endloop
  endfacet
  facet normal 0.2486898871648574 0 -0.9685831611286304
    outer loop
      vertex -51.63155948031231 -43 25.828697807033038
      vertex -51.205834601050036 -43 25.93800537755041
      vertex -51.63155948031231 -47 25.828697807033038
    endloop
  endfacet
  facet normal 0.12533323356430393 0 -0.9921147013144779
    outer loop
      vertex -51.205834601050036 -43 25.93800537755041
      vertex -50.76976681835259 -43 25.99309354949895
      vertex -51.205834601050036 -47 25.93800537755041
    endloop
  endfacet
  facet normal 0 0 -1
    outer loop
      vertex -50.76976681835259 -43 25.99309354949895
      vertex -50.3302331816474 -43 25.99309354949895
      vertex -50.76976681835259 -47 25.99309354949895
    endloop
  endfacet
  facet normal -0.12533323356430393 0 -0.9921147013144779
    outer loop
      vertex -50.3302331816474 -43 25.99309354949895
      vertex -49.89416539894996 -43 25.93800537755041
      vertex -50.3302331816474 -47 25.99309354949895
    endloop
  endfacet
  facet normal -0.2486898871648574 0 -0.9685831611286304
    outer loop
      vertex -49.89416539894996 -43 25.93800537755041
      vertex -49.46844051968768 -43 25.828697807033038
      vertex -49.89416539894996 -47 25.93800537755041
    endloop
  endfacet
  facet normal -0.4817536741017126 0 -0.8763066800438651
    outer loop
      vertex -49.059772479522245 -43 25.666894683631067
      vertex -48.67460621757351 -43 25.455147739257054
      vertex -49.059772479522245 -47 25.666894683631067
    endloop
  endfacet
  facet normal -0.36812455268468075 0 -0.9297764858882502
    outer loop
      vertex -49.46844051968768 -43 25.828697807033038
      vertex -49.059772479522245 -43 25.666894683631067
      vertex -49.46844051968768 -47 25.828697807033038
    endloop
  endfacet
  facet normal -0.9980267284282714 0 0.06279051952931572
    outer loop
      vertex -47.077598545399326 -43 22.061333682524936
      vertex -47.077598545399326 -47 22.061333682524936
      vertex -47.05 -47 22.5
    endloop
  endfacet
  facet normal -0.9980267284282714 0 -0.06279051952931572
    outer loop
      vertex -47.05 -43 22.5
      vertex -47.05 -47 22.5
      vertex -47.077598545399326 -47 22.938666317475064
    endloop
  endfacet
  facet normal -0.9510565162951531 0 -0.30901699437494895
    outer loop
      vertex -47.15995893604979 -43 23.37041460507699
      vertex -47.15995893604979 -47 23.37041460507699
      vertex -47.29578229939112 -47 23.788435934396375
    endloop
  endfacet
  facet normal -0.9822872507286883 0 -0.18738131458572663
    outer loop
      vertex -47.077598545399326 -43 22.938666317475064
      vertex -47.077598545399326 -47 22.938666317475064
      vertex -47.15995893604979 -47 23.37041460507699
    endloop
  endfacet
  facet normal -0.9048270524660218 0 -0.4257792915650677
    outer loop
      vertex -47.29578229939112 -43 23.788435934396375
      vertex -47.29578229939112 -47 23.788435934396375
      vertex -47.482926619846474 -47 24.186137859356002
    endloop
  endfacet
  facet normal -0.8443279255020132 0 -0.5358267949789995
    outer loop
      vertex -47.482926619846474 -43 24.186137859356002
      vertex -47.482926619846474 -47 24.186137859356002
      vertex -47.71844051968768 -47 24.557248383023655
    endloop
  endfacet
  facet normal -0.6845471059286905 0 -0.7289686274214098
    outer loop
      vertex -47.99860980402506 -43 24.89591487075041
      vertex -47.99860980402506 -47 24.89591487075041
      vertex -48.319016035879585 -47 25.196796349715264
    endloop
  endfacet
  facet normal -0.7705132427757896 0 -0.6374239897486893
    outer loop
      vertex -47.71844051968768 -43 24.557248383023655
      vertex -47.71844051968768 -47 24.557248383023655
      vertex -47.99860980402506 -47 24.89591487075041
    endloop
  endfacet
  facet normal -0.4817536741017126 0 -0.8763066800438651
    outer loop
      vertex -48.67460621757351 -43 25.455147739257054
      vertex -48.67460621757351 -47 25.455147739257054
      vertex -49.059772479522245 -47 25.666894683631067
    endloop
  endfacet
  facet normal -0.5877852522924716 0 -0.8090169943749486
    outer loop
      vertex -48.319016035879585 -43 25.196796349715264
      vertex -48.319016035879585 -47 25.196796349715264
      vertex -48.67460621757351 -47 25.455147739257054
    endloop
  endfacet
  facet normal -0.9822872507286883 0 0.18738131458572663
    outer loop
      vertex -47.077598545399326 -43 22.061333682524936
      vertex -47.15995893604979 -43 21.62958539492301
      vertex -47.077598545399326 -47 22.061333682524936
    endloop
  endfacet
  facet normal -0.9980267284282714 0 0.06279051952931572
    outer loop
      vertex -47.05 -43 22.5
      vertex -47.077598545399326 -43 22.061333682524936
      vertex -47.05 -47 22.5
    endloop
  endfacet
  facet normal -0.9980267284282714 0 -0.06279051952931572
    outer loop
      vertex -47.077598545399326 -43 22.938666317475064
      vertex -47.05 -43 22.5
      vertex -47.077598545399326 -47 22.938666317475064
    endloop
  endfacet
  facet normal -0.9822872507286883 0 -0.18738131458572663
    outer loop
      vertex -47.15995893604979 -43 23.37041460507699
      vertex -47.077598545399326 -43 22.938666317475064
      vertex -47.15995893604979 -47 23.37041460507699
    endloop
  endfacet
  facet normal -0.9510565162951531 0 -0.30901699437494895
    outer loop
      vertex -47.29578229939112 -43 23.788435934396375
      vertex -47.15995893604979 -43 23.37041460507699
      vertex -47.29578229939112 -47 23.788435934396375
    endloop
  endfacet
  facet normal -0.9048270524660218 0 -0.4257792915650677
    outer loop
      vertex -47.482926619846474 -43 24.186137859356002
      vertex -47.29578229939112 -43 23.788435934396375
      vertex -47.482926619846474 -47 24.186137859356002
    endloop
  endfacet
  facet normal -0.6845471059286905 0 -0.7289686274214098
    outer loop
      vertex -48.319016035879585 -43 25.196796349715264
      vertex -47.99860980402506 -43 24.89591487075041
      vertex -48.319016035879585 -47 25.196796349715264
    endloop
  endfacet
  facet normal -0.8443279255020132 0 -0.5358267949789995
    outer loop
      vertex -47.71844051968768 -43 24.557248383023655
      vertex -47.482926619846474 -43 24.186137859356002
      vertex -47.71844051968768 -47 24.557248383023655
    endloop
  endfacet
  facet normal -0.7705132427757896 0 -0.6374239897486893
    outer loop
      vertex -47.99860980402506 -43 24.89591487075041
      vertex -47.71844051968768 -43 24.557248383023655
      vertex -47.99860980402506 -47 24.89591487075041
    endloop
  endfacet
  facet normal -0.5877852522924716 0 -0.8090169943749486
    outer loop
      vertex -48.67460621757351 -43 25.455147739257054
      vertex -48.319016035879585 -43 25.196796349715264
      vertex -48.67460621757351 -47 25.455147739257054
    endloop
  endfacet
  facet normal 0.48175367410171477 2.2605528172553716e-18 0.8763066800438638
    outer loop
      vertex -53.65779541087818 -50 17.602898032088312
      vertex -53.01951989107742 -50 17.252003095697088
      vertex -53.01951989107742 -47 17.252003095697088
    endloop
  endfacet
  facet normal 0.3681245526846738 0 0.929776485888253
    outer loop
      vertex -52.34229856737469 -47 16.98387220548811
      vertex -53.01951989107742 -50 17.252003095697088
      vertex -52.34229856737469 -50 16.98387220548811
    endloop
  endfacet
  facet normal 0.2486898871648569 -8.750119701811064e-19 0.9685831611286305
    outer loop
      vertex -52.34229856737469 -50 16.98387220548811
      vertex -51.6368116245972 -50 16.802733945773607
      vertex -51.6368116245972 -47 16.802733945773607
    endloop
  endfacet
  facet normal 0.48175367410171477 0 0.8763066800438638
    outer loop
      vertex -53.65779541087818 -47 17.602898032088312
      vertex -53.65779541087818 -50 17.602898032088312
      vertex -53.01951989107742 -47 17.252003095697088
    endloop
  endfacet
  facet normal 0.3681245526846738 0 0.929776485888253
    outer loop
      vertex -53.01951989107742 -47 17.252003095697088
      vertex -53.01951989107742 -50 17.252003095697088
      vertex -52.34229856737469 -47 16.98387220548811
    endloop
  endfacet
  facet normal 0.2486898871648569 0 0.9685831611286305
    outer loop
      vertex -52.34229856737469 -47 16.98387220548811
      vertex -52.34229856737469 -50 16.98387220548811
      vertex -51.6368116245972 -47 16.802733945773607
    endloop
  endfacet
  facet normal 0.1253332335643075 0 0.9921147013144774
    outer loop
      vertex -50.914185013270014 -47 16.711444975116024
      vertex -51.6368116245972 -50 16.802733945773607
      vertex -50.914185013270014 -50 16.711444975116024
    endloop
  endfacet
  facet normal 0 0 1
    outer loop
      vertex -50.18581498672998 -47 16.711444975116024
      vertex -50.914185013270014 -50 16.711444975116024
      vertex -50.18581498672998 -50 16.711444975116024
    endloop
  endfacet
  facet normal -0.1253332335643075 0 0.9921147013144774
    outer loop
      vertex -49.463188375402794 -47 16.802733945773607
      vertex -50.18581498672998 -50 16.711444975116024
      vertex -49.463188375402794 -50 16.802733945773607
    endloop
  endfacet
  facet normal -0.2486898871648569 8.750119701811064e-19 0.9685831611286305
    outer loop
      vertex -49.463188375402794 -50 16.802733945773607
      vertex -48.7577014326253 -50 16.98387220548811
      vertex -48.7577014326253 -47 16.98387220548811
    endloop
  endfacet
  facet normal 0.1253332335643075 0 0.9921147013144774
    outer loop
      vertex -51.6368116245972 -47 16.802733945773607
      vertex -51.6368116245972 -50 16.802733945773607
      vertex -50.914185013270014 -47 16.711444975116024
    endloop
  endfacet
  facet normal 0 0 1
    outer loop
      vertex -50.914185013270014 -47 16.711444975116024
      vertex -50.914185013270014 -50 16.711444975116024
      vertex -50.18581498672998 -47 16.711444975116024
    endloop
  endfacet
  facet normal 0 -1 0
    outer loop
      vertex -52.34229856737469 -47 16.98387220548811
      vertex -51.6368116245972 -47 16.802733945773607
      vertex -49.463188375402794 -47 16.802733945773607
    endloop
  endfacet
  facet normal 0 -1 0
    outer loop
      vertex -53.01951989107742 -47 17.252003095697088
      vertex -52.34229856737469 -47 16.98387220548811
      vertex -48.7577014326253 -47 16.98387220548811
    endloop
  endfacet
  facet normal 0 -1 0
    outer loop
      vertex -53.65779541087818 -47 17.602898032088312
      vertex -53.01951989107742 -47 17.252003095697088
      vertex -48.08048010892257 -47 17.252003095697088
    endloop
  endfacet
  facet normal 0 -1 0
    outer loop
      vertex -51.6368116245972 -47 16.802733945773607
      vertex -50.914185013270014 -47 16.711444975116024
      vertex -50.18581498672998 -47 16.711444975116024
    endloop
  endfacet
  facet normal 0 -1 0
    outer loop
      vertex -51.6368116245972 -47 16.802733945773607
      vertex -50.18581498672998 -47 16.711444975116024
      vertex -49.463188375402794 -47 16.802733945773607
    endloop
  endfacet
  facet normal -0.1253332335643075 0 0.9921147013144774
    outer loop
      vertex -50.18581498672998 -47 16.711444975116024
      vertex -50.18581498672998 -50 16.711444975116024
      vertex -49.463188375402794 -47 16.802733945773607
    endloop
  endfacet
  facet normal -0.2486898871648569 0 0.9685831611286305
    outer loop
      vertex -49.463188375402794 -47 16.802733945773607
      vertex -49.463188375402794 -50 16.802733945773607
      vertex -48.7577014326253 -47 16.98387220548811
    endloop
  endfacet
  facet normal 0 -1 0
    outer loop
      vertex -52.34229856737469 -47 16.98387220548811
      vertex -49.463188375402794 -47 16.802733945773607
      vertex -48.7577014326253 -47 16.98387220548811
    endloop
  endfacet
  facet normal 0 -1 0
    outer loop
      vertex -53.01951989107742 -47 17.252003095697088
      vertex -48.7577014326253 -47 16.98387220548811
      vertex -48.08048010892257 -47 17.252003095697088
    endloop
  endfacet
  facet normal 0 -1 0
    outer loop
      vertex -53.65779541087818 -47 17.602898032088312
      vertex -48.08048010892257 -47 17.252003095697088
      vertex -47.442204589121815 -47 17.602898032088312
    endloop
  endfacet
  facet normal -0.3681245526846738 0 0.929776485888253
    outer loop
      vertex -48.08048010892257 -47 17.252003095697088
      vertex -48.7577014326253 -50 16.98387220548811
      vertex -48.08048010892257 -50 17.252003095697088
    endloop
  endfacet
  facet normal -0.48175367410171477 0 0.8763066800438638
    outer loop
      vertex -47.442204589121815 -47 17.602898032088312
      vertex -48.08048010892257 -50 17.252003095697088
      vertex -47.442204589121815 -50 17.602898032088312
    endloop
  endfacet
  facet normal -0.3681245526846738 0 0.929776485888253
    outer loop
      vertex -48.7577014326253 -47 16.98387220548811
      vertex -48.7577014326253 -50 16.98387220548811
      vertex -48.08048010892257 -47 17.252003095697088
    endloop
  endfacet
  facet normal -0.48175367410171477 -2.2605528172553716e-18 0.8763066800438638
    outer loop
      vertex -47.442204589121815 -47 17.602898032088312
      vertex -48.08048010892257 -47 17.252003095697088
      vertex -48.08048010892257 -50 17.252003095697088
    endloop
  endfacet
  facet normal 0.8443279255020161 0 0.535826794978995
    outer loop
      vertex -55.24229856737469 -47 19.090845536703654
      vertex -55.6325787442544 -50 19.70582869021005
      vertex -55.24229856737469 -50 19.090845536703654
    endloop
  endfacet
  facet normal 0.7705132427757888 0 0.6374239897486904
    outer loop
      vertex -54.778018039044184 -47 18.52962678561361
      vertex -55.24229856737469 -50 19.090845536703654
      vertex -54.778018039044184 -50 18.52962678561361
    endloop
  endfacet
  facet normal 0.9510565162951514 0 0.309016994374954
    outer loop
      vertex -55.94270361815185 -47 20.36487759442887
      vertex -56.16778233454606 -50 21.057598654443844
      vertex -55.94270361815185 -50 20.36487759442887
    endloop
  endfacet
  facet normal 0.9822872507286895 0 0.18738131458572052
    outer loop
      vertex -56.16778233454606 -47 21.057598654443844
      vertex -56.30426526762397 -50 21.773067245327034
      vertex -56.16778233454606 -50 21.057598654443844
    endloop
  endfacet
  facet normal 0.9048270524660192 0 0.42577929156507344
    outer loop
      vertex -55.6325787442544 -47 19.70582869021005
      vertex -55.94270361815185 -50 20.36487759442887
      vertex -55.6325787442544 -50 19.70582869021005
    endloop
  endfacet
  facet normal 0.6845471059286895 0 0.7289686274214109
    outer loop
      vertex -54.778018039044184 -47 18.52962678561361
      vertex -54.778018039044184 -50 18.52962678561361
      vertex -54.2470591405424 -47 18.031023191900424
    endloop
  endfacet
  facet normal 0.8443279255020161 0 0.535826794978995
    outer loop
      vertex -55.6325787442544 -47 19.70582869021005
      vertex -55.6325787442544 -50 19.70582869021005
      vertex -55.24229856737469 -47 19.090845536703654
    endloop
  endfacet
  facet normal 0.7705132427757888 0 0.6374239897486904
    outer loop
      vertex -55.24229856737469 -47 19.090845536703654
      vertex -55.24229856737469 -50 19.090845536703654
      vertex -54.778018039044184 -47 18.52962678561361
    endloop
  endfacet
  facet normal 0.9048270524660192 0 0.42577929156507344
    outer loop
      vertex -55.94270361815185 -47 20.36487759442887
      vertex -55.94270361815185 -50 20.36487759442887
      vertex -55.6325787442544 -47 19.70582869021005
    endloop
  endfacet
  facet normal 0.9510565162951514 0 0.309016994374954
    outer loop
      vertex -56.16778233454606 -47 21.057598654443844
      vertex -56.16778233454606 -50 21.057598654443844
      vertex -55.94270361815185 -47 20.36487759442887
    endloop
  endfacet
  facet normal 0.9822872507286895 0 0.18738131458572052
    outer loop
      vertex -56.30426526762397 -47 21.773067245327034
      vertex -56.30426526762397 -50 21.773067245327034
      vertex -56.16778233454606 -47 21.057598654443844
    endloop
  endfacet
  facet normal 0 -1 0
    outer loop
      vertex -56.16778233454606 -47 21.057598654443844
      vertex -55.94270361815185 -47 20.36487759442887
      vertex -53.61707338015352 -47 20.813862140643998
    endloop
  endfacet
  facet normal 0 -1 0
    outer loop
      vertex -55.94270361815185 -47 20.36487759442887
      vertex -55.6325787442544 -47 19.70582869021005
      vertex -53.101390195974936 -47 20.10408512924959
    endloop
  endfacet
  facet normal 0 -1 0
    outer loop
      vertex -56.30426526762397 -47 21.773067245327034
      vertex -56.16778233454606 -47 21.057598654443844
      vertex -53.80421770060887 -47 21.21156406560363
    endloop
  endfacet
  facet normal 0 -1 0
    outer loop
      vertex -56.16778233454606 -47 21.057598654443844
      vertex -53.61707338015352 -47 20.813862140643998
      vertex -53.80421770060887 -47 21.21156406560363
    endloop
  endfacet
  facet normal 0 -1 0
    outer loop
      vertex -56.30426526762397 -47 21.773067245327034
      vertex -53.80421770060887 -47 21.21156406560363
      vertex -53.940041063950204 -47 21.62958539492301
    endloop
  endfacet
  facet normal 0 -1 0
    outer loop
      vertex -54.02240145460067 -47 22.061333682524936
      vertex -56.30426526762397 -47 21.773067245327034
      vertex -53.940041063950204 -47 21.62958539492301
    endloop
  endfacet
  facet normal 0.587785252292476 0 0.8090169943749453
    outer loop
      vertex -53.65779541087818 -47 17.602898032088312
      vertex -54.2470591405424 -50 18.031023191900424
      vertex -53.65779541087818 -50 17.602898032088312
    endloop
  endfacet
  facet normal 0.6845471059286895 8.12585357461792e-18 0.7289686274214109
    outer loop
      vertex -54.778018039044184 -50 18.52962678561361
      vertex -54.2470591405424 -50 18.031023191900424
      vertex -54.2470591405424 -47 18.031023191900424
    endloop
  endfacet
  facet normal 0.587785252292476 0 0.8090169943749453
    outer loop
      vertex -54.2470591405424 -47 18.031023191900424
      vertex -54.2470591405424 -50 18.031023191900424
      vertex -53.65779541087818 -47 17.602898032088312
    endloop
  endfacet
  facet normal 0 -1 0
    outer loop
      vertex -55.6325787442544 -47 19.70582869021005
      vertex -55.24229856737469 -47 19.090845536703654
      vertex -52.04022752047775 -47 19.333105316368933
    endloop
  endfacet
  facet normal 0 -1 0
    outer loop
      vertex -55.6325787442544 -47 19.70582869021005
      vertex -52.42539378242648 -47 19.54485226074295
      vertex -52.78098396412041 -47 19.803203650284736
    endloop
  endfacet
  facet normal 0 -1 0
    outer loop
      vertex -55.6325787442544 -47 19.70582869021005
      vertex -52.04022752047775 -47 19.333105316368933
      vertex -52.42539378242648 -47 19.54485226074295
    endloop
  endfacet
  facet normal 0 -1 0
    outer loop
      vertex -54.2470591405424 -47 18.031023191900424
      vertex -53.65779541087818 -47 17.602898032088312
      vertex -47.442204589121815 -47 17.602898032088312
    endloop
  endfacet
  facet normal 0 -1 0
    outer loop
      vertex -54.778018039044184 -47 18.52962678561361
      vertex -54.2470591405424 -47 18.031023191900424
      vertex -46.8529408594576 -47 18.031023191900424
    endloop
  endfacet
  facet normal 0 -1 0
    outer loop
      vertex -55.24229856737469 -47 19.090845536703654
      vertex -51.205834601050036 -47 19.06199462244959
      vertex -51.63155948031231 -47 19.171302192966962
    endloop
  endfacet
  facet normal 0 -1 0
    outer loop
      vertex -55.24229856737469 -47 19.090845536703654
      vertex -50.76976681835259 -47 19.00690645050105
      vertex -51.205834601050036 -47 19.06199462244959
    endloop
  endfacet
  facet normal 0 -1 0
    outer loop
      vertex -55.24229856737469 -47 19.090845536703654
      vertex -51.63155948031231 -47 19.171302192966962
      vertex -52.04022752047775 -47 19.333105316368933
    endloop
  endfacet
  facet normal 0 -1 0
    outer loop
      vertex -55.24229856737469 -47 19.090845536703654
      vertex -54.778018039044184 -47 18.52962678561361
      vertex -46.32198196095581 -47 18.529626785613605
    endloop
  endfacet
  facet normal 0 -1 0
    outer loop
      vertex -55.6325787442544 -47 19.70582869021005
      vertex -52.78098396412041 -47 19.803203650284736
      vertex -53.101390195974936 -47 20.10408512924959
    endloop
  endfacet
  facet normal 0 -1 0
    outer loop
      vertex -55.94270361815185 -47 20.36487759442887
      vertex -53.101390195974936 -47 20.10408512924959
      vertex -53.38155948031231 -47 20.442751616976345
    endloop
  endfacet
  facet normal 0 -1 0
    outer loop
      vertex -55.94270361815185 -47 20.36487759442887
      vertex -53.38155948031231 -47 20.442751616976345
      vertex -53.61707338015352 -47 20.813862140643998
    endloop
  endfacet
  facet normal 0.9980267284282719 1.3172805042568084e-18 0.06279051952930975
    outer loop
      vertex -56.349999999999994 -50 22.5
      vertex -56.30426526762397 -50 21.773067245327034
      vertex -56.30426526762397 -47 21.773067245327034
    endloop
  endfacet
  facet normal 0.9980267284282719 0 -0.06279051952930975
    outer loop
      vertex -56.349999999999994 -47 22.5
      vertex -56.30426526762397 -50 23.226932754672966
      vertex -56.349999999999994 -50 22.5
    endloop
  endfacet
  facet normal 0.9822872507286895 0 -0.18738131458572052
    outer loop
      vertex -56.30426526762397 -47 23.226932754672966
      vertex -56.16778233454606 -50 23.942401345556156
      vertex -56.30426526762397 -50 23.226932754672966
    endloop
  endfacet
  facet normal 0.9510565162951514 0 -0.309016994374954
    outer loop
      vertex -56.16778233454606 -47 23.942401345556156
      vertex -55.94270361815185 -50 24.63512240557113
      vertex -56.16778233454606 -50 23.942401345556156
    endloop
  endfacet
  facet normal 0.9048270524660192 0 -0.42577929156507344
    outer loop
      vertex -55.94270361815185 -47 24.63512240557113
      vertex -55.6325787442544 -50 25.29417130978995
      vertex -55.94270361815185 -50 24.63512240557113
    endloop
  endfacet
  facet normal 0.8443279255020161 0 -0.535826794978995
    outer loop
      vertex -55.6325787442544 -47 25.29417130978995
      vertex -55.24229856737469 -50 25.909154463296346
      vertex -55.6325787442544 -50 25.29417130978995
    endloop
  endfacet
  facet normal 0.7705132427757888 -7.16606480416438e-18 -0.6374239897486904
    outer loop
      vertex -54.778018039044184 -50 26.47037321438639
      vertex -55.24229856737469 -50 25.909154463296346
      vertex -55.24229856737469 -47 25.909154463296346
    endloop
  endfacet
  facet normal 0.9980267284282719 0 0.06279051952930975
    outer loop
      vertex -56.349999999999994 -47 22.5
      vertex -56.349999999999994 -50 22.5
      vertex -56.30426526762397 -47 21.773067245327034
    endloop
  endfacet
  facet normal 0.9980267284282719 0 -0.06279051952930975
    outer loop
      vertex -56.30426526762397 -47 23.226932754672966
      vertex -56.30426526762397 -50 23.226932754672966
      vertex -56.349999999999994 -47 22.5
    endloop
  endfacet
  facet normal 0.9822872507286895 0 -0.18738131458572052
    outer loop
      vertex -56.16778233454606 -47 23.942401345556156
      vertex -56.16778233454606 -50 23.942401345556156
      vertex -56.30426526762397 -47 23.226932754672966
    endloop
  endfacet
  facet normal 0 -1 0
    outer loop
      vertex -56.349999999999994 -47 22.5
      vertex -56.30426526762397 -47 21.773067245327034
      vertex -54.02240145460067 -47 22.061333682524936
    endloop
  endfacet
  facet normal 0 -1 0
    outer loop
      vertex -56.30426526762397 -47 23.226932754672966
      vertex -56.349999999999994 -47 22.5
      vertex -54.05 -47 22.5
    endloop
  endfacet
  facet normal 0 -1 0
    outer loop
      vertex -56.349999999999994 -47 22.5
      vertex -54.02240145460067 -47 22.061333682524936
      vertex -54.05 -47 22.5
    endloop
  endfacet
  facet normal 0 -1 0
    outer loop
      vertex -56.30426526762397 -47 23.226932754672966
      vertex -54.05 -47 22.5
      vertex -54.02240145460067 -47 22.938666317475064
    endloop
  endfacet
  facet normal 0 -1 0
    outer loop
      vertex -56.16778233454606 -47 23.942401345556156
      vertex -56.30426526762397 -47 23.226932754672966
      vertex -54.02240145460067 -47 22.938666317475064
    endloop
  endfacet
  facet normal 0 -1 0
    outer loop
      vertex -56.16778233454606 -47 23.942401345556156
      vertex -54.02240145460067 -47 22.938666317475064
      vertex -53.940041063950204 -47 23.37041460507699
    endloop
  endfacet
  facet normal 0 -1 0
    outer loop
      vertex -56.16778233454606 -47 23.942401345556156
      vertex -53.940041063950204 -47 23.37041460507699
      vertex -53.80421770060887 -47 23.78843593439637
    endloop
  endfacet
  facet normal 0.9510565162951514 0 -0.309016994374954
    outer loop
      vertex -55.94270361815185 -47 24.63512240557113
      vertex -55.94270361815185 -50 24.63512240557113
      vertex -56.16778233454606 -47 23.942401345556156
    endloop
  endfacet
  facet normal 0.9048270524660192 3.942906792791176e-18 -0.42577929156507344
    outer loop
      vertex -55.94270361815185 -47 24.63512240557113
      vertex -55.6325787442544 -47 25.29417130978995
      vertex -55.6325787442544 -50 25.29417130978995
    endloop
  endfacet
  facet normal 0.8443279255020161 0 -0.535826794978995
    outer loop
      vertex -55.24229856737469 -47 25.909154463296346
      vertex -55.24229856737469 -50 25.909154463296346
      vertex -55.6325787442544 -47 25.29417130978995
    endloop
  endfacet
  facet normal 0 -1 0
    outer loop
      vertex -55.94270361815185 -47 24.63512240557113
      vertex -56.16778233454606 -47 23.942401345556156
      vertex -53.80421770060887 -47 23.78843593439637
    endloop
  endfacet
  facet normal 0 -1 0
    outer loop
      vertex -55.94270361815185 -47 24.63512240557113
      vertex -53.80421770060887 -47 23.78843593439637
      vertex -53.61707338015352 -47 24.186137859356002
    endloop
  endfacet
  facet normal 0 -1 0
    outer loop
      vertex -55.94270361815185 -47 24.63512240557113
      vertex -53.38155948031231 -47 24.557248383023655
      vertex -55.6325787442544 -47 25.29417130978995
    endloop
  endfacet
  facet normal 0 -1 0
    outer loop
      vertex -55.24229856737469 -47 25.909154463296346
      vertex -55.6325787442544 -47 25.29417130978995
      vertex -52.78098396412041 -47 25.196796349715264
    endloop
  endfacet
  facet normal 0 -1 0
    outer loop
      vertex -55.94270361815185 -47 24.63512240557113
      vertex -53.61707338015352 -47 24.186137859356002
      vertex -53.38155948031231 -47 24.557248383023655
    endloop
  endfacet
  facet normal 0 -1 0
    outer loop
      vertex -55.6325787442544 -47 25.29417130978995
      vertex -53.38155948031231 -47 24.557248383023655
      vertex -53.101390195974936 -47 24.89591487075041
    endloop
  endfacet
  facet normal 0 -1 0
    outer loop
      vertex -55.6325787442544 -47 25.29417130978995
      vertex -53.101390195974936 -47 24.89591487075041
      vertex -52.78098396412041 -47 25.196796349715264
    endloop
  endfacet
  facet normal 0 -1 0
    outer loop
      vertex -54.778018039044184 -47 26.47037321438639
      vertex -55.24229856737469 -47 25.909154463296346
      vertex -51.63155948031231 -47 25.828697807033038
    endloop
  endfacet
  facet normal 0 -1 0
    outer loop
      vertex -55.24229856737469 -47 25.909154463296346
      vertex -52.78098396412041 -47 25.196796349715264
      vertex -52.42539378242648 -47 25.45514773925705
    endloop
  endfacet
  facet normal 0 -1 0
    outer loop
      vertex -55.24229856737469 -47 25.909154463296346
      vertex -52.42539378242648 -47 25.45514773925705
      vertex -52.04022752047775 -47 25.666894683631067
    endloop
  endfacet
  facet normal 0 -1 0
    outer loop
      vertex -55.24229856737469 -47 25.909154463296346
      vertex -52.04022752047775 -47 25.666894683631067
      vertex -51.63155948031231 -47 25.828697807033038
    endloop
  endfacet
  facet normal 0 -1 0
    outer loop
      vertex -54.778018039044184 -47 26.47037321438639
      vertex -51.63155948031231 -47 25.828697807033038
      vertex -51.205834601050036 -47 25.93800537755041
    endloop
  endfacet
  facet normal 0 -1 0
    outer loop
      vertex -54.778018039044184 -47 26.47037321438639
      vertex -51.205834601050036 -47 25.93800537755041
      vertex -50.76976681835259 -47 25.99309354949895
    endloop
  endfacet
  facet normal 0 -1 0
    outer loop
      vertex -54.778018039044184 -47 26.47037321438639
      vertex -50.76976681835259 -47 25.99309354949895
      vertex -50.3302331816474 -47 25.99309354949895
    endloop
  endfacet
  facet normal 0.6845471059286895 0 -0.7289686274214109
    outer loop
      vertex -54.778018039044184 -47 26.47037321438639
      vertex -54.2470591405424 -50 26.968976808099576
      vertex -54.778018039044184 -50 26.47037321438639
    endloop
  endfacet
  facet normal 0.7705132427757888 0 -0.6374239897486904
    outer loop
      vertex -54.778018039044184 -47 26.47037321438639
      vertex -54.778018039044184 -50 26.47037321438639
      vertex -55.24229856737469 -47 25.909154463296346
    endloop
  endfacet
  facet normal 0.587785252292476 0 -0.8090169943749453
    outer loop
      vertex -54.2470591405424 -47 26.968976808099576
      vertex -53.65779541087818 -50 27.397101967911688
      vertex -54.2470591405424 -50 26.968976808099576
    endloop
  endfacet
  facet normal 0.48175367410171066 0 -0.8763066800438661
    outer loop
      vertex -53.65779541087818 -47 27.397101967911688
      vertex -53.019519891077415 -50 27.747996904302912
      vertex -53.65779541087818 -50 27.397101967911688
    endloop
  endfacet
  facet normal 0.3681245526846772 0 -0.9297764858882517
    outer loop
      vertex -53.019519891077415 -47 27.747996904302912
      vertex -52.34229856737469 -50 28.01612779451189
      vertex -53.019519891077415 -50 27.747996904302912
    endloop
  endfacet
  facet normal 0.2486898871648569 0 -0.9685831611286305
    outer loop
      vertex -52.34229856737469 -47 28.01612779451189
      vertex -51.6368116245972 -50 28.197266054226393
      vertex -52.34229856737469 -50 28.01612779451189
    endloop
  endfacet
  facet normal 0.6845471059286895 -8.12585357461792e-18 -0.7289686274214109
    outer loop
      vertex -54.778018039044184 -47 26.47037321438639
      vertex -54.2470591405424 -47 26.968976808099576
      vertex -54.2470591405424 -50 26.968976808099576
    endloop
  endfacet
  facet normal 0.587785252292476 0 -0.8090169943749453
    outer loop
      vertex -53.65779541087818 -47 27.397101967911688
      vertex -53.65779541087818 -50 27.397101967911688
      vertex -54.2470591405424 -47 26.968976808099576
    endloop
  endfacet
  facet normal 0.48175367410171066 -4.4313014550346415e-18 -0.8763066800438661
    outer loop
      vertex -53.65779541087818 -47 27.397101967911688
      vertex -53.019519891077415 -47 27.747996904302912
      vertex -53.019519891077415 -50 27.747996904302912
    endloop
  endfacet
  facet normal 0.3681245526846772 -2.757649126557174e-18 -0.9297764858882517
    outer loop
      vertex -53.019519891077415 -47 27.747996904302912
      vertex -52.34229856737469 -47 28.01612779451189
      vertex -52.34229856737469 -50 28.01612779451189
    endloop
  endfacet
  facet normal 0.2486898871648569 8.750119701811064e-19 -0.9685831611286305
    outer loop
      vertex -52.34229856737469 -47 28.01612779451189
      vertex -51.6368116245972 -47 28.197266054226393
      vertex -51.6368116245972 -50 28.197266054226393
    endloop
  endfacet
  facet normal 0 -1 0
    outer loop
      vertex -54.778018039044184 -47 26.47037321438639
      vertex -46.32198196095581 -47 26.47037321438639
      vertex -54.2470591405424 -47 26.968976808099576
    endloop
  endfacet
  facet normal 0 -1 0
    outer loop
      vertex -55.24229856737469 -47 19.090845536703654
      vertex -46.32198196095581 -47 18.529626785613605
      vertex -50.76976681835259 -47 19.00690645050105
    endloop
  endfacet
  facet normal 0 -1 0
    outer loop
      vertex -54.2470591405424 -47 18.031023191900424
      vertex -47.442204589121815 -47 17.602898032088312
      vertex -46.8529408594576 -47 18.031023191900424
    endloop
  endfacet
  facet normal 0 -1 0
    outer loop
      vertex -54.778018039044184 -47 18.52962678561361
      vertex -46.8529408594576 -47 18.031023191900424
      vertex -46.32198196095581 -47 18.529626785613605
    endloop
  endfacet
  facet normal 0 -1 0
    outer loop
      vertex -50.76976681835259 -47 19.00690645050105
      vertex -46.32198196095581 -47 18.529626785613605
      vertex -50.3302331816474 -47 19.00690645050105
    endloop
  endfacet
  facet normal -0.587785252292476 0 0.8090169943749453
    outer loop
      vertex -46.8529408594576 -47 18.031023191900424
      vertex -47.442204589121815 -50 17.602898032088312
      vertex -46.8529408594576 -50 18.031023191900424
    endloop
  endfacet
  facet normal -0.6845471059286868 0 0.7289686274214132
    outer loop
      vertex -46.32198196095581 -47 18.529626785613605
      vertex -46.8529408594576 -50 18.031023191900424
      vertex -46.32198196095581 -50 18.529626785613605
    endloop
  endfacet
  facet normal 0 -1 0
    outer loop
      vertex -50.3302331816474 -47 19.00690645050105
      vertex -46.32198196095581 -47 18.529626785613605
      vertex -49.89416539894996 -47 19.06199462244959
    endloop
  endfacet
  facet normal 0 -1 0
    outer loop
      vertex -49.89416539894996 -47 19.06199462244959
      vertex -46.32198196095581 -47 18.529626785613605
      vertex -49.46844051968768 -47 19.171302192966962
    endloop
  endfacet
  facet normal 0 -1 0
    outer loop
      vertex -49.46844051968768 -47 19.171302192966962
      vertex -45.857701432625305 -47 19.090845536703654
      vertex -49.059772479522245 -47 19.333105316368933
    endloop
  endfacet
  facet normal 0 -1 0
    outer loop
      vertex -49.059772479522245 -47 19.333105316368933
      vertex -45.857701432625305 -47 19.090845536703654
      vertex -48.67460621757351 -47 19.54485226074295
    endloop
  endfacet
  facet normal 0 -1 0
    outer loop
      vertex -48.319016035879585 -47 19.803203650284736
      vertex -48.67460621757351 -47 19.54485226074295
      vertex -45.857701432625305 -47 19.090845536703654
    endloop
  endfacet
  facet normal -0.587785252292476 0 0.8090169943749453
    outer loop
      vertex -47.442204589121815 -47 17.602898032088312
      vertex -47.442204589121815 -50 17.602898032088312
      vertex -46.8529408594576 -47 18.031023191900424
    endloop
  endfacet
  facet normal -0.6845471059286868 0 0.7289686274214132
    outer loop
      vertex -46.8529408594576 -47 18.031023191900424
      vertex -46.8529408594576 -50 18.031023191900424
      vertex -46.32198196095581 -47 18.529626785613605
    endloop
  endfacet
  facet normal -0.7705132427757907 0 0.637423989748688
    outer loop
      vertex -46.32198196095581 -47 18.529626785613605
      vertex -46.32198196095581 -50 18.529626785613605
      vertex -45.857701432625305 -47 19.090845536703654
    endloop
  endfacet
  facet normal 0 -1 0
    outer loop
      vertex -49.46844051968768 -47 19.171302192966962
      vertex -46.32198196095581 -47 18.529626785613605
      vertex -45.857701432625305 -47 19.090845536703654
    endloop
  endfacet
  facet normal 0 -1 0
    outer loop
      vertex -48.319016035879585 -47 19.803203650284736
      vertex -45.857701432625305 -47 19.090845536703654
      vertex -45.46742125574559 -47 19.70582869021005
    endloop
  endfacet
  facet normal 0 -1 0
    outer loop
      vertex -48.319016035879585 -47 19.803203650284736
      vertex -45.46742125574559 -47 19.70582869021005
      vertex -47.99860980402506 -47 20.10408512924959
    endloop
  endfacet
  facet normal 0 -1 0
    outer loop
      vertex -47.71844051968768 -47 20.442751616976345
      vertex -47.99860980402506 -47 20.10408512924959
      vertex -45.46742125574559 -47 19.70582869021005
    endloop
  endfacet
  facet normal 0 -1 0
    outer loop
      vertex -47.71844051968768 -47 20.442751616976345
      vertex -45.46742125574559 -47 19.70582869021005
      vertex -45.15729638184814 -47 20.36487759442887
    endloop
  endfacet
  facet normal 0 -1 0
    outer loop
      vertex -47.71844051968768 -47 20.442751616976345
      vertex -45.15729638184814 -47 20.36487759442887
      vertex -47.482926619846474 -47 20.813862140643998
    endloop
  endfacet
  facet normal 0 -1 0
    outer loop
      vertex -47.29578229939112 -47 21.211564065603625
      vertex -47.482926619846474 -47 20.813862140643998
      vertex -45.15729638184814 -47 20.36487759442887
    endloop
  endfacet
  facet normal 0 -1 0
    outer loop
      vertex -47.15995893604979 -47 21.62958539492301
      vertex -47.29578229939112 -47 21.211564065603625
      vertex -44.93221766545393 -47 21.057598654443844
    endloop
  endfacet
  facet normal 0 -1 0
    outer loop
      vertex -47.077598545399326 -47 22.061333682524936
      vertex -47.15995893604979 -47 21.62958539492301
      vertex -44.93221766545393 -47 21.057598654443844
    endloop
  endfacet
  facet normal 0 -1 0
    outer loop
      vertex -54.778018039044184 -47 26.47037321438639
      vertex -50.3302331816474 -47 25.99309354949895
      vertex -45.857701432625305 -47 25.909154463296346
    endloop
  endfacet
  facet normal 0 -1 0
    outer loop
      vertex -47.05 -47 22.5
      vertex -47.077598545399326 -47 22.061333682524936
      vertex -44.795734732376026 -47 21.773067245327034
    endloop
  endfacet
  facet normal 0 -1 0
    outer loop
      vertex -47.077598545399326 -47 22.938666317475064
      vertex -47.05 -47 22.5
      vertex -44.75 -47 22.5
    endloop
  endfacet
  facet normal 0 -1 0
    outer loop
      vertex -47.15995893604979 -47 23.37041460507699
      vertex -47.077598545399326 -47 22.938666317475064
      vertex -44.795734732376026 -47 23.226932754672966
    endloop
  endfacet
  facet normal 0 -1 0
    outer loop
      vertex -47.29578229939112 -47 23.788435934396375
      vertex -47.15995893604979 -47 23.37041460507699
      vertex -44.795734732376026 -47 23.226932754672966
    endloop
  endfacet
  facet normal 0 -1 0
    outer loop
      vertex -47.482926619846474 -47 24.186137859356002
      vertex -47.29578229939112 -47 23.788435934396375
      vertex -44.93221766545393 -47 23.942401345556156
    endloop
  endfacet
  facet normal 0 -1 0
    outer loop
      vertex -50.3302331816474 -47 25.99309354949895
      vertex -49.89416539894996 -47 25.93800537755041
      vertex -45.857701432625305 -47 25.909154463296346
    endloop
  endfacet
  facet normal 0 -1 0
    outer loop
      vertex -49.89416539894996 -47 25.93800537755041
      vertex -49.46844051968768 -47 25.828697807033038
      vertex -45.857701432625305 -47 25.909154463296346
    endloop
  endfacet
  facet normal 0 -1 0
    outer loop
      vertex -49.059772479522245 -47 25.666894683631067
      vertex -48.67460621757351 -47 25.455147739257054
      vertex -45.46742125574559 -47 25.29417130978995
    endloop
  endfacet
  facet normal 0 -1 0
    outer loop
      vertex -49.46844051968768 -47 25.828697807033038
      vertex -49.059772479522245 -47 25.666894683631067
      vertex -45.857701432625305 -47 25.909154463296346
    endloop
  endfacet
  facet normal 0 -1 0
    outer loop
      vertex -48.319016035879585 -47 25.196796349715264
      vertex -47.99860980402506 -47 24.89591487075041
      vertex -45.46742125574559 -47 25.29417130978995
    endloop
  endfacet
  facet normal 0 -1 0
    outer loop
      vertex -47.99860980402506 -47 24.89591487075041
      vertex -47.71844051968768 -47 24.557248383023655
      vertex -45.15729638184814 -47 24.635122405571135
    endloop
  endfacet
  facet normal 0 -1 0
    outer loop
      vertex -47.71844051968768 -47 24.557248383023655
      vertex -47.482926619846474 -47 24.186137859356002
      vertex -45.15729638184814 -47 24.635122405571135
    endloop
  endfacet
  facet normal 0 -1 0
    outer loop
      vertex -47.99860980402506 -47 24.89591487075041
      vertex -45.15729638184814 -47 24.635122405571135
      vertex -45.46742125574559 -47 25.29417130978995
    endloop
  endfacet
  facet normal 0 -1 0
    outer loop
      vertex -48.67460621757351 -47 25.455147739257054
      vertex -48.319016035879585 -47 25.196796349715264
      vertex -45.46742125574559 -47 25.29417130978995
    endloop
  endfacet
  facet normal 0 -1 0
    outer loop
      vertex -49.059772479522245 -47 25.666894683631067
      vertex -45.46742125574559 -47 25.29417130978995
      vertex -45.857701432625305 -47 25.909154463296346
    endloop
  endfacet
  facet normal -0.7705132427757907 1.0971418732098792e-17 0.637423989748688
    outer loop
      vertex -46.32198196095581 -50 18.529626785613605
      vertex -45.857701432625305 -50 19.090845536703654
      vertex -45.857701432625305 -47 19.090845536703654
    endloop
  endfacet
  facet normal -0.8443279255020161 0 0.535826794978995
    outer loop
      vertex -45.46742125574559 -47 19.70582869021005
      vertex -45.857701432625305 -50 19.090845536703654
      vertex -45.46742125574559 -50 19.70582869021005
    endloop
  endfacet
  facet normal -0.9048270524660192 0 0.42577929156507344
    outer loop
      vertex -45.15729638184814 -47 20.36487759442887
      vertex -45.46742125574559 -50 19.70582869021005
      vertex -45.15729638184814 -50 20.36487759442887
    endloop
  endfacet
  facet normal -0.9510565162951514 0 0.309016994374954
    outer loop
      vertex -44.93221766545393 -47 21.057598654443844
      vertex -45.15729638184814 -50 20.36487759442887
      vertex -44.93221766545393 -50 21.057598654443844
    endloop
  endfacet
  facet normal -0.9822872507286895 0 0.18738131458572052
    outer loop
      vertex -44.795734732376026 -47 21.773067245327034
      vertex -44.93221766545393 -50 21.057598654443844
      vertex -44.795734732376026 -50 21.773067245327034
    endloop
  endfacet
  facet normal -0.8443279255020161 -2.2542169702869963e-18 0.535826794978995
    outer loop
      vertex -45.46742125574559 -47 19.70582869021005
      vertex -45.857701432625305 -47 19.090845536703654
      vertex -45.857701432625305 -50 19.090845536703654
    endloop
  endfacet
  facet normal -0.9048270524660192 0 0.42577929156507344
    outer loop
      vertex -45.46742125574559 -47 19.70582869021005
      vertex -45.46742125574559 -50 19.70582869021005
      vertex -45.15729638184814 -47 20.36487759442887
    endloop
  endfacet
  facet normal -0.9510565162951514 4.4386299882206916e-18 0.309016994374954
    outer loop
      vertex -44.93221766545393 -47 21.057598654443844
      vertex -45.15729638184814 -47 20.36487759442887
      vertex -45.15729638184814 -50 20.36487759442887
    endloop
  endfacet
  facet normal -0.9822872507286895 -1.049888778040026e-18 0.18738131458572052
    outer loop
      vertex -44.795734732376026 -47 21.773067245327034
      vertex -44.93221766545393 -47 21.057598654443844
      vertex -44.93221766545393 -50 21.057598654443844
    endloop
  endfacet
  facet normal 0 -1 0
    outer loop
      vertex -47.29578229939112 -47 21.211564065603625
      vertex -45.15729638184814 -47 20.36487759442887
      vertex -44.93221766545393 -47 21.057598654443844
    endloop
  endfacet
  facet normal 0 -1 0
    outer loop
      vertex -47.077598545399326 -47 22.061333682524936
      vertex -44.93221766545393 -47 21.057598654443844
      vertex -44.795734732376026 -47 21.773067245327034
    endloop
  endfacet
  facet normal -0.9980267284282719 0 0.06279051952930975
    outer loop
      vertex -44.75 -47 22.5
      vertex -44.795734732376026 -50 21.773067245327034
      vertex -44.75 -50 22.5
    endloop
  endfacet
  facet normal -0.9980267284282719 0 -0.06279051952930975
    outer loop
      vertex -44.795734732376026 -47 23.226932754672966
      vertex -44.75 -50 22.5
      vertex -44.795734732376026 -50 23.226932754672966
    endloop
  endfacet
  facet normal -0.9822872507286895 0 -0.18738131458572052
    outer loop
      vertex -44.93221766545393 -47 23.942401345556156
      vertex -44.795734732376026 -50 23.226932754672966
      vertex -44.93221766545393 -50 23.942401345556156
    endloop
  endfacet
  facet normal -0.9510565162951518 0 -0.30901699437495256
    outer loop
      vertex -45.15729638184814 -47 24.635122405571135
      vertex -44.93221766545393 -50 23.942401345556156
      vertex -45.15729638184814 -50 24.635122405571135
    endloop
  endfacet
  facet normal -0.9048270524660182 0 -0.42577929156507527
    outer loop
      vertex -45.46742125574559 -47 25.29417130978995
      vertex -45.15729638184814 -50 24.635122405571135
      vertex -45.46742125574559 -50 25.29417130978995
    endloop
  endfacet
  facet normal -0.8443279255020161 0 -0.535826794978995
    outer loop
      vertex -45.857701432625305 -47 25.909154463296346
      vertex -45.46742125574559 -50 25.29417130978995
      vertex -45.857701432625305 -50 25.909154463296346
    endloop
  endfacet
  facet normal -0.9980267284282719 -1.3172805042568084e-18 0.06279051952930975
    outer loop
      vertex -44.75 -47 22.5
      vertex -44.795734732376026 -47 21.773067245327034
      vertex -44.795734732376026 -50 21.773067245327034
    endloop
  endfacet
  facet normal -0.9980267284282719 1.3172805042568084e-18 -0.06279051952930975
    outer loop
      vertex -44.795734732376026 -47 23.226932754672966
      vertex -44.75 -47 22.5
      vertex -44.75 -50 22.5
    endloop
  endfacet
  facet normal -0.9822872507286895 1.049888778040026e-18 -0.18738131458572052
    outer loop
      vertex -44.93221766545393 -47 23.942401345556156
      vertex -44.795734732376026 -47 23.226932754672966
      vertex -44.795734732376026 -50 23.226932754672966
    endloop
  endfacet
  facet normal 0 -1 0
    outer loop
      vertex -47.05 -47 22.5
      vertex -44.795734732376026 -47 21.773067245327034
      vertex -44.75 -47 22.5
    endloop
  endfacet
  facet normal 0 -1 0
    outer loop
      vertex -47.077598545399326 -47 22.938666317475064
      vertex -44.75 -47 22.5
      vertex -44.795734732376026 -47 23.226932754672966
    endloop
  endfacet
  facet normal 0 -1 0
    outer loop
      vertex -47.29578229939112 -47 23.788435934396375
      vertex -44.795734732376026 -47 23.226932754672966
      vertex -44.93221766545393 -47 23.942401345556156
    endloop
  endfacet
  facet normal -0.9510565162951518 -2.026184792968012e-18 -0.30901699437495256
    outer loop
      vertex -45.15729638184814 -47 24.635122405571135
      vertex -44.93221766545393 -47 23.942401345556156
      vertex -44.93221766545393 -50 23.942401345556156
    endloop
  endfacet
  facet normal -0.9048270524660182 4.8975780882192764e-18 -0.42577929156507527
    outer loop
      vertex -45.46742125574559 -47 25.29417130978995
      vertex -45.15729638184814 -47 24.635122405571135
      vertex -45.15729638184814 -50 24.635122405571135
    endloop
  endfacet
  facet normal -0.8443279255020161 2.2542169702869963e-18 -0.535826794978995
    outer loop
      vertex -45.857701432625305 -47 25.909154463296346
      vertex -45.46742125574559 -47 25.29417130978995
      vertex -45.46742125574559 -50 25.29417130978995
    endloop
  endfacet
  facet normal -0.7705132427757888 7.16606480416438e-18 -0.6374239897486904
    outer loop
      vertex -46.32198196095581 -47 26.47037321438639
      vertex -45.857701432625305 -47 25.909154463296346
      vertex -45.857701432625305 -50 25.909154463296346
    endloop
  endfacet
  facet normal 0 -1 0
    outer loop
      vertex -47.482926619846474 -47 24.186137859356002
      vertex -44.93221766545393 -47 23.942401345556156
      vertex -45.15729638184814 -47 24.635122405571135
    endloop
  endfacet
  facet normal 0.1253332335643075 0 -0.9921147013144774
    outer loop
      vertex -51.6368116245972 -47 28.197266054226393
      vertex -50.914185013270014 -50 28.288555024883976
      vertex -51.6368116245972 -50 28.197266054226393
    endloop
  endfacet
  facet normal 0 0 -1
    outer loop
      vertex -50.914185013270014 -47 28.288555024883976
      vertex -50.18581498672998 -50 28.288555024883976
      vertex -50.914185013270014 -50 28.288555024883976
    endloop
  endfacet
  facet normal -0.1253332335643075 0 -0.9921147013144774
    outer loop
      vertex -50.18581498672998 -47 28.288555024883976
      vertex -49.463188375402794 -50 28.197266054226393
      vertex -50.18581498672998 -50 28.288555024883976
    endloop
  endfacet
  facet normal -0.2486898871648569 0 -0.9685831611286305
    outer loop
      vertex -49.463188375402794 -47 28.197266054226393
      vertex -48.7577014326253 -50 28.01612779451189
      vertex -49.463188375402794 -50 28.197266054226393
    endloop
  endfacet
  facet normal 0.1253332335643075 1.6801657904251358e-18 -0.9921147013144774
    outer loop
      vertex -51.6368116245972 -47 28.197266054226393
      vertex -50.914185013270014 -47 28.288555024883976
      vertex -50.914185013270014 -50 28.288555024883976
    endloop
  endfacet
  facet normal 0 0 -1
    outer loop
      vertex -50.914185013270014 -47 28.288555024883976
      vertex -50.18581498672998 -47 28.288555024883976
      vertex -50.18581498672998 -50 28.288555024883976
    endloop
  endfacet
  facet normal 0 -1 0
    outer loop
      vertex -53.65779541087818 -47 27.397101967911688
      vertex -54.2470591405424 -47 26.968976808099576
      vertex -46.8529408594576 -47 26.968976808099576
    endloop
  endfacet
  facet normal 0 -1 0
    outer loop
      vertex -53.65779541087818 -47 27.397101967911688
      vertex -47.44220458912182 -47 27.397101967911688
      vertex -53.019519891077415 -47 27.747996904302912
    endloop
  endfacet
  facet normal 0 -1 0
    outer loop
      vertex -53.019519891077415 -47 27.747996904302912
      vertex -48.08048010892258 -47 27.747996904302912
      vertex -52.34229856737469 -47 28.01612779451189
    endloop
  endfacet
  facet normal 0 -1 0
    outer loop
      vertex -52.34229856737469 -47 28.01612779451189
      vertex -48.7577014326253 -47 28.01612779451189
      vertex -51.6368116245972 -47 28.197266054226393
    endloop
  endfacet
  facet normal 0 -1 0
    outer loop
      vertex -51.6368116245972 -47 28.197266054226393
      vertex -49.463188375402794 -47 28.197266054226393
      vertex -50.914185013270014 -47 28.288555024883976
    endloop
  endfacet
  facet normal -0.1253332335643075 -1.6801657904251358e-18 -0.9921147013144774
    outer loop
      vertex -50.18581498672998 -47 28.288555024883976
      vertex -49.463188375402794 -47 28.197266054226393
      vertex -49.463188375402794 -50 28.197266054226393
    endloop
  endfacet
  facet normal -0.2486898871648569 -8.750119701811064e-19 -0.9685831611286305
    outer loop
      vertex -49.463188375402794 -47 28.197266054226393
      vertex -48.7577014326253 -47 28.01612779451189
      vertex -48.7577014326253 -50 28.01612779451189
    endloop
  endfacet
  facet normal 0 -1 0
    outer loop
      vertex -54.778018039044184 -47 26.47037321438639
      vertex -45.857701432625305 -47 25.909154463296346
      vertex -46.32198196095581 -47 26.47037321438639
    endloop
  endfacet
  facet normal 0 -1 0
    outer loop
      vertex -53.65779541087818 -47 27.397101967911688
      vertex -46.8529408594576 -47 26.968976808099576
      vertex -47.44220458912182 -47 27.397101967911688
    endloop
  endfacet
  facet normal 0 -1 0
    outer loop
      vertex -54.2470591405424 -47 26.968976808099576
      vertex -46.32198196095581 -47 26.47037321438639
      vertex -46.8529408594576 -47 26.968976808099576
    endloop
  endfacet
  facet normal 0 -1 0
    outer loop
      vertex -51.6368116245972 -47 28.197266054226393
      vertex -48.7577014326253 -47 28.01612779451189
      vertex -49.463188375402794 -47 28.197266054226393
    endloop
  endfacet
  facet normal 0 -1 0
    outer loop
      vertex -50.914185013270014 -47 28.288555024883976
      vertex -49.463188375402794 -47 28.197266054226393
      vertex -50.18581498672998 -47 28.288555024883976
    endloop
  endfacet
  facet normal 0 -1 0
    outer loop
      vertex -52.34229856737469 -47 28.01612779451189
      vertex -48.08048010892258 -47 27.747996904302912
      vertex -48.7577014326253 -47 28.01612779451189
    endloop
  endfacet
  facet normal 0 -1 0
    outer loop
      vertex -53.019519891077415 -47 27.747996904302912
      vertex -47.44220458912182 -47 27.397101967911688
      vertex -48.08048010892258 -47 27.747996904302912
    endloop
  endfacet
  facet normal -0.3681245526846772 0 -0.9297764858882517
    outer loop
      vertex -48.7577014326253 -47 28.01612779451189
      vertex -48.08048010892258 -50 27.747996904302912
      vertex -48.7577014326253 -50 28.01612779451189
    endloop
  endfacet
  facet normal -0.48175367410171477 0 -0.8763066800438638
    outer loop
      vertex -48.08048010892258 -47 27.747996904302912
      vertex -47.44220458912182 -50 27.397101967911688
      vertex -48.08048010892258 -50 27.747996904302912
    endloop
  endfacet
  facet normal -0.5877852522924715 0 -0.8090169943749487
    outer loop
      vertex -47.44220458912182 -47 27.397101967911688
      vertex -46.8529408594576 -50 26.968976808099576
      vertex -47.44220458912182 -50 27.397101967911688
    endloop
  endfacet
  facet normal -0.7705132427757888 0 -0.6374239897486904
    outer loop
      vertex -46.32198196095581 -47 26.47037321438639
      vertex -45.857701432625305 -50 25.909154463296346
      vertex -46.32198196095581 -50 26.47037321438639
    endloop
  endfacet
  facet normal -0.6845471059286895 0 -0.7289686274214109
    outer loop
      vertex -46.8529408594576 -47 26.968976808099576
      vertex -46.32198196095581 -50 26.47037321438639
      vertex -46.8529408594576 -50 26.968976808099576
    endloop
  endfacet
  facet normal -0.3681245526846772 2.757649126557174e-18 -0.9297764858882517
    outer loop
      vertex -48.7577014326253 -47 28.01612779451189
      vertex -48.08048010892258 -47 27.747996904302912
      vertex -48.08048010892258 -50 27.747996904302912
    endloop
  endfacet
  facet normal -0.48175367410171477 2.2605528172553716e-18 -0.8763066800438638
    outer loop
      vertex -48.08048010892258 -47 27.747996904302912
      vertex -47.44220458912182 -47 27.397101967911688
      vertex -47.44220458912182 -50 27.397101967911688
    endloop
  endfacet
  facet normal -0.5877852522924715 5.1595744061801085e-18 -0.8090169943749487
    outer loop
      vertex -47.44220458912182 -47 27.397101967911688
      vertex -46.8529408594576 -47 26.968976808099576
      vertex -46.8529408594576 -50 26.968976808099576
    endloop
  endfacet
  facet normal -0.6845471059286895 8.12585357461792e-18 -0.7289686274214109
    outer loop
      vertex -46.8529408594576 -47 26.968976808099576
      vertex -46.32198196095581 -47 26.47037321438639
      vertex -46.32198196095581 -50 26.47037321438639
    endloop
  endfacet
  facet normal -1 0 0
    outer loop
      vertex -85 -35.21479050035136 6.673933588309367
      vertex -85 -36 6
      vertex -85 -35.43013567315335 6.90325290567953
    endloop
  endfacet
  facet normal -1 0 0
    outer loop
      vertex -85 -36 6
      vertex -85 -35.21479050035136 6.673933588309367
      vertex -85 -35.004540909323715 6.5
    endloop
  endfacet
  facet normal -1 0 0
    outer loop
      vertex -85 -34.97240205699265 6.473412429090757
      vertex -85 -36 6
      vertex -85 -35.004540909323715 6.5
    endloop
  endfacet
  facet normal -1 0 0
    outer loop
      vertex -85 -34.7067929536248 6.304851766490124
      vertex -85 -36 6
      vertex -85 -34.97240205699265 6.473412429090757
    endloop
  endfacet
  facet normal -1 0 0
    outer loop
      vertex -85 -34.42215200447512 6.170909902849928
      vertex -85 -36 6
      vertex -85 -34.7067929536248 6.304851766490124
    endloop
  endfacet
  facet normal -1 0 0
    outer loop
      vertex -85 -35.882396573319355 7.725912429090755
      vertex -85 -36 6
      vertex -85 -35.960629563075365 8.030609806962758
    endloop
  endfacet
  facet normal -1 0 0
    outer loop
      vertex -85 -36 8.342258905603966
      vertex -85 -35.960629563075365 8.030609806962758
      vertex -85 -36 6
    endloop
  endfacet
  facet normal -1 0 0
    outer loop
      vertex -85 -36.00005695471282 8.41880225352061
      vertex -85 -36.00005695471282 8.342709748579068
      vertex -85 -37.660100247266186 8.446739450506222
    endloop
  endfacet
  facet normal -1 0 0
    outer loop
      vertex -85 -36.00005695471282 8.342709748579068
      vertex -85 -36 8.342258905603966
      vertex -85 -37.660100247266186 8.446739450506222
    endloop
  endfacet
  facet normal -1 0 0
    outer loop
      vertex -85 -35.882396573319355 7.725912429090755
      vertex -85 -35.76659176642738 7.433422874629493
      vertex -85 -36 6
    endloop
  endfacet
  facet normal -1 0 0
    outer loop
      vertex -85 -35.615041453382545 7.157753878577616
      vertex -85 -36 6
      vertex -85 -35.76659176642738 7.433422874629493
    endloop
  endfacet
  facet normal -1 0 0
    outer loop
      vertex -85 -35.43013567315335 6.90325290567953
      vertex -85 -36 6
      vertex -85 -35.615041453382545 7.157753878577616
    endloop
  endfacet
  facet normal -1 0 0
    outer loop
      vertex -85 -34.12296816734796 6.073699181372781
      vertex -85 -36 6
      vertex -85 -34.42215200447512 6.170909902849928
    endloop
  endfacet
  facet normal -1 0 0
    outer loop
      vertex -85 -33.81395975007858 6.014752673207234
      vertex -85 -36 6
      vertex -85 -34.12296816734796 6.073699181372781
    endloop
  endfacet
  facet normal -1 0 0
    outer loop
      vertex -85 -33.57947272421936 6
      vertex -85 -36 6
      vertex -85 -33.81395975007858 6.014752673207234
    endloop
  endfacet
  facet normal 1 0 0
    outer loop
      vertex -40.55 -35.21479050035136 6.673933588309367
      vertex -40.55 -35.43013567315335 6.90325290567953
      vertex -40.55 -36 6
    endloop
  endfacet
  facet normal 1 0 0
    outer loop
      vertex -40.55 -35.004540909323715 6.5
      vertex -40.55 -35.21479050035136 6.673933588309367
      vertex -40.55 -36 6
    endloop
  endfacet
  facet normal 1 0 0
    outer loop
      vertex -40.55 -36 6
      vertex -40.55 -34.97240205699265 6.473412429090757
      vertex -40.55 -35.004540909323715 6.5
    endloop
  endfacet
  facet normal 1 0 0
    outer loop
      vertex -40.55 -34.7067929536248 6.304851766490124
      vertex -40.55 -34.97240205699265 6.473412429090757
      vertex -40.55 -36 6
    endloop
  endfacet
  facet normal 1 0 0
    outer loop
      vertex -40.55 -34.42215200447512 6.170909902849928
      vertex -40.55 -34.7067929536248 6.304851766490124
      vertex -40.55 -36 6
    endloop
  endfacet
  facet normal 1 0 0
    outer loop
      vertex -40.55 -35.882396573319355 7.725912429090755
      vertex -40.55 -35.960629563075365 8.030609806962758
      vertex -40.55 -36 6
    endloop
  endfacet
  facet normal 1 0 0
    outer loop
      vertex -40.55 -36 8.342258905603966
      vertex -40.55 -36 6
      vertex -40.55 -35.960629563075365 8.030609806962758
    endloop
  endfacet
  facet normal 1 0 0
    outer loop
      vertex -40.55 -35.882396573319355 7.725912429090755
      vertex -40.55 -36 6
      vertex -40.55 -35.76659176642738 7.433422874629493
    endloop
  endfacet
  facet normal 1 0 0
    outer loop
      vertex -40.55 -35.615041453382545 7.157753878577616
      vertex -40.55 -35.76659176642738 7.433422874629493
      vertex -40.55 -36 6
    endloop
  endfacet
  facet normal 1 0 0
    outer loop
      vertex -40.55 -35.43013567315335 6.90325290567953
      vertex -40.55 -35.615041453382545 7.157753878577616
      vertex -40.55 -36 6
    endloop
  endfacet
  facet normal 1 0 0
    outer loop
      vertex -40.55 -34.12296816734796 6.073699181372781
      vertex -40.55 -34.42215200447512 6.170909902849928
      vertex -40.55 -36 6
    endloop
  endfacet
  facet normal 1 0 0
    outer loop
      vertex -40.55 -33.81395975007858 6.014752673207234
      vertex -40.55 -34.12296816734796 6.073699181372781
      vertex -40.55 -36 6
    endloop
  endfacet
  facet normal 1 0 0
    outer loop
      vertex -40.55 -33.57947272421936 6
      vertex -40.55 -33.81395975007858 6.014752673207234
      vertex -40.55 -36 6
    endloop
  endfacet
  facet normal 0.6845471059286985 0.7289686274214022 0
    outer loop
      vertex -81.20139019597494 -29.39591487075041 8.5
      vertex -80.88098396412042 -29.696796349715264 6.699999999999999
      vertex -81.20139019597494 -29.39591487075041 6.699999999999999
    endloop
  endfacet
  facet normal 0.6845471059286985 0.7289686274214022 3.3120941051892774e-18
    outer loop
      vertex -81.20139019597494 -29.39591487075041 8.5
      vertex -80.88098396412042 -29.696796349715264 8.5
      vertex -80.88098396412042 -29.696796349715264 6.699999999999999
    endloop
  endfacet
  facet normal 0.24868988716485743 0.9685831611286304 0
    outer loop
      vertex -79.73155948031231 -30.328697807033038 8.5
      vertex -79.30583460105004 -30.43800537755041 6.699999999999999
      vertex -79.73155948031231 -30.328697807033038 6.699999999999999
    endloop
  endfacet
  facet normal 0.24868988716485743 0.9685831611286304 4.1992039845741635e-18
    outer loop
      vertex -79.73155948031231 -30.328697807033038 8.5
      vertex -79.30583460105004 -30.43800537755041 8.5
      vertex -79.30583460105004 -30.43800537755041 6.699999999999999
    endloop
  endfacet
  facet normal 0.48175367410171194 0.8763066800438655 0
    outer loop
      vertex -80.52539378242649 -29.95514773925705 8.5
      vertex -80.14022752047775 -30.166894683631067 6.699999999999999
      vertex -80.52539378242649 -29.95514773925705 6.699999999999999
    endloop
  endfacet
  facet normal 0.5877852522924663 0.8090169943749524 0
    outer loop
      vertex -80.88098396412042 -29.696796349715264 8.5
      vertex -80.52539378242649 -29.95514773925705 6.699999999999999
      vertex -80.88098396412042 -29.696796349715264 6.699999999999999
    endloop
  endfacet
  facet normal 0.36812455268468075 0.9297764858882502 0
    outer loop
      vertex -80.14022752047775 -30.166894683631067 8.5
      vertex -79.73155948031231 -30.328697807033038 6.699999999999999
      vertex -80.14022752047775 -30.166894683631067 6.699999999999999
    endloop
  endfacet
  facet normal 0.5877852522924663 0.8090169943749524 1.7701156141304865e-18
    outer loop
      vertex -80.88098396412042 -29.696796349715264 8.5
      vertex -80.52539378242649 -29.95514773925705 8.5
      vertex -80.52539378242649 -29.95514773925705 6.699999999999999
    endloop
  endfacet
  facet normal 0.48175367410171194 0.8763066800438655 8.159175176542748e-18
    outer loop
      vertex -80.52539378242649 -29.95514773925705 8.5
      vertex -80.14022752047775 -30.166894683631067 8.5
      vertex -80.14022752047775 -30.166894683631067 6.699999999999999
    endloop
  endfacet
  facet normal 0.36812455268468075 0.9297764858882502 1.738850955661415e-18
    outer loop
      vertex -80.14022752047775 -30.166894683631067 8.5
      vertex -79.73155948031231 -30.328697807033038 8.5
      vertex -79.73155948031231 -30.328697807033038 6.699999999999999
    endloop
  endfacet
  facet normal 0.8443279255020132 0.5358267949789994 0
    outer loop
      vertex -81.71707338015352 -28.686137859356002 8.5
      vertex -81.48155948031231 -29.057248383023655 6.699999999999999
      vertex -81.71707338015352 -28.686137859356002 6.699999999999999
    endloop
  endfacet
  facet normal 0.7705132427757896 0.6374239897486893 0
    outer loop
      vertex -81.48155948031231 -29.057248383023655 8.5
      vertex -81.20139019597494 -29.39591487075041 6.699999999999999
      vertex -81.48155948031231 -29.057248383023655 6.699999999999999
    endloop
  endfacet
  facet normal 0.8443279255020132 0.5358267949789994 6.79251001726491e-20
    outer loop
      vertex -81.71707338015352 -28.686137859356002 8.5
      vertex -81.48155948031231 -29.057248383023655 8.5
      vertex -81.48155948031231 -29.057248383023655 6.699999999999999
    endloop
  endfacet
  facet normal 0.9048270524660171 0.4257792915650778 6.9130197357434316e-18
    outer loop
      vertex -81.90421770060888 -28.28843593439637 8.5
      vertex -81.71707338015352 -28.686137859356002 8.5
      vertex -81.71707338015352 -28.686137859356002 6.699999999999999
    endloop
  endfacet
  facet normal 0.7705132427757896 0.6374239897486893 6.236697391957809e-18
    outer loop
      vertex -81.48155948031231 -29.057248383023655 8.5
      vertex -81.20139019597494 -29.39591487075041 8.5
      vertex -81.20139019597494 -29.39591487075041 6.699999999999999
    endloop
  endfacet
  facet normal 0.9510565162951522 0.3090169943749513 0
    outer loop
      vertex -82.04004106395021 -27.87041460507699 8.5
      vertex -81.90421770060888 -28.28843593439637 6.699999999999999
      vertex -82.04004106395021 -27.87041460507699 6.699999999999999
    endloop
  endfacet
  facet normal 0.9048270524660171 0.4257792915650778 0
    outer loop
      vertex -81.90421770060888 -28.28843593439637 8.5
      vertex -81.71707338015352 -28.686137859356002 6.699999999999999
      vertex -81.90421770060888 -28.28843593439637 6.699999999999999
    endloop
  endfacet
  facet normal 0 0 1
    outer loop
      vertex -81.48155948031231 -24.942751616976345 6.699999999999999
      vertex -81.71707338015352 -28.686137859356002 6.699999999999999
      vertex -81.48155948031231 -29.057248383023655 6.699999999999999
    endloop
  endfacet
  facet normal 0.9822872507286884 0.18738131458572663 0
    outer loop
      vertex -82.12240145460068 -27.438666317475064 8.5
      vertex -82.04004106395021 -27.87041460507699 6.699999999999999
      vertex -82.12240145460068 -27.438666317475064 6.699999999999999
    endloop
  endfacet
  facet normal 0 0 1
    outer loop
      vertex -81.20139019597494 -24.60408512924959 6.699999999999999
      vertex -81.48155948031231 -29.057248383023655 6.699999999999999
      vertex -81.20139019597494 -29.39591487075041 6.699999999999999
    endloop
  endfacet
  facet normal 0 0 1
    outer loop
      vertex -80.88098396412042 -24.303203650284736 6.699999999999999
      vertex -81.20139019597494 -29.39591487075041 6.699999999999999
      vertex -80.88098396412042 -29.696796349715264 6.699999999999999
    endloop
  endfacet
  facet normal 0.9510565162951522 0.3090169943749513 4.264491778817693e-18
    outer loop
      vertex -82.04004106395021 -27.87041460507699 8.5
      vertex -81.90421770060888 -28.28843593439637 8.5
      vertex -81.90421770060888 -28.28843593439637 6.699999999999999
    endloop
  endfacet
  facet normal 0.9822872507286884 0.18738131458572663 -1.1844474603654792e-19
    outer loop
      vertex -82.12240145460068 -27.438666317475064 8.5
      vertex -82.04004106395021 -27.87041460507699 8.5
      vertex -82.04004106395021 -27.87041460507699 6.699999999999999
    endloop
  endfacet
  facet normal 0 0 1
    outer loop
      vertex -80.14022752047775 -23.833105316368933 6.699999999999999
      vertex -80.52539378242649 -29.95514773925705 6.699999999999999
      vertex -80.14022752047775 -30.166894683631067 6.699999999999999
    endloop
  endfacet
  facet normal 0 0 1
    outer loop
      vertex -80.52539378242649 -24.04485226074295 6.699999999999999
      vertex -80.88098396412042 -29.696796349715264 6.699999999999999
      vertex -80.52539378242649 -29.95514773925705 6.699999999999999
    endloop
  endfacet
  facet normal 0 0 1
    outer loop
      vertex -79.73155948031231 -23.671302192966962 6.699999999999999
      vertex -80.14022752047775 -30.166894683631067 6.699999999999999
      vertex -79.73155948031231 -30.328697807033038 6.699999999999999
    endloop
  endfacet
  facet normal 0 0 1
    outer loop
      vertex -79.30583460105004 -23.56199462244959 6.699999999999999
      vertex -79.73155948031231 -30.328697807033038 6.699999999999999
      vertex -79.30583460105004 -30.43800537755041 6.699999999999999
    endloop
  endfacet
  facet normal 0.12533323356430592 0.9921147013144777 0
    outer loop
      vertex -79.30583460105004 -30.43800537755041 8.5
      vertex -78.8697668183526 -30.49309354949895 6.699999999999999
      vertex -79.30583460105004 -30.43800537755041 6.699999999999999
    endloop
  endfacet
  facet normal 0 1 0
    outer loop
      vertex -78.8697668183526 -30.49309354949895 8.5
      vertex -78.43023318164741 -30.49309354949895 6.699999999999999
      vertex -78.8697668183526 -30.49309354949895 6.699999999999999
    endloop
  endfacet
  facet normal -0.12533323356430193 0.9921147013144782 0
    outer loop
      vertex -78.43023318164741 -30.49309354949895 8.5
      vertex -77.99416539894996 -30.43800537755041 6.699999999999999
      vertex -78.43023318164741 -30.49309354949895 6.699999999999999
    endloop
  endfacet
  facet normal 0.12533323356430592 0.9921147013144777 4.1448190174830497e-19
    outer loop
      vertex -79.30583460105004 -30.43800537755041 8.5
      vertex -78.8697668183526 -30.49309354949895 8.5
      vertex -78.8697668183526 -30.49309354949895 6.699999999999999
    endloop
  endfacet
  facet normal 0 1 0
    outer loop
      vertex -78.8697668183526 -30.49309354949895 8.5
      vertex -78.43023318164741 -30.49309354949895 8.5
      vertex -78.43023318164741 -30.49309354949895 6.699999999999999
    endloop
  endfacet
  facet normal -0.12533323356430193 0.9921147013144782 -1.9881233844147885e-18
    outer loop
      vertex -78.43023318164741 -30.49309354949895 8.5
      vertex -77.99416539894996 -30.43800537755041 8.5
      vertex -77.99416539894996 -30.43800537755041 6.699999999999999
    endloop
  endfacet
  facet normal -0.24868988716485743 0.9685831611286304 0
    outer loop
      vertex -77.99416539894996 -30.43800537755041 8.5
      vertex -77.56844051968768 -30.328697807033038 6.699999999999999
      vertex -77.99416539894996 -30.43800537755041 6.699999999999999
    endloop
  endfacet
  facet normal -0.24868988716485743 0.9685831611286304 -4.1992039845741635e-18
    outer loop
      vertex -77.99416539894996 -30.43800537755041 8.5
      vertex -77.56844051968768 -30.328697807033038 8.5
      vertex -77.56844051968768 -30.328697807033038 6.699999999999999
    endloop
  endfacet
  facet normal -0.36812455268468075 0.9297764858882502 0
    outer loop
      vertex -77.56844051968768 -30.328697807033038 8.5
      vertex -77.15977247952225 -30.166894683631067 6.699999999999999
      vertex -77.56844051968768 -30.328697807033038 6.699999999999999
    endloop
  endfacet
  facet normal -0.48175367410171194 0.8763066800438655 0
    outer loop
      vertex -77.15977247952225 -30.166894683631067 8.5
      vertex -76.7746062175735 -29.95514773925705 6.699999999999999
      vertex -77.15977247952225 -30.166894683631067 6.699999999999999
    endloop
  endfacet
  facet normal -0.36812455268468075 0.9297764858882502 -1.738850955661415e-18
    outer loop
      vertex -77.56844051968768 -30.328697807033038 8.5
      vertex -77.15977247952225 -30.166894683631067 8.5
      vertex -77.15977247952225 -30.166894683631067 6.699999999999999
    endloop
  endfacet
  facet normal -0.48175367410171194 0.8763066800438655 0
    outer loop
      vertex -76.7746062175735 -29.95514773925705 8.5
      vertex -76.7746062175735 -29.95514773925705 6.699999999999999
      vertex -77.15977247952225 -30.166894683631067 8.5
    endloop
  endfacet
  facet normal 0 0 1
    outer loop
      vertex -78.8697668183526 -23.50690645050105 6.699999999999999
      vertex -79.30583460105004 -30.43800537755041 6.699999999999999
      vertex -78.8697668183526 -30.49309354949895 6.699999999999999
    endloop
  endfacet
  facet normal 0 0 1
    outer loop
      vertex -78.4302331816474 -23.50690645050105 6.699999999999999
      vertex -78.8697668183526 -30.49309354949895 6.699999999999999
      vertex -78.43023318164741 -30.49309354949895 6.699999999999999
    endloop
  endfacet
  facet normal 0 0 1
    outer loop
      vertex -77.99416539894996 -23.56199462244959 6.699999999999999
      vertex -78.43023318164741 -30.49309354949895 6.699999999999999
      vertex -77.99416539894996 -30.43800537755041 6.699999999999999
    endloop
  endfacet
  facet normal 0 0 1
    outer loop
      vertex -77.56844051968768 -23.671302192966962 6.699999999999999
      vertex -77.99416539894996 -30.43800537755041 6.699999999999999
      vertex -77.56844051968768 -30.328697807033038 6.699999999999999
    endloop
  endfacet
  facet normal 0 0 1
    outer loop
      vertex -77.15977247952225 -23.833105316368933 6.699999999999999
      vertex -77.56844051968768 -30.328697807033038 6.699999999999999
      vertex -77.15977247952225 -30.166894683631067 6.699999999999999
    endloop
  endfacet
  facet normal 0 0 1
    outer loop
      vertex -76.7746062175735 -24.044852260742946 6.699999999999999
      vertex -77.15977247952225 -30.166894683631067 6.699999999999999
      vertex -76.7746062175735 -29.95514773925705 6.699999999999999
    endloop
  endfacet
  facet normal -0.5877852522924817 0.8090169943749412 0
    outer loop
      vertex -76.7746062175735 -29.95514773925705 8.5
      vertex -76.4190160358796 -29.696796349715264 6.699999999999999
      vertex -76.7746062175735 -29.95514773925705 6.699999999999999
    endloop
  endfacet
  facet normal -0.6845471059286825 0.7289686274214174 0
    outer loop
      vertex -76.4190160358796 -29.696796349715264 8.5
      vertex -76.09860980402506 -29.39591487075041 6.699999999999999
      vertex -76.4190160358796 -29.696796349715264 6.699999999999999
    endloop
  endfacet
  facet normal -0.5877852522924817 0.8090169943749412 6.0913820968514656e-18
    outer loop
      vertex -76.7746062175735 -29.95514773925705 8.5
      vertex -76.4190160358796 -29.696796349715264 8.5
      vertex -76.4190160358796 -29.696796349715264 6.699999999999999
    endloop
  endfacet
  facet normal -0.6845471059286825 0.7289686274214174 0
    outer loop
      vertex -76.09860980402506 -29.39591487075041 8.5
      vertex -76.09860980402506 -29.39591487075041 6.699999999999999
      vertex -76.4190160358796 -29.696796349715264 8.5
    endloop
  endfacet
  facet normal -0.7705132427757896 0.6374239897486893 0
    outer loop
      vertex -76.09860980402506 -29.39591487075041 8.5
      vertex -75.81844051968768 -29.057248383023655 6.699999999999999
      vertex -76.09860980402506 -29.39591487075041 6.699999999999999
    endloop
  endfacet
  facet normal -0.8443279255020132 0.5358267949789994 0
    outer loop
      vertex -75.81844051968768 -29.057248383023655 8.5
      vertex -75.58292661984648 -28.686137859356002 6.699999999999999
      vertex -75.81844051968768 -29.057248383023655 6.699999999999999
    endloop
  endfacet
  facet normal -0.9048270524660156 0.42577929156508093 0
    outer loop
      vertex -75.58292661984648 -28.686137859356002 8.5
      vertex -75.39578229939112 -28.288435934396375 6.699999999999999
      vertex -75.58292661984648 -28.686137859356002 6.699999999999999
    endloop
  endfacet
  facet normal -0.7705132427757896 0.6374239897486893 -6.236697391957809e-18
    outer loop
      vertex -76.09860980402506 -29.39591487075041 8.5
      vertex -75.81844051968768 -29.057248383023655 8.5
      vertex -75.81844051968768 -29.057248383023655 6.699999999999999
    endloop
  endfacet
  facet normal -0.8443279255020132 0.5358267949789994 0
    outer loop
      vertex -75.58292661984648 -28.686137859356002 8.5
      vertex -75.58292661984648 -28.686137859356002 6.699999999999999
      vertex -75.81844051968768 -29.057248383023655 8.5
    endloop
  endfacet
  facet normal 0 0 1
    outer loop
      vertex -76.4190160358796 -24.303203650284736 6.699999999999999
      vertex -76.7746062175735 -29.95514773925705 6.699999999999999
      vertex -76.4190160358796 -29.696796349715264 6.699999999999999
    endloop
  endfacet
  facet normal 0 0 1
    outer loop
      vertex -76.09860980402506 -24.60408512924959 6.699999999999999
      vertex -76.4190160358796 -29.696796349715264 6.699999999999999
      vertex -76.09860980402506 -29.39591487075041 6.699999999999999
    endloop
  endfacet
  facet normal -0.9510565162951625 0.3090169943749197 -4.591397298461018e-19
    outer loop
      vertex -75.2599589360498 -27.87041460507699 6.699999999999999
      vertex -75.39578229939112 -28.288435934396375 6.699999999999999
      vertex -75.39578229939112 -28.288435934396375 8.5
    endloop
  endfacet
  facet normal 0 0 1
    outer loop
      vertex -75.81844051968768 -24.942751616976345 6.699999999999999
      vertex -76.09860980402506 -29.39591487075041 6.699999999999999
      vertex -75.81844051968768 -29.057248383023655 6.699999999999999
    endloop
  endfacet
  facet normal 0 0 1
    outer loop
      vertex -75.58292661984648 -25.313862140643998 6.699999999999999
      vertex -75.81844051968768 -29.057248383023655 6.699999999999999
      vertex -75.58292661984648 -28.686137859356002 6.699999999999999
    endloop
  endfacet
  facet normal 0 0 1
    outer loop
      vertex -75.39578229939112 -25.711564065603625 6.699999999999999
      vertex -75.58292661984648 -28.686137859356002 6.699999999999999
      vertex -75.39578229939112 -28.288435934396375 6.699999999999999
    endloop
  endfacet
  facet normal -0.9048270524660156 0.42577929156508093 0
    outer loop
      vertex -75.39578229939112 -28.288435934396375 8.5
      vertex -75.39578229939112 -28.288435934396375 6.699999999999999
      vertex -75.58292661984648 -28.686137859356002 8.5
    endloop
  endfacet
  facet normal -0.9510565162951625 0.3090169943749197 0
    outer loop
      vertex -75.2599589360498 -27.87041460507699 8.5
      vertex -75.2599589360498 -27.87041460507699 6.699999999999999
      vertex -75.39578229939112 -28.288435934396375 8.5
    endloop
  endfacet
  facet normal -0.9822872507286823 0.1873813145857578 0
    outer loop
      vertex -75.2599589360498 -27.87041460507699 8.5
      vertex -75.17759854539932 -27.438666317475064 6.699999999999999
      vertex -75.2599589360498 -27.87041460507699 6.699999999999999
    endloop
  endfacet
  facet normal -0.9822872507286823 0.1873813145857578 0
    outer loop
      vertex -75.17759854539932 -27.438666317475064 8.5
      vertex -75.17759854539932 -27.438666317475064 6.699999999999999
      vertex -75.2599589360498 -27.87041460507699 8.5
    endloop
  endfacet
  facet normal 0 0 1
    outer loop
      vertex -81.90421770060888 -25.71156406560363 6.699999999999999
      vertex -82.04004106395021 -27.87041460507699 6.699999999999999
      vertex -81.90421770060888 -28.28843593439637 6.699999999999999
    endloop
  endfacet
  facet normal 0 0 1
    outer loop
      vertex -82.04004106395021 -26.12958539492301 6.699999999999999
      vertex -82.12240145460068 -27.438666317475064 6.699999999999999
      vertex -82.04004106395021 -27.87041460507699 6.699999999999999
    endloop
  endfacet
  facet normal 0 0 1
    outer loop
      vertex -81.71707338015352 -25.313862140643998 6.699999999999999
      vertex -81.90421770060888 -28.28843593439637 6.699999999999999
      vertex -81.71707338015352 -28.686137859356002 6.699999999999999
    endloop
  endfacet
  facet normal 0.9980267284282714 0.06279051952931572 0
    outer loop
      vertex -82.15 -27 8.5
      vertex -82.12240145460068 -27.438666317475064 6.699999999999999
      vertex -82.15 -27 6.699999999999999
    endloop
  endfacet
  facet normal 0 0 1
    outer loop
      vertex -82.12240145460068 -26.561333682524936 6.699999999999999
      vertex -82.15 -27 6.699999999999999
      vertex -82.12240145460068 -27.438666317475064 6.699999999999999
    endloop
  endfacet
  facet normal 0 0 1
    outer loop
      vertex -82.04004106395021 -26.12958539492301 6.699999999999999
      vertex -82.12240145460068 -26.561333682524936 6.699999999999999
      vertex -82.12240145460068 -27.438666317475064 6.699999999999999
    endloop
  endfacet
  facet normal 0 0 1
    outer loop
      vertex -81.90421770060888 -25.71156406560363 6.699999999999999
      vertex -82.04004106395021 -26.12958539492301 6.699999999999999
      vertex -82.04004106395021 -27.87041460507699 6.699999999999999
    endloop
  endfacet
  facet normal 0.9980267284282714 -0.06279051952931572 0
    outer loop
      vertex -82.12240145460068 -26.561333682524936 8.5
      vertex -82.15 -27 6.699999999999999
      vertex -82.12240145460068 -26.561333682524936 6.699999999999999
    endloop
  endfacet
  facet normal 0.9980267284282714 0.06279051952931572 8.748375715020003e-19
    outer loop
      vertex -82.15 -27 8.5
      vertex -82.12240145460068 -27.438666317475064 8.5
      vertex -82.12240145460068 -27.438666317475064 6.699999999999999
    endloop
  endfacet
  facet normal 0.9980267284282714 -0.06279051952931572 -8.748375715020003e-19
    outer loop
      vertex -82.12240145460068 -26.561333682524936 8.5
      vertex -82.15 -27 8.5
      vertex -82.15 -27 6.699999999999999
    endloop
  endfacet
  facet normal 0 0 1
    outer loop
      vertex -81.71707338015352 -25.313862140643998 6.699999999999999
      vertex -81.90421770060888 -25.71156406560363 6.699999999999999
      vertex -81.90421770060888 -28.28843593439637 6.699999999999999
    endloop
  endfacet
  facet normal 0 0 1
    outer loop
      vertex -81.48155948031231 -24.942751616976345 6.699999999999999
      vertex -81.71707338015352 -25.313862140643998 6.699999999999999
      vertex -81.71707338015352 -28.686137859356002 6.699999999999999
    endloop
  endfacet
  facet normal 0.9822872507286884 -0.18738131458572663 0
    outer loop
      vertex -82.04004106395021 -26.12958539492301 8.5
      vertex -82.12240145460068 -26.561333682524936 6.699999999999999
      vertex -82.04004106395021 -26.12958539492301 6.699999999999999
    endloop
  endfacet
  facet normal 0.9510565162951522 -0.3090169943749513 0
    outer loop
      vertex -81.90421770060888 -25.71156406560363 8.5
      vertex -82.04004106395021 -26.12958539492301 6.699999999999999
      vertex -81.90421770060888 -25.71156406560363 6.699999999999999
    endloop
  endfacet
  facet normal 0 0 1
    outer loop
      vertex -81.20139019597494 -24.60408512924959 6.699999999999999
      vertex -81.48155948031231 -24.942751616976345 6.699999999999999
      vertex -81.48155948031231 -29.057248383023655 6.699999999999999
    endloop
  endfacet
  facet normal 0 0 1
    outer loop
      vertex -80.88098396412042 -24.303203650284736 6.699999999999999
      vertex -81.20139019597494 -24.60408512924959 6.699999999999999
      vertex -81.20139019597494 -29.39591487075041 6.699999999999999
    endloop
  endfacet
  facet normal 0.9822872507286884 -0.18738131458572663 1.1844474603654792e-19
    outer loop
      vertex -82.04004106395021 -26.12958539492301 8.5
      vertex -82.12240145460068 -26.561333682524936 8.5
      vertex -82.12240145460068 -26.561333682524936 6.699999999999999
    endloop
  endfacet
  facet normal 0.9510565162951522 -0.3090169943749513 -4.264491778817693e-18
    outer loop
      vertex -81.90421770060888 -25.71156406560363 8.5
      vertex -82.04004106395021 -26.12958539492301 8.5
      vertex -82.04004106395021 -26.12958539492301 6.699999999999999
    endloop
  endfacet
  facet normal 0 0 1
    outer loop
      vertex -80.88098396412042 -24.303203650284736 6.699999999999999
      vertex -80.88098396412042 -29.696796349715264 6.699999999999999
      vertex -80.52539378242649 -24.04485226074295 6.699999999999999
    endloop
  endfacet
  facet normal 0 0 1
    outer loop
      vertex -80.14022752047775 -23.833105316368933 6.699999999999999
      vertex -80.52539378242649 -24.04485226074295 6.699999999999999
      vertex -80.52539378242649 -29.95514773925705 6.699999999999999
    endloop
  endfacet
  facet normal 0 0 1
    outer loop
      vertex -80.14022752047775 -23.833105316368933 6.699999999999999
      vertex -80.14022752047775 -30.166894683631067 6.699999999999999
      vertex -79.73155948031231 -23.671302192966962 6.699999999999999
    endloop
  endfacet
  facet normal 0 0 1
    outer loop
      vertex -79.73155948031231 -23.671302192966962 6.699999999999999
      vertex -79.73155948031231 -30.328697807033038 6.699999999999999
      vertex -79.30583460105004 -23.56199462244959 6.699999999999999
    endloop
  endfacet
  facet normal 0.9048270524660171 -0.4257792915650778 0
    outer loop
      vertex -81.71707338015352 -25.313862140643998 8.5
      vertex -81.90421770060888 -25.71156406560363 6.699999999999999
      vertex -81.71707338015352 -25.313862140643998 6.699999999999999
    endloop
  endfacet
  facet normal 0.8443279255020132 -0.5358267949789994 0
    outer loop
      vertex -81.48155948031231 -24.942751616976345 8.5
      vertex -81.71707338015352 -25.313862140643998 6.699999999999999
      vertex -81.48155948031231 -24.942751616976345 6.699999999999999
    endloop
  endfacet
  facet normal 0.7705132427757896 -0.6374239897486893 0
    outer loop
      vertex -81.20139019597494 -24.60408512924959 8.5
      vertex -81.48155948031231 -24.942751616976345 6.699999999999999
      vertex -81.20139019597494 -24.60408512924959 6.699999999999999
    endloop
  endfacet
  facet normal 0.9048270524660171 -0.4257792915650778 -6.9130197357434316e-18
    outer loop
      vertex -81.71707338015352 -25.313862140643998 8.5
      vertex -81.90421770060888 -25.71156406560363 8.5
      vertex -81.90421770060888 -25.71156406560363 6.699999999999999
    endloop
  endfacet
  facet normal 0.8443279255020132 -0.5358267949789994 -6.79251001726491e-20
    outer loop
      vertex -81.48155948031231 -24.942751616976345 8.5
      vertex -81.71707338015352 -25.313862140643998 8.5
      vertex -81.71707338015352 -25.313862140643998 6.699999999999999
    endloop
  endfacet
  facet normal 0.7705132427757896 -0.6374239897486893 -6.236697391957809e-18
    outer loop
      vertex -81.20139019597494 -24.60408512924959 8.5
      vertex -81.48155948031231 -24.942751616976345 8.5
      vertex -81.48155948031231 -24.942751616976345 6.699999999999999
    endloop
  endfacet
  facet normal 0.6845471059286985 -0.7289686274214022 0
    outer loop
      vertex -80.88098396412042 -24.303203650284736 8.5
      vertex -81.20139019597494 -24.60408512924959 6.699999999999999
      vertex -80.88098396412042 -24.303203650284736 6.699999999999999
    endloop
  endfacet
  facet normal 0.6845471059286985 -0.7289686274214022 -3.3120941051892774e-18
    outer loop
      vertex -80.88098396412042 -24.303203650284736 8.5
      vertex -81.20139019597494 -24.60408512924959 8.5
      vertex -81.20139019597494 -24.60408512924959 6.699999999999999
    endloop
  endfacet
  facet normal 0.5877852522924663 -0.8090169943749524 0
    outer loop
      vertex -80.52539378242649 -24.04485226074295 8.5
      vertex -80.88098396412042 -24.303203650284736 6.699999999999999
      vertex -80.52539378242649 -24.04485226074295 6.699999999999999
    endloop
  endfacet
  facet normal 0.48175367410171194 -0.8763066800438655 0
    outer loop
      vertex -80.14022752047775 -23.833105316368933 8.5
      vertex -80.52539378242649 -24.04485226074295 6.699999999999999
      vertex -80.14022752047775 -23.833105316368933 6.699999999999999
    endloop
  endfacet
  facet normal 0.5877852522924663 -0.8090169943749524 0
    outer loop
      vertex -80.88098396412042 -24.303203650284736 8.5
      vertex -80.88098396412042 -24.303203650284736 6.699999999999999
      vertex -80.52539378242649 -24.04485226074295 8.5
    endloop
  endfacet
  facet normal 0.48175367410171194 -0.8763066800438655 -8.159175176542748e-18
    outer loop
      vertex -80.14022752047775 -23.833105316368933 8.5
      vertex -80.52539378242649 -24.04485226074295 8.5
      vertex -80.52539378242649 -24.04485226074295 6.699999999999999
    endloop
  endfacet
  facet normal 0.36812455268468075 -0.9297764858882502 0
    outer loop
      vertex -80.14022752047775 -23.833105316368933 8.5
      vertex -80.14022752047775 -23.833105316368933 6.699999999999999
      vertex -79.73155948031231 -23.671302192966962 8.5
    endloop
  endfacet
  facet normal 0.36812455268468075 -0.9297764858882502 0
    outer loop
      vertex -79.73155948031231 -23.671302192966962 8.5
      vertex -80.14022752047775 -23.833105316368933 6.699999999999999
      vertex -79.73155948031231 -23.671302192966962 6.699999999999999
    endloop
  endfacet
  facet normal 0.24868988716485743 -0.9685831611286304 0
    outer loop
      vertex -79.30583460105004 -23.56199462244959 8.5
      vertex -79.73155948031231 -23.671302192966962 6.699999999999999
      vertex -79.30583460105004 -23.56199462244959 6.699999999999999
    endloop
  endfacet
  facet normal 0.24868988716485743 -0.9685831611286304 0
    outer loop
      vertex -79.73155948031231 -23.671302192966962 8.5
      vertex -79.73155948031231 -23.671302192966962 6.699999999999999
      vertex -79.30583460105004 -23.56199462244959 8.5
    endloop
  endfacet
  facet normal 0 0 1
    outer loop
      vertex -79.30583460105004 -23.56199462244959 6.699999999999999
      vertex -79.30583460105004 -30.43800537755041 6.699999999999999
      vertex -78.8697668183526 -23.50690645050105 6.699999999999999
    endloop
  endfacet
  facet normal 0 0 1
    outer loop
      vertex -78.8697668183526 -23.50690645050105 6.699999999999999
      vertex -78.8697668183526 -30.49309354949895 6.699999999999999
      vertex -78.4302331816474 -23.50690645050105 6.699999999999999
    endloop
  endfacet
  facet normal 0 0 1
    outer loop
      vertex -78.4302331816474 -23.50690645050105 6.699999999999999
      vertex -78.43023318164741 -30.49309354949895 6.699999999999999
      vertex -77.99416539894996 -23.56199462244959 6.699999999999999
    endloop
  endfacet
  facet normal 0 0 1
    outer loop
      vertex -77.99416539894996 -23.56199462244959 6.699999999999999
      vertex -77.99416539894996 -30.43800537755041 6.699999999999999
      vertex -77.56844051968768 -23.671302192966962 6.699999999999999
    endloop
  endfacet
  facet normal 0 0 1
    outer loop
      vertex -77.56844051968768 -23.671302192966962 6.699999999999999
      vertex -77.56844051968768 -30.328697807033038 6.699999999999999
      vertex -77.15977247952225 -23.833105316368933 6.699999999999999
    endloop
  endfacet
  facet normal 0 0 1
    outer loop
      vertex -77.15977247952225 -23.833105316368933 6.699999999999999
      vertex -77.15977247952225 -30.166894683631067 6.699999999999999
      vertex -76.7746062175735 -24.044852260742946 6.699999999999999
    endloop
  endfacet
  facet normal -0.36812455268468075 -0.9297764858882502 0
    outer loop
      vertex -77.15977247952225 -23.833105316368933 8.5
      vertex -77.56844051968768 -23.671302192966962 6.699999999999999
      vertex -77.15977247952225 -23.833105316368933 6.699999999999999
    endloop
  endfacet
  facet normal -0.4817536741017057 -0.8763066800438689 0
    outer loop
      vertex -76.7746062175735 -24.044852260742946 8.5
      vertex -77.15977247952225 -23.833105316368933 6.699999999999999
      vertex -76.7746062175735 -24.044852260742946 6.699999999999999
    endloop
  endfacet
  facet normal -0.4817536741017057 -0.8763066800438689 0
    outer loop
      vertex -77.15977247952225 -23.833105316368933 8.5
      vertex -77.15977247952225 -23.833105316368933 6.699999999999999
      vertex -76.7746062175735 -24.044852260742946 8.5
    endloop
  endfacet
  facet normal 0 0 1
    outer loop
      vertex -75.2599589360498 -26.12958539492301 6.699999999999999
      vertex -75.39578229939112 -28.288435934396375 6.699999999999999
      vertex -75.2599589360498 -27.87041460507699 6.699999999999999
    endloop
  endfacet
  facet normal 0 0 1
    outer loop
      vertex -75.58292661984648 -25.313862140643998 6.699999999999999
      vertex -75.58292661984648 -28.686137859356002 6.699999999999999
      vertex -75.39578229939112 -25.711564065603625 6.699999999999999
    endloop
  endfacet
  facet normal 0 0 1
    outer loop
      vertex -75.39578229939112 -25.711564065603625 6.699999999999999
      vertex -75.39578229939112 -28.288435934396375 6.699999999999999
      vertex -75.2599589360498 -26.12958539492301 6.699999999999999
    endloop
  endfacet
  facet normal 0 0 1
    outer loop
      vertex -76.7746062175735 -24.044852260742946 6.699999999999999
      vertex -76.7746062175735 -29.95514773925705 6.699999999999999
      vertex -76.4190160358796 -24.303203650284736 6.699999999999999
    endloop
  endfacet
  facet normal 0 0 1
    outer loop
      vertex -76.4190160358796 -24.303203650284736 6.699999999999999
      vertex -76.4190160358796 -29.696796349715264 6.699999999999999
      vertex -76.09860980402506 -24.60408512924959 6.699999999999999
    endloop
  endfacet
  facet normal 0 0 1
    outer loop
      vertex -76.09860980402506 -24.60408512924959 6.699999999999999
      vertex -76.09860980402506 -29.39591487075041 6.699999999999999
      vertex -75.81844051968768 -24.942751616976345 6.699999999999999
    endloop
  endfacet
  facet normal 0 0 1
    outer loop
      vertex -75.81844051968768 -24.942751616976345 6.699999999999999
      vertex -75.81844051968768 -29.057248383023655 6.699999999999999
      vertex -75.58292661984648 -25.313862140643998 6.699999999999999
    endloop
  endfacet
  facet normal -0.9510565162951625 -0.3090169943749197 0
    outer loop
      vertex -75.2599589360498 -26.12958539492301 8.5
      vertex -75.39578229939112 -25.711564065603625 6.699999999999999
      vertex -75.2599589360498 -26.12958539492301 6.699999999999999
    endloop
  endfacet
  facet normal -0.9510565162951625 -0.3090169943749197 0
    outer loop
      vertex -75.39578229939112 -25.711564065603625 8.5
      vertex -75.39578229939112 -25.711564065603625 6.699999999999999
      vertex -75.2599589360498 -26.12958539492301 8.5
    endloop
  endfacet
  facet normal 0 0 1
    outer loop
      vertex -75.17759854539932 -26.561333682524936 6.699999999999999
      vertex -75.2599589360498 -27.87041460507699 6.699999999999999
      vertex -75.17759854539932 -27.438666317475064 6.699999999999999
    endloop
  endfacet
  facet normal -0.9980267284282734 0.06279051952928351 0
    outer loop
      vertex -75.17759854539932 -27.438666317475064 8.5
      vertex -75.15 -27 6.699999999999999
      vertex -75.17759854539932 -27.438666317475064 6.699999999999999
    endloop
  endfacet
  facet normal 0 0 1
    outer loop
      vertex -75.17759854539932 -26.561333682524936 6.699999999999999
      vertex -75.17759854539932 -27.438666317475064 6.699999999999999
      vertex -75.15 -27 6.699999999999999
    endloop
  endfacet
  facet normal 0 0 1
    outer loop
      vertex -75.2599589360498 -26.12958539492301 6.699999999999999
      vertex -75.2599589360498 -27.87041460507699 6.699999999999999
      vertex -75.17759854539932 -26.561333682524936 6.699999999999999
    endloop
  endfacet
  facet normal -0.9980267284282734 -0.06279051952928351 0
    outer loop
      vertex -75.15 -27 8.5
      vertex -75.17759854539932 -26.561333682524936 6.699999999999999
      vertex -75.15 -27 6.699999999999999
    endloop
  endfacet
  facet normal -0.9980267284282734 0.06279051952928351 0
    outer loop
      vertex -75.15 -27 8.5
      vertex -75.15 -27 6.699999999999999
      vertex -75.17759854539932 -27.438666317475064 8.5
    endloop
  endfacet
  facet normal -0.9980267284282734 -0.06279051952928351 0
    outer loop
      vertex -75.17759854539932 -26.561333682524936 8.5
      vertex -75.17759854539932 -26.561333682524936 6.699999999999999
      vertex -75.15 -27 8.5
    endloop
  endfacet
  facet normal -0.9822872507286823 -0.1873813145857578 0
    outer loop
      vertex -75.17759854539932 -26.561333682524936 8.5
      vertex -75.2599589360498 -26.12958539492301 6.699999999999999
      vertex -75.17759854539932 -26.561333682524936 6.699999999999999
    endloop
  endfacet
  facet normal -0.9822872507286823 -0.1873813145857578 0
    outer loop
      vertex -75.2599589360498 -26.12958539492301 8.5
      vertex -75.2599589360498 -26.12958539492301 6.699999999999999
      vertex -75.17759854539932 -26.561333682524936 8.5
    endloop
  endfacet
  facet normal -0.8443279255020132 -0.5358267949789994 0
    outer loop
      vertex -75.58292661984648 -25.313862140643998 8.5
      vertex -75.81844051968768 -24.942751616976345 6.699999999999999
      vertex -75.58292661984648 -25.313862140643998 6.699999999999999
    endloop
  endfacet
  facet normal -0.9048270524660156 -0.42577929156508093 0
    outer loop
      vertex -75.39578229939112 -25.711564065603625 8.5
      vertex -75.58292661984648 -25.313862140643998 6.699999999999999
      vertex -75.39578229939112 -25.711564065603625 6.699999999999999
    endloop
  endfacet
  facet normal -0.7705132427757896 -0.6374239897486893 0
    outer loop
      vertex -75.81844051968768 -24.942751616976345 8.5
      vertex -76.09860980402506 -24.60408512924959 6.699999999999999
      vertex -75.81844051968768 -24.942751616976345 6.699999999999999
    endloop
  endfacet
  facet normal -0.7705132427757896 -0.6374239897486893 0
    outer loop
      vertex -76.09860980402506 -24.60408512924959 8.5
      vertex -76.09860980402506 -24.60408512924959 6.699999999999999
      vertex -75.81844051968768 -24.942751616976345 8.5
    endloop
  endfacet
  facet normal -0.9048270524660156 -0.42577929156508093 0
    outer loop
      vertex -75.58292661984648 -25.313862140643998 8.5
      vertex -75.58292661984648 -25.313862140643998 6.699999999999999
      vertex -75.39578229939112 -25.711564065603625 8.5
    endloop
  endfacet
  facet normal -0.8443279255020132 -0.5358267949789994 0
    outer loop
      vertex -75.81844051968768 -24.942751616976345 8.5
      vertex -75.81844051968768 -24.942751616976345 6.699999999999999
      vertex -75.58292661984648 -25.313862140643998 8.5
    endloop
  endfacet
  facet normal -0.6845471059286825 -0.7289686274214174 0
    outer loop
      vertex -76.09860980402506 -24.60408512924959 8.5
      vertex -76.4190160358796 -24.303203650284736 6.699999999999999
      vertex -76.09860980402506 -24.60408512924959 6.699999999999999
    endloop
  endfacet
  facet normal -0.587785252292487 -0.8090169943749375 0
    outer loop
      vertex -76.4190160358796 -24.303203650284736 8.5
      vertex -76.7746062175735 -24.044852260742946 6.699999999999999
      vertex -76.4190160358796 -24.303203650284736 6.699999999999999
    endloop
  endfacet
  facet normal -0.6845471059286825 -0.7289686274214174 0
    outer loop
      vertex -76.4190160358796 -24.303203650284736 8.5
      vertex -76.4190160358796 -24.303203650284736 6.699999999999999
      vertex -76.09860980402506 -24.60408512924959 8.5
    endloop
  endfacet
  facet normal -0.587785252292487 -0.8090169943749375 0
    outer loop
      vertex -76.7746062175735 -24.044852260742946 8.5
      vertex -76.7746062175735 -24.044852260742946 6.699999999999999
      vertex -76.4190160358796 -24.303203650284736 8.5
    endloop
  endfacet
  facet normal 0.12533323356430592 -0.9921147013144777 0
    outer loop
      vertex -78.8697668183526 -23.50690645050105 8.5
      vertex -79.30583460105004 -23.56199462244959 6.699999999999999
      vertex -78.8697668183526 -23.50690645050105 6.699999999999999
    endloop
  endfacet
  facet normal 0 -1 0
    outer loop
      vertex -78.4302331816474 -23.50690645050105 8.5
      vertex -78.8697668183526 -23.50690645050105 6.699999999999999
      vertex -78.4302331816474 -23.50690645050105 6.699999999999999
    endloop
  endfacet
  facet normal -0.12533323356430592 -0.9921147013144777 0
    outer loop
      vertex -77.99416539894996 -23.56199462244959 8.5
      vertex -78.4302331816474 -23.50690645050105 6.699999999999999
      vertex -77.99416539894996 -23.56199462244959 6.699999999999999
    endloop
  endfacet
  facet normal 0.12533323356430592 -0.9921147013144777 0
    outer loop
      vertex -79.30583460105004 -23.56199462244959 8.5
      vertex -79.30583460105004 -23.56199462244959 6.699999999999999
      vertex -78.8697668183526 -23.50690645050105 8.5
    endloop
  endfacet
  facet normal 0 -1 0
    outer loop
      vertex -78.8697668183526 -23.50690645050105 8.5
      vertex -78.8697668183526 -23.50690645050105 6.699999999999999
      vertex -78.4302331816474 -23.50690645050105 8.5
    endloop
  endfacet
  facet normal -0.12533323356430592 -0.9921147013144777 0
    outer loop
      vertex -78.4302331816474 -23.50690645050105 8.5
      vertex -78.4302331816474 -23.50690645050105 6.699999999999999
      vertex -77.99416539894996 -23.56199462244959 8.5
    endloop
  endfacet
  facet normal -0.24868988716485743 -0.9685831611286304 0
    outer loop
      vertex -77.56844051968768 -23.671302192966962 8.5
      vertex -77.99416539894996 -23.56199462244959 6.699999999999999
      vertex -77.56844051968768 -23.671302192966962 6.699999999999999
    endloop
  endfacet
  facet normal -0.24868988716485743 -0.9685831611286304 0
    outer loop
      vertex -77.99416539894996 -23.56199462244959 8.5
      vertex -77.99416539894996 -23.56199462244959 6.699999999999999
      vertex -77.56844051968768 -23.671302192966962 8.5
    endloop
  endfacet
  facet normal -0.36812455268468075 -0.9297764858882502 0
    outer loop
      vertex -77.56844051968768 -23.671302192966962 8.5
      vertex -77.56844051968768 -23.671302192966962 6.699999999999999
      vertex -77.15977247952225 -23.833105316368933 8.5
    endloop
  endfacet
  facet normal 0.8443279255020132 0.5358267949789994 0
    outer loop
      vertex -65.84207338015352 -28.686137859356002 8.5
      vertex -65.60655948031231 -29.057248383023655 6.699999999999999
      vertex -65.84207338015352 -28.686137859356002 6.699999999999999
    endloop
  endfacet
  facet normal 0.8443279255020132 0.5358267949789994 6.79251001726491e-20
    outer loop
      vertex -65.84207338015352 -28.686137859356002 8.5
      vertex -65.60655948031231 -29.057248383023655 8.5
      vertex -65.60655948031231 -29.057248383023655 6.699999999999999
    endloop
  endfacet
  facet normal 0.9048270524660171 0.4257792915650778 6.9130197357434316e-18
    outer loop
      vertex -66.02921770060888 -28.28843593439637 8.5
      vertex -65.84207338015352 -28.686137859356002 8.5
      vertex -65.84207338015352 -28.686137859356002 6.699999999999999
    endloop
  endfacet
  facet normal 0.9048270524660171 0.4257792915650778 0
    outer loop
      vertex -66.02921770060888 -28.28843593439637 8.5
      vertex -65.84207338015352 -28.686137859356002 6.699999999999999
      vertex -66.02921770060888 -28.28843593439637 6.699999999999999
    endloop
  endfacet
  facet normal 0.9510565162951522 0.3090169943749513 0
    outer loop
      vertex -66.16504106395021 -27.87041460507699 8.5
      vertex -66.02921770060888 -28.28843593439637 6.699999999999999
      vertex -66.16504106395021 -27.87041460507699 6.699999999999999
    endloop
  endfacet
  facet normal 0 0 1
    outer loop
      vertex -65.60655948031231 -24.942751616976345 6.699999999999999
      vertex -65.84207338015352 -28.686137859356002 6.699999999999999
      vertex -65.60655948031231 -29.057248383023655 6.699999999999999
    endloop
  endfacet
  facet normal 0.9822872507286943 0.18738131458569543 0
    outer loop
      vertex -66.24740145460066 -27.438666317475064 8.5
      vertex -66.16504106395021 -27.87041460507699 6.699999999999999
      vertex -66.24740145460066 -27.438666317475064 6.699999999999999
    endloop
  endfacet
  facet normal 0.9510565162951522 0.3090169943749513 4.264491778817693e-18
    outer loop
      vertex -66.16504106395021 -27.87041460507699 8.5
      vertex -66.02921770060888 -28.28843593439637 8.5
      vertex -66.02921770060888 -28.28843593439637 6.699999999999999
    endloop
  endfacet
  facet normal 0.9822872507286943 0.18738131458569543 1.815394854340301e-18
    outer loop
      vertex -66.24740145460066 -27.438666317475064 8.5
      vertex -66.16504106395021 -27.87041460507699 8.5
      vertex -66.16504106395021 -27.87041460507699 6.699999999999999
    endloop
  endfacet
  facet normal 0.6845471059286985 0.7289686274214022 0
    outer loop
      vertex -65.32639019597494 -29.39591487075041 8.5
      vertex -65.00598396412042 -29.696796349715264 6.699999999999999
      vertex -65.32639019597494 -29.39591487075041 6.699999999999999
    endloop
  endfacet
  facet normal 0.5877852522924663 0.8090169943749524 0
    outer loop
      vertex -65.00598396412042 -29.696796349715264 8.5
      vertex -64.65039378242649 -29.95514773925705 6.699999999999999
      vertex -65.00598396412042 -29.696796349715264 6.699999999999999
    endloop
  endfacet
  facet normal 0.48175367410171194 0.8763066800438655 0
    outer loop
      vertex -64.65039378242649 -29.95514773925705 8.5
      vertex -64.26522752047775 -30.166894683631067 6.699999999999999
      vertex -64.65039378242649 -29.95514773925705 6.699999999999999
    endloop
  endfacet
  facet normal 0.6845471059286985 0.7289686274214022 3.3120941051892774e-18
    outer loop
      vertex -65.32639019597494 -29.39591487075041 8.5
      vertex -65.00598396412042 -29.696796349715264 8.5
      vertex -65.00598396412042 -29.696796349715264 6.699999999999999
    endloop
  endfacet
  facet normal 0.5877852522924663 0.8090169943749524 1.7701156141304865e-18
    outer loop
      vertex -65.00598396412042 -29.696796349715264 8.5
      vertex -64.65039378242649 -29.95514773925705 8.5
      vertex -64.65039378242649 -29.95514773925705 6.699999999999999
    endloop
  endfacet
  facet normal 0.48175367410171194 0.8763066800438655 8.159175176542748e-18
    outer loop
      vertex -64.65039378242649 -29.95514773925705 8.5
      vertex -64.26522752047775 -30.166894683631067 8.5
      vertex -64.26522752047775 -30.166894683631067 6.699999999999999
    endloop
  endfacet
  facet normal 0.24868988716485743 0.9685831611286304 0
    outer loop
      vertex -63.85655948031231 -30.328697807033038 8.5
      vertex -63.43083460105004 -30.43800537755041 6.699999999999999
      vertex -63.85655948031231 -30.328697807033038 6.699999999999999
    endloop
  endfacet
  facet normal 0.12533323356430393 0.9921147013144779 0
    outer loop
      vertex -63.43083460105004 -30.43800537755041 8.5
      vertex -62.994766818352595 -30.49309354949895 6.699999999999999
      vertex -63.43083460105004 -30.43800537755041 6.699999999999999
    endloop
  endfacet
  facet normal 0 1 0
    outer loop
      vertex -62.994766818352595 -30.49309354949895 8.5
      vertex -62.5552331816474 -30.49309354949895 6.699999999999999
      vertex -62.994766818352595 -30.49309354949895 6.699999999999999
    endloop
  endfacet
  facet normal 0.24868988716485743 0.9685831611286304 4.1992039845741635e-18
    outer loop
      vertex -63.85655948031231 -30.328697807033038 8.5
      vertex -63.43083460105004 -30.43800537755041 8.5
      vertex -63.43083460105004 -30.43800537755041 6.699999999999999
    endloop
  endfacet
  facet normal 0.12533323356430393 0.9921147013144779 1.2013026430815594e-18
    outer loop
      vertex -63.43083460105004 -30.43800537755041 8.5
      vertex -62.994766818352595 -30.49309354949895 8.5
      vertex -62.994766818352595 -30.49309354949895 6.699999999999999
    endloop
  endfacet
  facet normal 0.36812455268468075 0.9297764858882502 0
    outer loop
      vertex -64.26522752047775 -30.166894683631067 8.5
      vertex -63.85655948031231 -30.328697807033038 6.699999999999999
      vertex -64.26522752047775 -30.166894683631067 6.699999999999999
    endloop
  endfacet
  facet normal 0.36812455268468075 0.9297764858882502 1.738850955661415e-18
    outer loop
      vertex -64.26522752047775 -30.166894683631067 8.5
      vertex -63.85655948031231 -30.328697807033038 8.5
      vertex -63.85655948031231 -30.328697807033038 6.699999999999999
    endloop
  endfacet
  facet normal 0.7705132427757896 0.6374239897486893 0
    outer loop
      vertex -65.60655948031231 -29.057248383023655 8.5
      vertex -65.32639019597494 -29.39591487075041 6.699999999999999
      vertex -65.60655948031231 -29.057248383023655 6.699999999999999
    endloop
  endfacet
  facet normal 0.7705132427757896 0.6374239897486893 6.236697391957809e-18
    outer loop
      vertex -65.60655948031231 -29.057248383023655 8.5
      vertex -65.32639019597494 -29.39591487075041 8.5
      vertex -65.32639019597494 -29.39591487075041 6.699999999999999
    endloop
  endfacet
  facet normal 0 0 1
    outer loop
      vertex -65.32639019597494 -24.60408512924959 6.699999999999999
      vertex -65.60655948031231 -29.057248383023655 6.699999999999999
      vertex -65.32639019597494 -29.39591487075041 6.699999999999999
    endloop
  endfacet
  facet normal 0 0 1
    outer loop
      vertex -65.00598396412042 -24.303203650284736 6.699999999999999
      vertex -65.32639019597494 -29.39591487075041 6.699999999999999
      vertex -65.00598396412042 -29.696796349715264 6.699999999999999
    endloop
  endfacet
  facet normal 0 0 1
    outer loop
      vertex -64.26522752047775 -23.833105316368933 6.699999999999999
      vertex -64.65039378242649 -29.95514773925705 6.699999999999999
      vertex -64.26522752047775 -30.166894683631067 6.699999999999999
    endloop
  endfacet
  facet normal 0 0 1
    outer loop
      vertex -64.65039378242649 -24.04485226074295 6.699999999999999
      vertex -65.00598396412042 -29.696796349715264 6.699999999999999
      vertex -64.65039378242649 -29.95514773925705 6.699999999999999
    endloop
  endfacet
  facet normal 0 0 1
    outer loop
      vertex -63.85655948031231 -23.671302192966962 6.699999999999999
      vertex -64.26522752047775 -30.166894683631067 6.699999999999999
      vertex -63.85655948031231 -30.328697807033038 6.699999999999999
    endloop
  endfacet
  facet normal 0 0 1
    outer loop
      vertex -63.43083460105004 -23.56199462244959 6.699999999999999
      vertex -63.85655948031231 -30.328697807033038 6.699999999999999
      vertex -63.43083460105004 -30.43800537755041 6.699999999999999
    endloop
  endfacet
  facet normal 0 0 1
    outer loop
      vertex -62.9947668183526 -23.50690645050105 6.699999999999999
      vertex -63.43083460105004 -30.43800537755041 6.699999999999999
      vertex -62.994766818352595 -30.49309354949895 6.699999999999999
    endloop
  endfacet
  facet normal 0.9980267284282693 0.06279051952934792 0
    outer loop
      vertex -66.275 -27 8.5
      vertex -66.24740145460066 -27.438666317475064 6.699999999999999
      vertex -66.275 -27 6.699999999999999
    endloop
  endfacet
  facet normal 0 0 1
    outer loop
      vertex -66.24740145460066 -26.561333682524936 6.699999999999999
      vertex -66.275 -27 6.699999999999999
      vertex -66.24740145460066 -27.438666317475064 6.699999999999999
    endloop
  endfacet
  facet normal 0.9980267284282693 -0.06279051952934792 0
    outer loop
      vertex -66.24740145460066 -26.561333682524936 8.5
      vertex -66.275 -27 6.699999999999999
      vertex -66.24740145460066 -26.561333682524936 6.699999999999999
    endloop
  endfacet
  facet normal 0 0 1
    outer loop
      vertex -66.02921770060888 -25.71156406560363 6.699999999999999
      vertex -66.16504106395021 -27.87041460507699 6.699999999999999
      vertex -66.02921770060888 -28.28843593439637 6.699999999999999
    endloop
  endfacet
  facet normal 0 0 1
    outer loop
      vertex -65.84207338015352 -25.313862140643998 6.699999999999999
      vertex -66.02921770060888 -28.28843593439637 6.699999999999999
      vertex -65.84207338015352 -28.686137859356002 6.699999999999999
    endloop
  endfacet
  facet normal 0 0 1
    outer loop
      vertex -66.16504106395021 -26.12958539492301 6.699999999999999
      vertex -66.24740145460066 -27.438666317475064 6.699999999999999
      vertex -66.16504106395021 -27.87041460507699 6.699999999999999
    endloop
  endfacet
  facet normal 0 0 1
    outer loop
      vertex -66.16504106395021 -26.12958539492301 6.699999999999999
      vertex -66.24740145460066 -26.561333682524936 6.699999999999999
      vertex -66.24740145460066 -27.438666317475064 6.699999999999999
    endloop
  endfacet
  facet normal 0 0 1
    outer loop
      vertex -66.02921770060888 -25.71156406560363 6.699999999999999
      vertex -66.16504106395021 -26.12958539492301 6.699999999999999
      vertex -66.16504106395021 -27.87041460507699 6.699999999999999
    endloop
  endfacet
  facet normal 0.9980267284282693 0.06279051952934792 -3.409168173255518e-19
    outer loop
      vertex -66.275 -27 8.5
      vertex -66.24740145460066 -27.438666317475064 8.5
      vertex -66.24740145460066 -27.438666317475064 6.699999999999999
    endloop
  endfacet
  facet normal 0.9980267284282693 -0.06279051952934792 3.409168173255518e-19
    outer loop
      vertex -66.24740145460066 -26.561333682524936 8.5
      vertex -66.275 -27 8.5
      vertex -66.275 -27 6.699999999999999
    endloop
  endfacet
  facet normal 0 0 1
    outer loop
      vertex -65.84207338015352 -25.313862140643998 6.699999999999999
      vertex -66.02921770060888 -25.71156406560363 6.699999999999999
      vertex -66.02921770060888 -28.28843593439637 6.699999999999999
    endloop
  endfacet
  facet normal 0 0 1
    outer loop
      vertex -65.60655948031231 -24.942751616976345 6.699999999999999
      vertex -65.84207338015352 -25.313862140643998 6.699999999999999
      vertex -65.84207338015352 -28.686137859356002 6.699999999999999
    endloop
  endfacet
  facet normal 0.9822872507286943 -0.18738131458569543 0
    outer loop
      vertex -66.16504106395021 -26.12958539492301 8.5
      vertex -66.24740145460066 -26.561333682524936 6.699999999999999
      vertex -66.16504106395021 -26.12958539492301 6.699999999999999
    endloop
  endfacet
  facet normal 0.9510565162951522 -0.3090169943749513 0
    outer loop
      vertex -66.02921770060888 -25.71156406560363 8.5
      vertex -66.16504106395021 -26.12958539492301 6.699999999999999
      vertex -66.02921770060888 -25.71156406560363 6.699999999999999
    endloop
  endfacet
  facet normal 0.9822872507286943 -0.18738131458569543 -1.815394854340301e-18
    outer loop
      vertex -66.16504106395021 -26.12958539492301 8.5
      vertex -66.24740145460066 -26.561333682524936 8.5
      vertex -66.24740145460066 -26.561333682524936 6.699999999999999
    endloop
  endfacet
  facet normal 0.9510565162951522 -0.3090169943749513 -4.264491778817693e-18
    outer loop
      vertex -66.02921770060888 -25.71156406560363 8.5
      vertex -66.16504106395021 -26.12958539492301 8.5
      vertex -66.16504106395021 -26.12958539492301 6.699999999999999
    endloop
  endfacet
  facet normal 0.9048270524660171 -0.4257792915650778 0
    outer loop
      vertex -65.84207338015352 -25.313862140643998 8.5
      vertex -66.02921770060888 -25.71156406560363 6.699999999999999
      vertex -65.84207338015352 -25.313862140643998 6.699999999999999
    endloop
  endfacet
  facet normal 0.8443279255020132 -0.5358267949789994 0
    outer loop
      vertex -65.60655948031231 -24.942751616976345 8.5
      vertex -65.84207338015352 -25.313862140643998 6.699999999999999
      vertex -65.60655948031231 -24.942751616976345 6.699999999999999
    endloop
  endfacet
  facet normal 0.9048270524660171 -0.4257792915650778 -6.9130197357434316e-18
    outer loop
      vertex -65.84207338015352 -25.313862140643998 8.5
      vertex -66.02921770060888 -25.71156406560363 8.5
      vertex -66.02921770060888 -25.71156406560363 6.699999999999999
    endloop
  endfacet
  facet normal 0.8443279255020132 -0.5358267949789994 -6.79251001726491e-20
    outer loop
      vertex -65.60655948031231 -24.942751616976345 8.5
      vertex -65.84207338015352 -25.313862140643998 8.5
      vertex -65.84207338015352 -25.313862140643998 6.699999999999999
    endloop
  endfacet
  facet normal 0 0 1
    outer loop
      vertex -65.60655948031231 -24.942751616976345 6.699999999999999
      vertex -65.60655948031231 -29.057248383023655 6.699999999999999
      vertex -65.32639019597494 -24.60408512924959 6.699999999999999
    endloop
  endfacet
  facet normal 0 0 1
    outer loop
      vertex -65.00598396412042 -24.303203650284736 6.699999999999999
      vertex -65.32639019597494 -24.60408512924959 6.699999999999999
      vertex -65.32639019597494 -29.39591487075041 6.699999999999999
    endloop
  endfacet
  facet normal 0 0 1
    outer loop
      vertex -65.00598396412042 -24.303203650284736 6.699999999999999
      vertex -65.00598396412042 -29.696796349715264 6.699999999999999
      vertex -64.65039378242649 -24.04485226074295 6.699999999999999
    endloop
  endfacet
  facet normal 0 0 1
    outer loop
      vertex -64.26522752047775 -23.833105316368933 6.699999999999999
      vertex -64.65039378242649 -24.04485226074295 6.699999999999999
      vertex -64.65039378242649 -29.95514773925705 6.699999999999999
    endloop
  endfacet
  facet normal 0 0 1
    outer loop
      vertex -64.26522752047775 -23.833105316368933 6.699999999999999
      vertex -64.26522752047775 -30.166894683631067 6.699999999999999
      vertex -63.85655948031231 -23.671302192966962 6.699999999999999
    endloop
  endfacet
  facet normal 0 0 1
    outer loop
      vertex -63.85655948031231 -23.671302192966962 6.699999999999999
      vertex -63.85655948031231 -30.328697807033038 6.699999999999999
      vertex -63.43083460105004 -23.56199462244959 6.699999999999999
    endloop
  endfacet
  facet normal 0 0 1
    outer loop
      vertex -63.43083460105004 -23.56199462244959 6.699999999999999
      vertex -63.43083460105004 -30.43800537755041 6.699999999999999
      vertex -62.9947668183526 -23.50690645050105 6.699999999999999
    endloop
  endfacet
  facet normal 0 0 1
    outer loop
      vertex -62.9947668183526 -23.50690645050105 6.699999999999999
      vertex -62.994766818352595 -30.49309354949895 6.699999999999999
      vertex -62.555233181647395 -23.50690645050105 6.699999999999999
    endloop
  endfacet
  facet normal 0.7705132427757896 -0.6374239897486893 0
    outer loop
      vertex -65.32639019597494 -24.60408512924959 8.5
      vertex -65.60655948031231 -24.942751616976345 6.699999999999999
      vertex -65.32639019597494 -24.60408512924959 6.699999999999999
    endloop
  endfacet
  facet normal 0.7705132427757896 -0.6374239897486893 0
    outer loop
      vertex -65.60655948031231 -24.942751616976345 8.5
      vertex -65.60655948031231 -24.942751616976345 6.699999999999999
      vertex -65.32639019597494 -24.60408512924959 8.5
    endloop
  endfacet
  facet normal 0.6845471059286985 -0.7289686274214022 0
    outer loop
      vertex -65.00598396412042 -24.303203650284736 8.5
      vertex -65.32639019597494 -24.60408512924959 6.699999999999999
      vertex -65.00598396412042 -24.303203650284736 6.699999999999999
    endloop
  endfacet
  facet normal 0.5877852522924663 -0.8090169943749524 0
    outer loop
      vertex -64.65039378242649 -24.04485226074295 8.5
      vertex -65.00598396412042 -24.303203650284736 6.699999999999999
      vertex -64.65039378242649 -24.04485226074295 6.699999999999999
    endloop
  endfacet
  facet normal 0.48175367410171194 -0.8763066800438655 0
    outer loop
      vertex -64.26522752047775 -23.833105316368933 8.5
      vertex -64.65039378242649 -24.04485226074295 6.699999999999999
      vertex -64.26522752047775 -23.833105316368933 6.699999999999999
    endloop
  endfacet
  facet normal 0.6845471059286985 -0.7289686274214022 -3.3120941051892774e-18
    outer loop
      vertex -65.00598396412042 -24.303203650284736 8.5
      vertex -65.32639019597494 -24.60408512924959 8.5
      vertex -65.32639019597494 -24.60408512924959 6.699999999999999
    endloop
  endfacet
  facet normal 0.5877852522924663 -0.8090169943749524 0
    outer loop
      vertex -65.00598396412042 -24.303203650284736 8.5
      vertex -65.00598396412042 -24.303203650284736 6.699999999999999
      vertex -64.65039378242649 -24.04485226074295 8.5
    endloop
  endfacet
  facet normal 0.48175367410171194 -0.8763066800438655 -8.159175176542748e-18
    outer loop
      vertex -64.26522752047775 -23.833105316368933 8.5
      vertex -64.65039378242649 -24.04485226074295 8.5
      vertex -64.65039378242649 -24.04485226074295 6.699999999999999
    endloop
  endfacet
  facet normal 0.36812455268468075 -0.9297764858882502 0
    outer loop
      vertex -64.26522752047775 -23.833105316368933 8.5
      vertex -64.26522752047775 -23.833105316368933 6.699999999999999
      vertex -63.85655948031231 -23.671302192966962 8.5
    endloop
  endfacet
  facet normal 0.36812455268468075 -0.9297764858882502 0
    outer loop
      vertex -63.85655948031231 -23.671302192966962 8.5
      vertex -64.26522752047775 -23.833105316368933 6.699999999999999
      vertex -63.85655948031231 -23.671302192966962 6.699999999999999
    endloop
  endfacet
  facet normal 0.24868988716485743 -0.9685831611286304 0
    outer loop
      vertex -63.43083460105004 -23.56199462244959 8.5
      vertex -63.85655948031231 -23.671302192966962 6.699999999999999
      vertex -63.43083460105004 -23.56199462244959 6.699999999999999
    endloop
  endfacet
  facet normal 0.12533323356430592 -0.9921147013144777 0
    outer loop
      vertex -62.9947668183526 -23.50690645050105 8.5
      vertex -63.43083460105004 -23.56199462244959 6.699999999999999
      vertex -62.9947668183526 -23.50690645050105 6.699999999999999
    endloop
  endfacet
  facet normal 0.24868988716485743 -0.9685831611286304 0
    outer loop
      vertex -63.85655948031231 -23.671302192966962 8.5
      vertex -63.85655948031231 -23.671302192966962 6.699999999999999
      vertex -63.43083460105004 -23.56199462244959 8.5
    endloop
  endfacet
  facet normal 0.12533323356430592 -0.9921147013144777 0
    outer loop
      vertex -63.43083460105004 -23.56199462244959 8.5
      vertex -63.43083460105004 -23.56199462244959 6.699999999999999
      vertex -62.9947668183526 -23.50690645050105 8.5
    endloop
  endfacet
  facet normal 0 -1 0
    outer loop
      vertex -62.9947668183526 -23.50690645050105 8.5
      vertex -62.9947668183526 -23.50690645050105 6.699999999999999
      vertex -62.555233181647395 -23.50690645050105 8.5
    endloop
  endfacet
  facet normal -0.12533323356430393 0.9921147013144779 0
    outer loop
      vertex -62.5552331816474 -30.49309354949895 8.5
      vertex -62.11916539894996 -30.43800537755041 6.699999999999999
      vertex -62.5552331816474 -30.49309354949895 6.699999999999999
    endloop
  endfacet
  facet normal -0.24868988716485743 0.9685831611286304 0
    outer loop
      vertex -62.11916539894996 -30.43800537755041 8.5
      vertex -61.693440519687684 -30.328697807033038 6.699999999999999
      vertex -62.11916539894996 -30.43800537755041 6.699999999999999
    endloop
  endfacet
  facet normal 0 1 0
    outer loop
      vertex -62.994766818352595 -30.49309354949895 8.5
      vertex -62.5552331816474 -30.49309354949895 8.5
      vertex -62.5552331816474 -30.49309354949895 6.699999999999999
    endloop
  endfacet
  facet normal -0.12533323356430393 0.9921147013144779 -1.2013026430815594e-18
    outer loop
      vertex -62.5552331816474 -30.49309354949895 8.5
      vertex -62.11916539894996 -30.43800537755041 8.5
      vertex -62.11916539894996 -30.43800537755041 6.699999999999999
    endloop
  endfacet
  facet normal -0.24868988716485743 0.9685831611286304 -4.1992039845741635e-18
    outer loop
      vertex -62.11916539894996 -30.43800537755041 8.5
      vertex -61.693440519687684 -30.328697807033038 8.5
      vertex -61.693440519687684 -30.328697807033038 6.699999999999999
    endloop
  endfacet
  facet normal -0.36812455268468075 0.9297764858882502 0
    outer loop
      vertex -61.693440519687684 -30.328697807033038 8.5
      vertex -61.284772479522246 -30.166894683631067 6.699999999999999
      vertex -61.693440519687684 -30.328697807033038 6.699999999999999
    endloop
  endfacet
  facet normal -0.36812455268468075 0.9297764858882502 -1.738850955661415e-18
    outer loop
      vertex -61.693440519687684 -30.328697807033038 8.5
      vertex -61.284772479522246 -30.166894683631067 8.5
      vertex -61.284772479522246 -30.166894683631067 6.699999999999999
    endloop
  endfacet
  facet normal -0.48175367410171194 0.8763066800438655 0
    outer loop
      vertex -61.284772479522246 -30.166894683631067 8.5
      vertex -60.899606217573506 -29.95514773925705 6.699999999999999
      vertex -61.284772479522246 -30.166894683631067 6.699999999999999
    endloop
  endfacet
  facet normal -0.5877852522924739 0.8090169943749469 0
    outer loop
      vertex -60.899606217573506 -29.95514773925705 8.5
      vertex -60.54401603587959 -29.696796349715264 6.699999999999999
      vertex -60.899606217573506 -29.95514773925705 6.699999999999999
    endloop
  endfacet
  facet normal -0.6845471059286905 0.7289686274214098 0
    outer loop
      vertex -60.54401603587959 -29.696796349715264 8.5
      vertex -60.22360980402506 -29.39591487075041 6.699999999999999
      vertex -60.54401603587959 -29.696796349715264 6.699999999999999
    endloop
  endfacet
  facet normal -0.48175367410171194 0.8763066800438655 0
    outer loop
      vertex -60.899606217573506 -29.95514773925705 8.5
      vertex -60.899606217573506 -29.95514773925705 6.699999999999999
      vertex -61.284772479522246 -30.166894683631067 8.5
    endloop
  endfacet
  facet normal -0.5877852522924739 0.8090169943749469 -6.609892460889527e-18
    outer loop
      vertex -60.899606217573506 -29.95514773925705 8.5
      vertex -60.54401603587959 -29.696796349715264 8.5
      vertex -60.54401603587959 -29.696796349715264 6.699999999999999
    endloop
  endfacet
  facet normal -0.6845471059286905 0.7289686274214098 0
    outer loop
      vertex -60.22360980402506 -29.39591487075041 8.5
      vertex -60.22360980402506 -29.39591487075041 6.699999999999999
      vertex -60.54401603587959 -29.696796349715264 8.5
    endloop
  endfacet
  facet normal 0 0 1
    outer loop
      vertex -62.994766818352595 -30.49309354949895 6.699999999999999
      vertex -62.5552331816474 -30.49309354949895 6.699999999999999
      vertex -62.555233181647395 -23.50690645050105 6.699999999999999
    endloop
  endfacet
  facet normal 0 0 1
    outer loop
      vertex -62.11916539894996 -23.56199462244959 6.699999999999999
      vertex -62.5552331816474 -30.49309354949895 6.699999999999999
      vertex -62.11916539894996 -30.43800537755041 6.699999999999999
    endloop
  endfacet
  facet normal 0 0 1
    outer loop
      vertex -61.693440519687684 -23.671302192966962 6.699999999999999
      vertex -62.11916539894996 -30.43800537755041 6.699999999999999
      vertex -61.693440519687684 -30.328697807033038 6.699999999999999
    endloop
  endfacet
  facet normal 0 0 1
    outer loop
      vertex -61.284772479522246 -23.833105316368933 6.699999999999999
      vertex -61.693440519687684 -30.328697807033038 6.699999999999999
      vertex -61.284772479522246 -30.166894683631067 6.699999999999999
    endloop
  endfacet
  facet normal -0.7705132427757896 0.6374239897486893 0
    outer loop
      vertex -60.22360980402506 -29.39591487075041 8.5
      vertex -59.943440519687684 -29.057248383023655 6.699999999999999
      vertex -60.22360980402506 -29.39591487075041 6.699999999999999
    endloop
  endfacet
  facet normal -0.7705132427757896 0.6374239897486893 -6.236697391957809e-18
    outer loop
      vertex -60.22360980402506 -29.39591487075041 8.5
      vertex -59.943440519687684 -29.057248383023655 8.5
      vertex -59.943440519687684 -29.057248383023655 6.699999999999999
    endloop
  endfacet
  facet normal 0 0 1
    outer loop
      vertex -60.89960621757351 -24.044852260742946 6.699999999999999
      vertex -61.284772479522246 -30.166894683631067 6.699999999999999
      vertex -60.899606217573506 -29.95514773925705 6.699999999999999
    endloop
  endfacet
  facet normal 0 0 1
    outer loop
      vertex -60.54401603587958 -24.303203650284736 6.699999999999999
      vertex -60.899606217573506 -29.95514773925705 6.699999999999999
      vertex -60.54401603587959 -29.696796349715264 6.699999999999999
    endloop
  endfacet
  facet normal 0 0 1
    outer loop
      vertex -60.22360980402506 -24.60408512924959 6.699999999999999
      vertex -60.54401603587959 -29.696796349715264 6.699999999999999
      vertex -60.22360980402506 -29.39591487075041 6.699999999999999
    endloop
  endfacet
  facet normal 0 0 1
    outer loop
      vertex -59.943440519687684 -24.942751616976345 6.699999999999999
      vertex -60.22360980402506 -29.39591487075041 6.699999999999999
      vertex -59.943440519687684 -29.057248383023655 6.699999999999999
    endloop
  endfacet
  facet normal -0.8443279255020132 0.5358267949789994 0
    outer loop
      vertex -59.943440519687684 -29.057248383023655 8.5
      vertex -59.707926619846475 -28.686137859356002 6.699999999999999
      vertex -59.943440519687684 -29.057248383023655 6.699999999999999
    endloop
  endfacet
  facet normal -0.9048270524660156 0.42577929156508093 0
    outer loop
      vertex -59.707926619846475 -28.686137859356002 8.5
      vertex -59.520782299391115 -28.288435934396375 6.699999999999999
      vertex -59.707926619846475 -28.686137859356002 6.699999999999999
    endloop
  endfacet
  facet normal -0.8443279255020132 0.5358267949789994 0
    outer loop
      vertex -59.707926619846475 -28.686137859356002 8.5
      vertex -59.707926619846475 -28.686137859356002 6.699999999999999
      vertex -59.943440519687684 -29.057248383023655 8.5
    endloop
  endfacet
  facet normal -0.9510565162951579 0.30901699437493435 1.3076100745267428e-20
    outer loop
      vertex -59.38495893604979 -27.87041460507699 6.699999999999999
      vertex -59.520782299391115 -28.288435934396375 6.699999999999999
      vertex -59.520782299391115 -28.288435934396375 8.5
    endloop
  endfacet
  facet normal 0 0 1
    outer loop
      vertex -59.707926619846475 -25.313862140643998 6.699999999999999
      vertex -59.943440519687684 -29.057248383023655 6.699999999999999
      vertex -59.707926619846475 -28.686137859356002 6.699999999999999
    endloop
  endfacet
  facet normal 0 0 1
    outer loop
      vertex -59.520782299391115 -25.711564065603625 6.699999999999999
      vertex -59.707926619846475 -28.686137859356002 6.699999999999999
      vertex -59.520782299391115 -28.288435934396375 6.699999999999999
    endloop
  endfacet
  facet normal -0.9822872507286884 0.18738131458572663 0
    outer loop
      vertex -59.38495893604979 -27.87041460507699 8.5
      vertex -59.30259854539933 -27.438666317475064 6.699999999999999
      vertex -59.38495893604979 -27.87041460507699 6.699999999999999
    endloop
  endfacet
  facet normal -0.9048270524660156 0.42577929156508093 0
    outer loop
      vertex -59.520782299391115 -28.288435934396375 8.5
      vertex -59.520782299391115 -28.288435934396375 6.699999999999999
      vertex -59.707926619846475 -28.686137859356002 8.5
    endloop
  endfacet
  facet normal -0.9510565162951579 0.30901699437493435 0
    outer loop
      vertex -59.38495893604979 -27.87041460507699 8.5
      vertex -59.38495893604979 -27.87041460507699 6.699999999999999
      vertex -59.520782299391115 -28.288435934396375 8.5
    endloop
  endfacet
  facet normal -0.9822872507286884 0.18738131458572663 0
    outer loop
      vertex -59.30259854539933 -27.438666317475064 8.5
      vertex -59.30259854539933 -27.438666317475064 6.699999999999999
      vertex -59.38495893604979 -27.87041460507699 8.5
    endloop
  endfacet
  facet normal 0 0 1
    outer loop
      vertex -62.555233181647395 -23.50690645050105 6.699999999999999
      vertex -62.5552331816474 -30.49309354949895 6.699999999999999
      vertex -62.11916539894996 -23.56199462244959 6.699999999999999
    endloop
  endfacet
  facet normal 0 0 1
    outer loop
      vertex -62.11916539894996 -23.56199462244959 6.699999999999999
      vertex -62.11916539894996 -30.43800537755041 6.699999999999999
      vertex -61.693440519687684 -23.671302192966962 6.699999999999999
    endloop
  endfacet
  facet normal 0 0 1
    outer loop
      vertex -61.693440519687684 -23.671302192966962 6.699999999999999
      vertex -61.693440519687684 -30.328697807033038 6.699999999999999
      vertex -61.284772479522246 -23.833105316368933 6.699999999999999
    endloop
  endfacet
  facet normal 0 0 1
    outer loop
      vertex -60.89960621757351 -24.044852260742946 6.699999999999999
      vertex -60.899606217573506 -29.95514773925705 6.699999999999999
      vertex -60.54401603587958 -24.303203650284736 6.699999999999999
    endloop
  endfacet
  facet normal 0 0 1
    outer loop
      vertex -61.284772479522246 -23.833105316368933 6.699999999999999
      vertex -61.284772479522246 -30.166894683631067 6.699999999999999
      vertex -60.89960621757351 -24.044852260742946 6.699999999999999
    endloop
  endfacet
  facet normal 0 0 1
    outer loop
      vertex -60.54401603587958 -24.303203650284736 6.699999999999999
      vertex -60.54401603587959 -29.696796349715264 6.699999999999999
      vertex -60.22360980402506 -24.60408512924959 6.699999999999999
    endloop
  endfacet
  facet normal 0 0 1
    outer loop
      vertex -60.22360980402506 -24.60408512924959 6.699999999999999
      vertex -60.22360980402506 -29.39591487075041 6.699999999999999
      vertex -59.943440519687684 -24.942751616976345 6.699999999999999
    endloop
  endfacet
  facet normal -0.36812455268468075 -0.9297764858882502 0
    outer loop
      vertex -61.284772479522246 -23.833105316368933 8.5
      vertex -61.693440519687684 -23.671302192966962 6.699999999999999
      vertex -61.284772479522246 -23.833105316368933 6.699999999999999
    endloop
  endfacet
  facet normal -0.7705132427757896 -0.6374239897486893 0
    outer loop
      vertex -59.943440519687684 -24.942751616976345 8.5
      vertex -60.22360980402506 -24.60408512924959 6.699999999999999
      vertex -59.943440519687684 -24.942751616976345 6.699999999999999
    endloop
  endfacet
  facet normal -0.7705132427757896 -0.6374239897486893 0
    outer loop
      vertex -60.22360980402506 -24.60408512924959 8.5
      vertex -60.22360980402506 -24.60408512924959 6.699999999999999
      vertex -59.943440519687684 -24.942751616976345 8.5
    endloop
  endfacet
  facet normal -0.48175367410171255 -0.876306680043865 0
    outer loop
      vertex -60.89960621757351 -24.044852260742946 8.5
      vertex -61.284772479522246 -23.833105316368933 6.699999999999999
      vertex -60.89960621757351 -24.044852260742946 6.699999999999999
    endloop
  endfacet
  facet normal -0.6845471059286985 -0.7289686274214022 0
    outer loop
      vertex -60.22360980402506 -24.60408512924959 8.5
      vertex -60.54401603587958 -24.303203650284736 6.699999999999999
      vertex -60.22360980402506 -24.60408512924959 6.699999999999999
    endloop
  endfacet
  facet normal -0.5877852522924639 -0.8090169943749542 0
    outer loop
      vertex -60.54401603587958 -24.303203650284736 8.5
      vertex -60.89960621757351 -24.044852260742946 6.699999999999999
      vertex -60.54401603587958 -24.303203650284736 6.699999999999999
    endloop
  endfacet
  facet normal -0.48175367410171255 -0.876306680043865 0
    outer loop
      vertex -61.284772479522246 -23.833105316368933 8.5
      vertex -61.284772479522246 -23.833105316368933 6.699999999999999
      vertex -60.89960621757351 -24.044852260742946 8.5
    endloop
  endfacet
  facet normal -0.5877852522924639 -0.8090169943749542 0
    outer loop
      vertex -60.89960621757351 -24.044852260742946 8.5
      vertex -60.89960621757351 -24.044852260742946 6.699999999999999
      vertex -60.54401603587958 -24.303203650284736 8.5
    endloop
  endfacet
  facet normal -0.6845471059286985 -0.7289686274214022 0
    outer loop
      vertex -60.54401603587958 -24.303203650284736 8.5
      vertex -60.54401603587958 -24.303203650284736 6.699999999999999
      vertex -60.22360980402506 -24.60408512924959 8.5
    endloop
  endfacet
  facet normal 0 0 1
    outer loop
      vertex -59.384958936049784 -26.12958539492301 6.699999999999999
      vertex -59.520782299391115 -28.288435934396375 6.699999999999999
      vertex -59.38495893604979 -27.87041460507699 6.699999999999999
    endloop
  endfacet
  facet normal 0 0 1
    outer loop
      vertex -59.30259854539933 -26.561333682524936 6.699999999999999
      vertex -59.38495893604979 -27.87041460507699 6.699999999999999
      vertex -59.30259854539933 -27.438666317475064 6.699999999999999
    endloop
  endfacet
  facet normal 0 0 1
    outer loop
      vertex -59.384958936049784 -26.12958539492301 6.699999999999999
      vertex -59.38495893604979 -27.87041460507699 6.699999999999999
      vertex -59.30259854539933 -26.561333682524936 6.699999999999999
    endloop
  endfacet
  facet normal 0 0 1
    outer loop
      vertex -59.707926619846475 -25.313862140643998 6.699999999999999
      vertex -59.707926619846475 -28.686137859356002 6.699999999999999
      vertex -59.520782299391115 -25.711564065603625 6.699999999999999
    endloop
  endfacet
  facet normal 0 0 1
    outer loop
      vertex -59.520782299391115 -25.711564065603625 6.699999999999999
      vertex -59.520782299391115 -28.288435934396375 6.699999999999999
      vertex -59.384958936049784 -26.12958539492301 6.699999999999999
    endloop
  endfacet
  facet normal -0.9980267284282714 0.06279051952931572 0
    outer loop
      vertex -59.30259854539933 -27.438666317475064 8.5
      vertex -59.275 -27 6.699999999999999
      vertex -59.30259854539933 -27.438666317475064 6.699999999999999
    endloop
  endfacet
  facet normal 0 0 1
    outer loop
      vertex -59.30259854539933 -26.561333682524936 6.699999999999999
      vertex -59.30259854539933 -27.438666317475064 6.699999999999999
      vertex -59.275 -27 6.699999999999999
    endloop
  endfacet
  facet normal -0.9980267284282714 -0.06279051952931572 0
    outer loop
      vertex -59.275 -27 8.5
      vertex -59.30259854539933 -26.561333682524936 6.699999999999999
      vertex -59.275 -27 6.699999999999999
    endloop
  endfacet
  facet normal -0.9980267284282714 0.06279051952931572 -8.748375715020003e-19
    outer loop
      vertex -59.30259854539933 -27.438666317475064 8.5
      vertex -59.275 -27 8.5
      vertex -59.275 -27 6.699999999999999
    endloop
  endfacet
  facet normal -0.9980267284282714 -0.06279051952931572 0
    outer loop
      vertex -59.30259854539933 -26.561333682524936 8.5
      vertex -59.30259854539933 -26.561333682524936 6.699999999999999
      vertex -59.275 -27 8.5
    endloop
  endfacet
  facet normal 0 0 1
    outer loop
      vertex -59.943440519687684 -24.942751616976345 6.699999999999999
      vertex -59.943440519687684 -29.057248383023655 6.699999999999999
      vertex -59.707926619846475 -25.313862140643998 6.699999999999999
    endloop
  endfacet
  facet normal -0.9822872507286913 -0.187381314585711 0
    outer loop
      vertex -59.30259854539933 -26.561333682524936 8.5
      vertex -59.384958936049784 -26.12958539492301 6.699999999999999
      vertex -59.30259854539933 -26.561333682524936 6.699999999999999
    endloop
  endfacet
  facet normal -0.9510565162951531 -0.30901699437494895 0
    outer loop
      vertex -59.384958936049784 -26.12958539492301 8.5
      vertex -59.520782299391115 -25.711564065603625 6.699999999999999
      vertex -59.384958936049784 -26.12958539492301 6.699999999999999
    endloop
  endfacet
  facet normal -0.9822872507286913 -0.187381314585711 0
    outer loop
      vertex -59.384958936049784 -26.12958539492301 8.5
      vertex -59.384958936049784 -26.12958539492301 6.699999999999999
      vertex -59.30259854539933 -26.561333682524936 8.5
    endloop
  endfacet
  facet normal -0.9510565162951531 -0.30901699437494895 0
    outer loop
      vertex -59.520782299391115 -25.711564065603625 8.5
      vertex -59.520782299391115 -25.711564065603625 6.699999999999999
      vertex -59.384958936049784 -26.12958539492301 8.5
    endloop
  endfacet
  facet normal -0.8443279255020132 -0.5358267949789994 0
    outer loop
      vertex -59.707926619846475 -25.313862140643998 8.5
      vertex -59.943440519687684 -24.942751616976345 6.699999999999999
      vertex -59.707926619846475 -25.313862140643998 6.699999999999999
    endloop
  endfacet
  facet normal -0.9048270524660156 -0.42577929156508093 0
    outer loop
      vertex -59.520782299391115 -25.711564065603625 8.5
      vertex -59.707926619846475 -25.313862140643998 6.699999999999999
      vertex -59.520782299391115 -25.711564065603625 6.699999999999999
    endloop
  endfacet
  facet normal -0.9048270524660156 -0.42577929156508093 0
    outer loop
      vertex -59.707926619846475 -25.313862140643998 8.5
      vertex -59.707926619846475 -25.313862140643998 6.699999999999999
      vertex -59.520782299391115 -25.711564065603625 8.5
    endloop
  endfacet
  facet normal -0.8443279255020132 -0.5358267949789994 0
    outer loop
      vertex -59.943440519687684 -24.942751616976345 8.5
      vertex -59.943440519687684 -24.942751616976345 6.699999999999999
      vertex -59.707926619846475 -25.313862140643998 8.5
    endloop
  endfacet
  facet normal 0 -1 0
    outer loop
      vertex -62.9947668183526 -23.50690645050105 6.699999999999999
      vertex -62.555233181647395 -23.50690645050105 6.699999999999999
      vertex -62.555233181647395 -23.50690645050105 8.5
    endloop
  endfacet
  facet normal -0.12533323356430592 -0.9921147013144777 0
    outer loop
      vertex -62.11916539894996 -23.56199462244959 8.5
      vertex -62.555233181647395 -23.50690645050105 6.699999999999999
      vertex -62.11916539894996 -23.56199462244959 6.699999999999999
    endloop
  endfacet
  facet normal -0.24868988716485743 -0.9685831611286304 0
    outer loop
      vertex -61.693440519687684 -23.671302192966962 8.5
      vertex -62.11916539894996 -23.56199462244959 6.699999999999999
      vertex -61.693440519687684 -23.671302192966962 6.699999999999999
    endloop
  endfacet
  facet normal -0.12533323356430592 -0.9921147013144777 0
    outer loop
      vertex -62.555233181647395 -23.50690645050105 8.5
      vertex -62.555233181647395 -23.50690645050105 6.699999999999999
      vertex -62.11916539894996 -23.56199462244959 8.5
    endloop
  endfacet
  facet normal -0.24868988716485743 -0.9685831611286304 0
    outer loop
      vertex -62.11916539894996 -23.56199462244959 8.5
      vertex -62.11916539894996 -23.56199462244959 6.699999999999999
      vertex -61.693440519687684 -23.671302192966962 8.5
    endloop
  endfacet
  facet normal -0.36812455268468075 -0.9297764858882502 0
    outer loop
      vertex -61.693440519687684 -23.671302192966962 8.5
      vertex -61.693440519687684 -23.671302192966962 6.699999999999999
      vertex -61.284772479522246 -23.833105316368933 8.5
    endloop
  endfacet
  facet normal 0.6845471059286905 0.7289686274214098 0
    outer loop
      vertex -49.45139019597494 -29.39591487075041 8.5
      vertex -49.13098396412041 -29.696796349715264 6.699999999999999
      vertex -49.45139019597494 -29.39591487075041 6.699999999999999
    endloop
  endfacet
  facet normal 0.5877852522924663 0.8090169943749524 0
    outer loop
      vertex -49.13098396412041 -29.696796349715264 8.5
      vertex -48.775393782426484 -29.95514773925705 6.699999999999999
      vertex -49.13098396412041 -29.696796349715264 6.699999999999999
    endloop
  endfacet
  facet normal 0.5877852522924663 0.8090169943749524 1.7701156141304865e-18
    outer loop
      vertex -49.13098396412041 -29.696796349715264 8.5
      vertex -48.775393782426484 -29.95514773925705 8.5
      vertex -48.775393782426484 -29.95514773925705 6.699999999999999
    endloop
  endfacet
  facet normal 0.6845471059286905 0.7289686274214098 2.411935935731064e-18
    outer loop
      vertex -49.45139019597494 -29.39591487075041 8.5
      vertex -49.13098396412041 -29.696796349715264 8.5
      vertex -49.13098396412041 -29.696796349715264 6.699999999999999
    endloop
  endfacet
  facet normal 0.9822872507286884 0.18738131458572663 0
    outer loop
      vertex -50.37240145460067 -27.438666317475064 8.5
      vertex -50.290041063950206 -27.87041460507699 6.699999999999999
      vertex -50.37240145460067 -27.438666317475064 6.699999999999999
    endloop
  endfacet
  facet normal 0.9822872507286884 0.18738131458572663 -1.1844474603654792e-19
    outer loop
      vertex -50.37240145460067 -27.438666317475064 8.5
      vertex -50.290041063950206 -27.87041460507699 8.5
      vertex -50.290041063950206 -27.87041460507699 6.699999999999999
    endloop
  endfacet
  facet normal 0.7705132427757896 0.6374239897486893 0
    outer loop
      vertex -49.73155948031231 -29.057248383023655 8.5
      vertex -49.45139019597494 -29.39591487075041 6.699999999999999
      vertex -49.73155948031231 -29.057248383023655 6.699999999999999
    endloop
  endfacet
  facet normal 0.8443279255020132 0.5358267949789994 0
    outer loop
      vertex -49.96707338015352 -28.686137859356002 8.5
      vertex -49.73155948031231 -29.057248383023655 6.699999999999999
      vertex -49.96707338015352 -28.686137859356002 6.699999999999999
    endloop
  endfacet
  facet normal 0.8443279255020132 0.5358267949789994 6.79251001726491e-20
    outer loop
      vertex -49.96707338015352 -28.686137859356002 8.5
      vertex -49.73155948031231 -29.057248383023655 8.5
      vertex -49.73155948031231 -29.057248383023655 6.699999999999999
    endloop
  endfacet
  facet normal 0.9048270524660171 0.4257792915650778 6.9130197357434316e-18
    outer loop
      vertex -50.15421770060888 -28.28843593439637 8.5
      vertex -49.96707338015352 -28.686137859356002 8.5
      vertex -49.96707338015352 -28.686137859356002 6.699999999999999
    endloop
  endfacet
  facet normal 0.7705132427757896 0.6374239897486893 6.236697391957809e-18
    outer loop
      vertex -49.73155948031231 -29.057248383023655 8.5
      vertex -49.45139019597494 -29.39591487075041 8.5
      vertex -49.45139019597494 -29.39591487075041 6.699999999999999
    endloop
  endfacet
  facet normal 0.9048270524660171 0.4257792915650778 0
    outer loop
      vertex -50.15421770060888 -28.28843593439637 8.5
      vertex -49.96707338015352 -28.686137859356002 6.699999999999999
      vertex -50.15421770060888 -28.28843593439637 6.699999999999999
    endloop
  endfacet
  facet normal 0.9510565162951571 0.3090169943749367 0
    outer loop
      vertex -50.290041063950206 -27.87041460507699 8.5
      vertex -50.15421770060888 -28.28843593439637 6.699999999999999
      vertex -50.290041063950206 -27.87041460507699 6.699999999999999
    endloop
  endfacet
  facet normal 0 0 1
    outer loop
      vertex -49.73155948031231 -24.942751616976345 6.699999999999999
      vertex -49.96707338015352 -28.686137859356002 6.699999999999999
      vertex -49.73155948031231 -29.057248383023655 6.699999999999999
    endloop
  endfacet
  facet normal 0 0 1
    outer loop
      vertex -49.13098396412041 -24.303203650284736 6.699999999999999
      vertex -49.45139019597494 -29.39591487075041 6.699999999999999
      vertex -49.13098396412041 -29.696796349715264 6.699999999999999
    endloop
  endfacet
  facet normal 0 0 1
    outer loop
      vertex -49.45139019597494 -24.60408512924959 6.699999999999999
      vertex -49.73155948031231 -29.057248383023655 6.699999999999999
      vertex -49.45139019597494 -29.39591487075041 6.699999999999999
    endloop
  endfacet
  facet normal 0 0 1
    outer loop
      vertex -48.775393782426484 -24.04485226074295 6.699999999999999
      vertex -49.13098396412041 -29.696796349715264 6.699999999999999
      vertex -48.775393782426484 -29.95514773925705 6.699999999999999
    endloop
  endfacet
  facet normal 0.9510565162951571 0.3090169943749367 -4.0338180928726935e-18
    outer loop
      vertex -50.290041063950206 -27.87041460507699 8.5
      vertex -50.15421770060888 -28.28843593439637 8.5
      vertex -50.15421770060888 -28.28843593439637 6.699999999999999
    endloop
  endfacet
  facet normal 0.24868988716485743 0.9685831611286304 0
    outer loop
      vertex -47.98155948031231 -30.328697807033038 8.5
      vertex -47.55583460105004 -30.43800537755041 6.699999999999999
      vertex -47.98155948031231 -30.328697807033038 6.699999999999999
    endloop
  endfacet
  facet normal 0.24868988716485743 0.9685831611286304 4.1992039845741635e-18
    outer loop
      vertex -47.98155948031231 -30.328697807033038 8.5
      vertex -47.55583460105004 -30.43800537755041 8.5
      vertex -47.55583460105004 -30.43800537755041 6.699999999999999
    endloop
  endfacet
  facet normal 0.48175367410171877 0.8763066800438616 0
    outer loop
      vertex -48.775393782426484 -29.95514773925705 8.5
      vertex -48.39022752047775 -30.166894683631067 6.699999999999999
      vertex -48.775393782426484 -29.95514773925705 6.699999999999999
    endloop
  endfacet
  facet normal 0.36812455268468075 0.9297764858882502 0
    outer loop
      vertex -48.39022752047775 -30.166894683631067 8.5
      vertex -47.98155948031231 -30.328697807033038 6.699999999999999
      vertex -48.39022752047775 -30.166894683631067 6.699999999999999
    endloop
  endfacet
  facet normal 0.48175367410171877 0.8763066800438616 -2.1122414766147978e-18
    outer loop
      vertex -48.775393782426484 -29.95514773925705 8.5
      vertex -48.39022752047775 -30.166894683631067 8.5
      vertex -48.39022752047775 -30.166894683631067 6.699999999999999
    endloop
  endfacet
  facet normal 0.36812455268468075 0.9297764858882502 1.738850955661415e-18
    outer loop
      vertex -48.39022752047775 -30.166894683631067 8.5
      vertex -47.98155948031231 -30.328697807033038 8.5
      vertex -47.98155948031231 -30.328697807033038 6.699999999999999
    endloop
  endfacet
  facet normal 0.12533323356430393 0.9921147013144779 0
    outer loop
      vertex -47.55583460105004 -30.43800537755041 8.5
      vertex -47.119766818352595 -30.49309354949895 6.699999999999999
      vertex -47.55583460105004 -30.43800537755041 6.699999999999999
    endloop
  endfacet
  facet normal 0 1 0
    outer loop
      vertex -47.119766818352595 -30.49309354949895 8.5
      vertex -46.6802331816474 -30.49309354949895 6.699999999999999
      vertex -47.119766818352595 -30.49309354949895 6.699999999999999
    endloop
  endfacet
  facet normal -0.12533323356430393 0.9921147013144779 0
    outer loop
      vertex -46.6802331816474 -30.49309354949895 8.5
      vertex -46.24416539894996 -30.43800537755041 6.699999999999999
      vertex -46.6802331816474 -30.49309354949895 6.699999999999999
    endloop
  endfacet
  facet normal 0.12533323356430393 0.9921147013144779 1.2013026430815594e-18
    outer loop
      vertex -47.55583460105004 -30.43800537755041 8.5
      vertex -47.119766818352595 -30.49309354949895 8.5
      vertex -47.119766818352595 -30.49309354949895 6.699999999999999
    endloop
  endfacet
  facet normal 0 1 0
    outer loop
      vertex -47.119766818352595 -30.49309354949895 8.5
      vertex -46.6802331816474 -30.49309354949895 8.5
      vertex -46.6802331816474 -30.49309354949895 6.699999999999999
    endloop
  endfacet
  facet normal -0.12533323356430393 0.9921147013144779 -1.2013026430815594e-18
    outer loop
      vertex -46.6802331816474 -30.49309354949895 8.5
      vertex -46.24416539894996 -30.43800537755041 8.5
      vertex -46.24416539894996 -30.43800537755041 6.699999999999999
    endloop
  endfacet
  facet normal 0 0 1
    outer loop
      vertex -48.39022752047775 -23.833105316368933 6.699999999999999
      vertex -48.775393782426484 -29.95514773925705 6.699999999999999
      vertex -48.39022752047775 -30.166894683631067 6.699999999999999
    endloop
  endfacet
  facet normal 0 0 1
    outer loop
      vertex -47.98155948031231 -23.671302192966962 6.699999999999999
      vertex -48.39022752047775 -30.166894683631067 6.699999999999999
      vertex -47.98155948031231 -30.328697807033038 6.699999999999999
    endloop
  endfacet
  facet normal 0 0 1
    outer loop
      vertex -47.55583460105004 -23.56199462244959 6.699999999999999
      vertex -47.98155948031231 -30.328697807033038 6.699999999999999
      vertex -47.55583460105004 -30.43800537755041 6.699999999999999
    endloop
  endfacet
  facet normal 0 0 1
    outer loop
      vertex -47.119766818352595 -23.50690645050105 6.699999999999999
      vertex -47.55583460105004 -30.43800537755041 6.699999999999999
      vertex -47.119766818352595 -30.49309354949895 6.699999999999999
    endloop
  endfacet
  facet normal 0 0 1
    outer loop
      vertex -46.6802331816474 -23.50690645050105 6.699999999999999
      vertex -47.119766818352595 -30.49309354949895 6.699999999999999
      vertex -46.6802331816474 -30.49309354949895 6.699999999999999
    endloop
  endfacet
  facet normal 0 0 1
    outer loop
      vertex -46.24416539894996 -23.56199462244959 6.699999999999999
      vertex -46.6802331816474 -30.49309354949895 6.699999999999999
      vertex -46.24416539894996 -30.43800537755041 6.699999999999999
    endloop
  endfacet
  facet normal -0.24868988716485743 0.9685831611286304 0
    outer loop
      vertex -46.24416539894996 -30.43800537755041 8.5
      vertex -45.818440519687684 -30.328697807033038 6.699999999999999
      vertex -46.24416539894996 -30.43800537755041 6.699999999999999
    endloop
  endfacet
  facet normal -0.24868988716485743 0.9685831611286304 -4.1992039845741635e-18
    outer loop
      vertex -46.24416539894996 -30.43800537755041 8.5
      vertex -45.818440519687684 -30.328697807033038 8.5
      vertex -45.818440519687684 -30.328697807033038 6.699999999999999
    endloop
  endfacet
  facet normal -0.36812455268468075 0.9297764858882502 0
    outer loop
      vertex -45.818440519687684 -30.328697807033038 8.5
      vertex -45.409772479522246 -30.166894683631067 6.699999999999999
      vertex -45.818440519687684 -30.328697807033038 6.699999999999999
    endloop
  endfacet
  facet normal -0.48175367410171877 0.8763066800438616 0
    outer loop
      vertex -45.409772479522246 -30.166894683631067 8.5
      vertex -45.02460621757351 -29.95514773925705 6.699999999999999
      vertex -45.409772479522246 -30.166894683631067 6.699999999999999
    endloop
  endfacet
  facet normal -0.5877852522924663 0.8090169943749524 0
    outer loop
      vertex -45.02460621757351 -29.95514773925705 8.5
      vertex -44.66901603587959 -29.696796349715264 6.699999999999999
      vertex -45.02460621757351 -29.95514773925705 6.699999999999999
    endloop
  endfacet
  facet normal -0.36812455268468075 0.9297764858882502 -1.738850955661415e-18
    outer loop
      vertex -45.818440519687684 -30.328697807033038 8.5
      vertex -45.409772479522246 -30.166894683631067 8.5
      vertex -45.409772479522246 -30.166894683631067 6.699999999999999
    endloop
  endfacet
  facet normal -0.48175367410171877 0.8763066800438616 0
    outer loop
      vertex -45.02460621757351 -29.95514773925705 8.5
      vertex -45.02460621757351 -29.95514773925705 6.699999999999999
      vertex -45.409772479522246 -30.166894683631067 8.5
    endloop
  endfacet
  facet normal -0.5877852522924663 0.8090169943749524 -1.7701156141304865e-18
    outer loop
      vertex -45.02460621757351 -29.95514773925705 8.5
      vertex -44.66901603587959 -29.696796349715264 8.5
      vertex -44.66901603587959 -29.696796349715264 6.699999999999999
    endloop
  endfacet
  facet normal -0.6845471059286905 0.7289686274214098 0
    outer loop
      vertex -44.66901603587959 -29.696796349715264 8.5
      vertex -44.34860980402506 -29.39591487075041 6.699999999999999
      vertex -44.66901603587959 -29.696796349715264 6.699999999999999
    endloop
  endfacet
  facet normal -0.6845471059286905 0.7289686274214098 0
    outer loop
      vertex -44.34860980402506 -29.39591487075041 8.5
      vertex -44.34860980402506 -29.39591487075041 6.699999999999999
      vertex -44.66901603587959 -29.696796349715264 8.5
    endloop
  endfacet
  facet normal 0 0 1
    outer loop
      vertex -45.818440519687684 -23.671302192966962 6.699999999999999
      vertex -46.24416539894996 -30.43800537755041 6.699999999999999
      vertex -45.818440519687684 -30.328697807033038 6.699999999999999
    endloop
  endfacet
  facet normal 0 0 1
    outer loop
      vertex -45.409772479522246 -23.833105316368933 6.699999999999999
      vertex -45.818440519687684 -30.328697807033038 6.699999999999999
      vertex -45.409772479522246 -30.166894683631067 6.699999999999999
    endloop
  endfacet
  facet normal 0 0 1
    outer loop
      vertex -45.02460621757351 -24.044852260742946 6.699999999999999
      vertex -45.409772479522246 -30.166894683631067 6.699999999999999
      vertex -45.02460621757351 -29.95514773925705 6.699999999999999
    endloop
  endfacet
  facet normal 0 0 1
    outer loop
      vertex -44.66901603587959 -24.303203650284736 6.699999999999999
      vertex -45.02460621757351 -29.95514773925705 6.699999999999999
      vertex -44.66901603587959 -29.696796349715264 6.699999999999999
    endloop
  endfacet
  facet normal -0.7705132427757896 0.6374239897486893 0
    outer loop
      vertex -44.34860980402506 -29.39591487075041 8.5
      vertex -44.068440519687684 -29.057248383023655 6.699999999999999
      vertex -44.34860980402506 -29.39591487075041 6.699999999999999
    endloop
  endfacet
  facet normal -0.8443279255020132 0.5358267949789994 0
    outer loop
      vertex -44.068440519687684 -29.057248383023655 8.5
      vertex -43.832926619846475 -28.686137859356002 6.699999999999999
      vertex -44.068440519687684 -29.057248383023655 6.699999999999999
    endloop
  endfacet
  facet normal -0.9048270524660156 0.42577929156508093 0
    outer loop
      vertex -43.832926619846475 -28.686137859356002 8.5
      vertex -43.645782299391115 -28.288435934396375 6.699999999999999
      vertex -43.832926619846475 -28.686137859356002 6.699999999999999
    endloop
  endfacet
  facet normal -0.7705132427757896 0.6374239897486893 0
    outer loop
      vertex -44.068440519687684 -29.057248383023655 8.5
      vertex -44.068440519687684 -29.057248383023655 6.699999999999999
      vertex -44.34860980402506 -29.39591487075041 8.5
    endloop
  endfacet
  facet normal -0.8443279255020132 0.5358267949789994 0
    outer loop
      vertex -43.832926619846475 -28.686137859356002 8.5
      vertex -43.832926619846475 -28.686137859356002 6.699999999999999
      vertex -44.068440519687684 -29.057248383023655 8.5
    endloop
  endfacet
  facet normal 0 0 1
    outer loop
      vertex -44.34860980402506 -24.60408512924959 6.699999999999999
      vertex -44.66901603587959 -29.696796349715264 6.699999999999999
      vertex -44.34860980402506 -29.39591487075041 6.699999999999999
    endloop
  endfacet
  facet normal 0 0 1
    outer loop
      vertex -44.068440519687684 -24.942751616976345 6.699999999999999
      vertex -44.34860980402506 -29.39591487075041 6.699999999999999
      vertex -44.068440519687684 -29.057248383023655 6.699999999999999
    endloop
  endfacet
  facet normal -0.9510565162951579 0.30901699437493435 1.3076100745267428e-20
    outer loop
      vertex -43.50995893604979 -27.87041460507699 6.699999999999999
      vertex -43.645782299391115 -28.288435934396375 6.699999999999999
      vertex -43.645782299391115 -28.288435934396375 8.5
    endloop
  endfacet
  facet normal 0 0 1
    outer loop
      vertex -43.832926619846475 -25.313862140643998 6.699999999999999
      vertex -44.068440519687684 -29.057248383023655 6.699999999999999
      vertex -43.832926619846475 -28.686137859356002 6.699999999999999
    endloop
  endfacet
  facet normal 0 0 1
    outer loop
      vertex -43.64578229939112 -25.711564065603625 6.699999999999999
      vertex -43.832926619846475 -28.686137859356002 6.699999999999999
      vertex -43.645782299391115 -28.288435934396375 6.699999999999999
    endloop
  endfacet
  facet normal -0.9822872507286884 0.18738131458572663 0
    outer loop
      vertex -43.50995893604979 -27.87041460507699 8.5
      vertex -43.42759854539933 -27.438666317475064 6.699999999999999
      vertex -43.50995893604979 -27.87041460507699 6.699999999999999
    endloop
  endfacet
  facet normal -0.9048270524660156 0.42577929156508093 0
    outer loop
      vertex -43.645782299391115 -28.288435934396375 8.5
      vertex -43.645782299391115 -28.288435934396375 6.699999999999999
      vertex -43.832926619846475 -28.686137859356002 8.5
    endloop
  endfacet
  facet normal -0.9510565162951579 0.30901699437493435 0
    outer loop
      vertex -43.50995893604979 -27.87041460507699 8.5
      vertex -43.50995893604979 -27.87041460507699 6.699999999999999
      vertex -43.645782299391115 -28.288435934396375 8.5
    endloop
  endfacet
  facet normal -0.9822872507286884 0.18738131458572663 0
    outer loop
      vertex -43.42759854539933 -27.438666317475064 8.5
      vertex -43.42759854539933 -27.438666317475064 6.699999999999999
      vertex -43.50995893604979 -27.87041460507699 8.5
    endloop
  endfacet
  facet normal 0 0 1
    outer loop
      vertex -50.290041063950206 -26.12958539492301 6.699999999999999
      vertex -50.37240145460067 -27.438666317475064 6.699999999999999
      vertex -50.290041063950206 -27.87041460507699 6.699999999999999
    endloop
  endfacet
  facet normal 0.9980267284282714 0.06279051952931572 0
    outer loop
      vertex -50.4 -27 8.5
      vertex -50.37240145460067 -27.438666317475064 6.699999999999999
      vertex -50.4 -27 6.699999999999999
    endloop
  endfacet
  facet normal 0 0 1
    outer loop
      vertex -50.37240145460067 -26.561333682524936 6.699999999999999
      vertex -50.4 -27 6.699999999999999
      vertex -50.37240145460067 -27.438666317475064 6.699999999999999
    endloop
  endfacet
  facet normal 0 0 1
    outer loop
      vertex -50.290041063950206 -26.12958539492301 6.699999999999999
      vertex -50.37240145460067 -26.561333682524936 6.699999999999999
      vertex -50.37240145460067 -27.438666317475064 6.699999999999999
    endloop
  endfacet
  facet normal 0.9980267284282714 -0.06279051952931572 0
    outer loop
      vertex -50.37240145460067 -26.561333682524936 8.5
      vertex -50.4 -27 6.699999999999999
      vertex -50.37240145460067 -26.561333682524936 6.699999999999999
    endloop
  endfacet
  facet normal 0.9980267284282714 0.06279051952931572 8.748375715020003e-19
    outer loop
      vertex -50.4 -27 8.5
      vertex -50.37240145460067 -27.438666317475064 8.5
      vertex -50.37240145460067 -27.438666317475064 6.699999999999999
    endloop
  endfacet
  facet normal 0.9980267284282714 -0.06279051952931572 -8.748375715020003e-19
    outer loop
      vertex -50.37240145460067 -26.561333682524936 8.5
      vertex -50.4 -27 8.5
      vertex -50.4 -27 6.699999999999999
    endloop
  endfacet
  facet normal 0.9822872507286884 -0.18738131458572663 0
    outer loop
      vertex -50.290041063950206 -26.12958539492301 8.5
      vertex -50.37240145460067 -26.561333682524936 6.699999999999999
      vertex -50.290041063950206 -26.12958539492301 6.699999999999999
    endloop
  endfacet
  facet normal 0.9822872507286884 -0.18738131458572663 1.1844474603654792e-19
    outer loop
      vertex -50.290041063950206 -26.12958539492301 8.5
      vertex -50.37240145460067 -26.561333682524936 8.5
      vertex -50.37240145460067 -26.561333682524936 6.699999999999999
    endloop
  endfacet
  facet normal 0 0 1
    outer loop
      vertex -50.15421770060888 -25.71156406560363 6.699999999999999
      vertex -50.290041063950206 -27.87041460507699 6.699999999999999
      vertex -50.15421770060888 -28.28843593439637 6.699999999999999
    endloop
  endfacet
  facet normal 0 0 1
    outer loop
      vertex -49.96707338015352 -25.313862140643998 6.699999999999999
      vertex -50.15421770060888 -28.28843593439637 6.699999999999999
      vertex -49.96707338015352 -28.686137859356002 6.699999999999999
    endloop
  endfacet
  facet normal 0 0 1
    outer loop
      vertex -50.15421770060888 -25.71156406560363 6.699999999999999
      vertex -50.290041063950206 -26.12958539492301 6.699999999999999
      vertex -50.290041063950206 -27.87041460507699 6.699999999999999
    endloop
  endfacet
  facet normal 0 0 1
    outer loop
      vertex -49.96707338015352 -25.313862140643998 6.699999999999999
      vertex -50.15421770060888 -25.71156406560363 6.699999999999999
      vertex -50.15421770060888 -28.28843593439637 6.699999999999999
    endloop
  endfacet
  facet normal 0 0 1
    outer loop
      vertex -49.73155948031231 -24.942751616976345 6.699999999999999
      vertex -49.96707338015352 -25.313862140643998 6.699999999999999
      vertex -49.96707338015352 -28.686137859356002 6.699999999999999
    endloop
  endfacet
  facet normal 0 0 1
    outer loop
      vertex -49.73155948031231 -24.942751616976345 6.699999999999999
      vertex -49.73155948031231 -29.057248383023655 6.699999999999999
      vertex -49.45139019597494 -24.60408512924959 6.699999999999999
    endloop
  endfacet
  facet normal 0.9510565162951571 -0.3090169943749367 0
    outer loop
      vertex -50.15421770060888 -25.71156406560363 8.5
      vertex -50.290041063950206 -26.12958539492301 6.699999999999999
      vertex -50.15421770060888 -25.71156406560363 6.699999999999999
    endloop
  endfacet
  facet normal 0 0 1
    outer loop
      vertex -49.13098396412041 -24.303203650284736 6.699999999999999
      vertex -49.45139019597494 -24.60408512924959 6.699999999999999
      vertex -49.45139019597494 -29.39591487075041 6.699999999999999
    endloop
  endfacet
  facet normal 0 0 1
    outer loop
      vertex -49.13098396412041 -24.303203650284736 6.699999999999999
      vertex -49.13098396412041 -29.696796349715264 6.699999999999999
      vertex -48.775393782426484 -24.04485226074295 6.699999999999999
    endloop
  endfacet
  facet normal 0.9510565162951571 -0.3090169943749367 4.0338180928726935e-18
    outer loop
      vertex -50.15421770060888 -25.71156406560363 8.5
      vertex -50.290041063950206 -26.12958539492301 8.5
      vertex -50.290041063950206 -26.12958539492301 6.699999999999999
    endloop
  endfacet
  facet normal 0.9048270524660171 -0.4257792915650778 0
    outer loop
      vertex -49.96707338015352 -25.313862140643998 8.5
      vertex -50.15421770060888 -25.71156406560363 6.699999999999999
      vertex -49.96707338015352 -25.313862140643998 6.699999999999999
    endloop
  endfacet
  facet normal 0.8443279255020132 -0.5358267949789994 0
    outer loop
      vertex -49.73155948031231 -24.942751616976345 8.5
      vertex -49.96707338015352 -25.313862140643998 6.699999999999999
      vertex -49.73155948031231 -24.942751616976345 6.699999999999999
    endloop
  endfacet
  facet normal 0.7705132427757896 -0.6374239897486893 0
    outer loop
      vertex -49.45139019597494 -24.60408512924959 8.5
      vertex -49.73155948031231 -24.942751616976345 6.699999999999999
      vertex -49.45139019597494 -24.60408512924959 6.699999999999999
    endloop
  endfacet
  facet normal 0.9048270524660171 -0.4257792915650778 -6.9130197357434316e-18
    outer loop
      vertex -49.96707338015352 -25.313862140643998 8.5
      vertex -50.15421770060888 -25.71156406560363 8.5
      vertex -50.15421770060888 -25.71156406560363 6.699999999999999
    endloop
  endfacet
  facet normal 0.8443279255020132 -0.5358267949789994 -6.79251001726491e-20
    outer loop
      vertex -49.73155948031231 -24.942751616976345 8.5
      vertex -49.96707338015352 -25.313862140643998 8.5
      vertex -49.96707338015352 -25.313862140643998 6.699999999999999
    endloop
  endfacet
  facet normal 0.7705132427757896 -0.6374239897486893 0
    outer loop
      vertex -49.73155948031231 -24.942751616976345 8.5
      vertex -49.73155948031231 -24.942751616976345 6.699999999999999
      vertex -49.45139019597494 -24.60408512924959 8.5
    endloop
  endfacet
  facet normal 0.6845471059286905 -0.7289686274214098 0
    outer loop
      vertex -49.13098396412041 -24.303203650284736 8.5
      vertex -49.45139019597494 -24.60408512924959 6.699999999999999
      vertex -49.13098396412041 -24.303203650284736 6.699999999999999
    endloop
  endfacet
  facet normal 0.5877852522924663 -0.8090169943749524 0
    outer loop
      vertex -48.775393782426484 -24.04485226074295 8.5
      vertex -49.13098396412041 -24.303203650284736 6.699999999999999
      vertex -48.775393782426484 -24.04485226074295 6.699999999999999
    endloop
  endfacet
  facet normal 0.6845471059286905 -0.7289686274214098 -2.411935935731064e-18
    outer loop
      vertex -49.13098396412041 -24.303203650284736 8.5
      vertex -49.45139019597494 -24.60408512924959 8.5
      vertex -49.45139019597494 -24.60408512924959 6.699999999999999
    endloop
  endfacet
  facet normal 0.5877852522924663 -0.8090169943749524 0
    outer loop
      vertex -49.13098396412041 -24.303203650284736 8.5
      vertex -49.13098396412041 -24.303203650284736 6.699999999999999
      vertex -48.775393782426484 -24.04485226074295 8.5
    endloop
  endfacet
  facet normal 0 0 1
    outer loop
      vertex -48.39022752047775 -23.833105316368933 6.699999999999999
      vertex -48.775393782426484 -24.04485226074295 6.699999999999999
      vertex -48.775393782426484 -29.95514773925705 6.699999999999999
    endloop
  endfacet
  facet normal 0 0 1
    outer loop
      vertex -48.39022752047775 -23.833105316368933 6.699999999999999
      vertex -48.39022752047775 -30.166894683631067 6.699999999999999
      vertex -47.98155948031231 -23.671302192966962 6.699999999999999
    endloop
  endfacet
  facet normal 0 0 1
    outer loop
      vertex -47.98155948031231 -23.671302192966962 6.699999999999999
      vertex -47.98155948031231 -30.328697807033038 6.699999999999999
      vertex -47.55583460105004 -23.56199462244959 6.699999999999999
    endloop
  endfacet
  facet normal 0 0 1
    outer loop
      vertex -47.55583460105004 -23.56199462244959 6.699999999999999
      vertex -47.55583460105004 -30.43800537755041 6.699999999999999
      vertex -47.119766818352595 -23.50690645050105 6.699999999999999
    endloop
  endfacet
  facet normal 0 0 1
    outer loop
      vertex -47.119766818352595 -23.50690645050105 6.699999999999999
      vertex -47.119766818352595 -30.49309354949895 6.699999999999999
      vertex -46.6802331816474 -23.50690645050105 6.699999999999999
    endloop
  endfacet
  facet normal 0 0 1
    outer loop
      vertex -46.6802331816474 -23.50690645050105 6.699999999999999
      vertex -46.6802331816474 -30.49309354949895 6.699999999999999
      vertex -46.24416539894996 -23.56199462244959 6.699999999999999
    endloop
  endfacet
  facet normal 0.48175367410171877 -0.8763066800438616 0
    outer loop
      vertex -48.39022752047775 -23.833105316368933 8.5
      vertex -48.775393782426484 -24.04485226074295 6.699999999999999
      vertex -48.39022752047775 -23.833105316368933 6.699999999999999
    endloop
  endfacet
  facet normal 0.48175367410171877 -0.8763066800438616 2.1122414766147978e-18
    outer loop
      vertex -48.39022752047775 -23.833105316368933 8.5
      vertex -48.775393782426484 -24.04485226074295 8.5
      vertex -48.775393782426484 -24.04485226074295 6.699999999999999
    endloop
  endfacet
  facet normal 0.36812455268468075 -0.9297764858882502 0
    outer loop
      vertex -48.39022752047775 -23.833105316368933 8.5
      vertex -48.39022752047775 -23.833105316368933 6.699999999999999
      vertex -47.98155948031231 -23.671302192966962 8.5
    endloop
  endfacet
  facet normal 0.36812455268468075 -0.9297764858882502 0
    outer loop
      vertex -47.98155948031231 -23.671302192966962 8.5
      vertex -48.39022752047775 -23.833105316368933 6.699999999999999
      vertex -47.98155948031231 -23.671302192966962 6.699999999999999
    endloop
  endfacet
  facet normal 0.24868988716485743 -0.9685831611286304 0
    outer loop
      vertex -47.55583460105004 -23.56199462244959 8.5
      vertex -47.98155948031231 -23.671302192966962 6.699999999999999
      vertex -47.55583460105004 -23.56199462244959 6.699999999999999
    endloop
  endfacet
  facet normal 0.24868988716485743 -0.9685831611286304 0
    outer loop
      vertex -47.98155948031231 -23.671302192966962 8.5
      vertex -47.98155948031231 -23.671302192966962 6.699999999999999
      vertex -47.55583460105004 -23.56199462244959 8.5
    endloop
  endfacet
  facet normal 0.12533323356430393 -0.9921147013144779 0
    outer loop
      vertex -47.119766818352595 -23.50690645050105 8.5
      vertex -47.55583460105004 -23.56199462244959 6.699999999999999
      vertex -47.119766818352595 -23.50690645050105 6.699999999999999
    endloop
  endfacet
  facet normal 0 -1 0
    outer loop
      vertex -46.6802331816474 -23.50690645050105 8.5
      vertex -47.119766818352595 -23.50690645050105 6.699999999999999
      vertex -46.6802331816474 -23.50690645050105 6.699999999999999
    endloop
  endfacet
  facet normal -0.12533323356430393 -0.9921147013144779 0
    outer loop
      vertex -46.24416539894996 -23.56199462244959 8.5
      vertex -46.6802331816474 -23.50690645050105 6.699999999999999
      vertex -46.24416539894996 -23.56199462244959 6.699999999999999
    endloop
  endfacet
  facet normal 0.12533323356430393 -0.9921147013144779 0
    outer loop
      vertex -47.55583460105004 -23.56199462244959 8.5
      vertex -47.55583460105004 -23.56199462244959 6.699999999999999
      vertex -47.119766818352595 -23.50690645050105 8.5
    endloop
  endfacet
  facet normal 0 -1 0
    outer loop
      vertex -47.119766818352595 -23.50690645050105 8.5
      vertex -47.119766818352595 -23.50690645050105 6.699999999999999
      vertex -46.6802331816474 -23.50690645050105 8.5
    endloop
  endfacet
  facet normal -0.12533323356430393 -0.9921147013144779 0
    outer loop
      vertex -46.6802331816474 -23.50690645050105 8.5
      vertex -46.6802331816474 -23.50690645050105 6.699999999999999
      vertex -46.24416539894996 -23.56199462244959 8.5
    endloop
  endfacet
  facet normal 0 0 1
    outer loop
      vertex -46.24416539894996 -23.56199462244959 6.699999999999999
      vertex -46.24416539894996 -30.43800537755041 6.699999999999999
      vertex -45.818440519687684 -23.671302192966962 6.699999999999999
    endloop
  endfacet
  facet normal 0 0 1
    outer loop
      vertex -45.818440519687684 -23.671302192966962 6.699999999999999
      vertex -45.818440519687684 -30.328697807033038 6.699999999999999
      vertex -45.409772479522246 -23.833105316368933 6.699999999999999
    endloop
  endfacet
  facet normal 0 0 1
    outer loop
      vertex -45.02460621757351 -24.044852260742946 6.699999999999999
      vertex -45.02460621757351 -29.95514773925705 6.699999999999999
      vertex -44.66901603587959 -24.303203650284736 6.699999999999999
    endloop
  endfacet
  facet normal 0 0 1
    outer loop
      vertex -45.409772479522246 -23.833105316368933 6.699999999999999
      vertex -45.409772479522246 -30.166894683631067 6.699999999999999
      vertex -45.02460621757351 -24.044852260742946 6.699999999999999
    endloop
  endfacet
  facet normal 0 0 1
    outer loop
      vertex -43.50995893604979 -26.12958539492301 6.699999999999999
      vertex -43.645782299391115 -28.288435934396375 6.699999999999999
      vertex -43.50995893604979 -27.87041460507699 6.699999999999999
    endloop
  endfacet
  facet normal 0 0 1
    outer loop
      vertex -43.42759854539933 -26.561333682524936 6.699999999999999
      vertex -43.50995893604979 -27.87041460507699 6.699999999999999
      vertex -43.42759854539933 -27.438666317475064 6.699999999999999
    endloop
  endfacet
  facet normal -0.9980267284282714 0.06279051952931572 0
    outer loop
      vertex -43.42759854539933 -27.438666317475064 8.5
      vertex -43.4 -27 6.699999999999999
      vertex -43.42759854539933 -27.438666317475064 6.699999999999999
    endloop
  endfacet
  facet normal 0 0 1
    outer loop
      vertex -43.832926619846475 -25.313862140643998 6.699999999999999
      vertex -43.832926619846475 -28.686137859356002 6.699999999999999
      vertex -43.64578229939112 -25.711564065603625 6.699999999999999
    endloop
  endfacet
  facet normal 0 0 1
    outer loop
      vertex -43.42759854539933 -26.561333682524936 6.699999999999999
      vertex -43.42759854539933 -27.438666317475064 6.699999999999999
      vertex -43.4 -27 6.699999999999999
    endloop
  endfacet
  facet normal 0 0 1
    outer loop
      vertex -43.50995893604979 -26.12958539492301 6.699999999999999
      vertex -43.50995893604979 -27.87041460507699 6.699999999999999
      vertex -43.42759854539933 -26.561333682524936 6.699999999999999
    endloop
  endfacet
  facet normal 0 0 1
    outer loop
      vertex -43.64578229939112 -25.711564065603625 6.699999999999999
      vertex -43.645782299391115 -28.288435934396375 6.699999999999999
      vertex -43.50995893604979 -26.12958539492301 6.699999999999999
    endloop
  endfacet
  facet normal -0.9980267284282714 -0.06279051952931572 0
    outer loop
      vertex -43.4 -27 8.5
      vertex -43.42759854539933 -26.561333682524936 6.699999999999999
      vertex -43.4 -27 6.699999999999999
    endloop
  endfacet
  facet normal -0.9980267284282714 0.06279051952931572 0
    outer loop
      vertex -43.4 -27 8.5
      vertex -43.4 -27 6.699999999999999
      vertex -43.42759854539933 -27.438666317475064 8.5
    endloop
  endfacet
  facet normal -0.9980267284282714 -0.06279051952931572 0
    outer loop
      vertex -43.42759854539933 -26.561333682524936 8.5
      vertex -43.42759854539933 -26.561333682524936 6.699999999999999
      vertex -43.4 -27 8.5
    endloop
  endfacet
  facet normal 0 0 1
    outer loop
      vertex -44.66901603587959 -24.303203650284736 6.699999999999999
      vertex -44.66901603587959 -29.696796349715264 6.699999999999999
      vertex -44.34860980402506 -24.60408512924959 6.699999999999999
    endloop
  endfacet
  facet normal 0 0 1
    outer loop
      vertex -44.34860980402506 -24.60408512924959 6.699999999999999
      vertex -44.34860980402506 -29.39591487075041 6.699999999999999
      vertex -44.068440519687684 -24.942751616976345 6.699999999999999
    endloop
  endfacet
  facet normal 0 0 1
    outer loop
      vertex -44.068440519687684 -24.942751616976345 6.699999999999999
      vertex -44.068440519687684 -29.057248383023655 6.699999999999999
      vertex -43.832926619846475 -25.313862140643998 6.699999999999999
    endloop
  endfacet
  facet normal -0.9822872507286884 -0.18738131458572663 0
    outer loop
      vertex -43.42759854539933 -26.561333682524936 8.5
      vertex -43.50995893604979 -26.12958539492301 6.699999999999999
      vertex -43.42759854539933 -26.561333682524936 6.699999999999999
    endloop
  endfacet
  facet normal -0.9510565162951531 -0.30901699437494895 0
    outer loop
      vertex -43.50995893604979 -26.12958539492301 8.5
      vertex -43.64578229939112 -25.711564065603625 6.699999999999999
      vertex -43.50995893604979 -26.12958539492301 6.699999999999999
    endloop
  endfacet
  facet normal -0.9822872507286884 -0.18738131458572663 0
    outer loop
      vertex -43.50995893604979 -26.12958539492301 8.5
      vertex -43.50995893604979 -26.12958539492301 6.699999999999999
      vertex -43.42759854539933 -26.561333682524936 8.5
    endloop
  endfacet
  facet normal -0.9510565162951531 -0.30901699437494895 0
    outer loop
      vertex -43.64578229939112 -25.711564065603625 8.5
      vertex -43.64578229939112 -25.711564065603625 6.699999999999999
      vertex -43.50995893604979 -26.12958539492301 8.5
    endloop
  endfacet
  facet normal -0.36812455268468075 -0.9297764858882502 0
    outer loop
      vertex -45.409772479522246 -23.833105316368933 8.5
      vertex -45.818440519687684 -23.671302192966962 6.699999999999999
      vertex -45.409772479522246 -23.833105316368933 6.699999999999999
    endloop
  endfacet
  facet normal -0.48175367410171255 -0.876306680043865 0
    outer loop
      vertex -45.02460621757351 -24.044852260742946 8.5
      vertex -45.409772479522246 -23.833105316368933 6.699999999999999
      vertex -45.02460621757351 -24.044852260742946 6.699999999999999
    endloop
  endfacet
  facet normal -0.5877852522924716 -0.8090169943749486 0
    outer loop
      vertex -44.66901603587959 -24.303203650284736 8.5
      vertex -45.02460621757351 -24.044852260742946 6.699999999999999
      vertex -44.66901603587959 -24.303203650284736 6.699999999999999
    endloop
  endfacet
  facet normal -0.48175367410171255 -0.876306680043865 0
    outer loop
      vertex -45.409772479522246 -23.833105316368933 8.5
      vertex -45.409772479522246 -23.833105316368933 6.699999999999999
      vertex -45.02460621757351 -24.044852260742946 8.5
    endloop
  endfacet
  facet normal -0.5877852522924716 -0.8090169943749486 0
    outer loop
      vertex -45.02460621757351 -24.044852260742946 8.5
      vertex -45.02460621757351 -24.044852260742946 6.699999999999999
      vertex -44.66901603587959 -24.303203650284736 8.5
    endloop
  endfacet
  facet normal -0.7705132427757896 -0.6374239897486893 0
    outer loop
      vertex -44.068440519687684 -24.942751616976345 8.5
      vertex -44.34860980402506 -24.60408512924959 6.699999999999999
      vertex -44.068440519687684 -24.942751616976345 6.699999999999999
    endloop
  endfacet
  facet normal -0.9048270524660218 -0.4257792915650677 0
    outer loop
      vertex -43.64578229939112 -25.711564065603625 8.5
      vertex -43.832926619846475 -25.313862140643998 6.699999999999999
      vertex -43.64578229939112 -25.711564065603625 6.699999999999999
    endloop
  endfacet
  facet normal -0.8443279255020132 -0.5358267949789994 0
    outer loop
      vertex -43.832926619846475 -25.313862140643998 8.5
      vertex -44.068440519687684 -24.942751616976345 6.699999999999999
      vertex -43.832926619846475 -25.313862140643998 6.699999999999999
    endloop
  endfacet
  facet normal -0.7705132427757896 -0.6374239897486893 0
    outer loop
      vertex -44.34860980402506 -24.60408512924959 8.5
      vertex -44.34860980402506 -24.60408512924959 6.699999999999999
      vertex -44.068440519687684 -24.942751616976345 8.5
    endloop
  endfacet
  facet normal -0.9048270524660218 -0.4257792915650677 0
    outer loop
      vertex -43.832926619846475 -25.313862140643998 8.5
      vertex -43.832926619846475 -25.313862140643998 6.699999999999999
      vertex -43.64578229939112 -25.711564065603625 8.5
    endloop
  endfacet
  facet normal -0.8443279255020132 -0.5358267949789994 0
    outer loop
      vertex -44.068440519687684 -24.942751616976345 8.5
      vertex -44.068440519687684 -24.942751616976345 6.699999999999999
      vertex -43.832926619846475 -25.313862140643998 8.5
    endloop
  endfacet
  facet normal -0.6845471059286905 -0.7289686274214098 0
    outer loop
      vertex -44.34860980402506 -24.60408512924959 8.5
      vertex -44.66901603587959 -24.303203650284736 6.699999999999999
      vertex -44.34860980402506 -24.60408512924959 6.699999999999999
    endloop
  endfacet
  facet normal -0.6845471059286905 -0.7289686274214098 0
    outer loop
      vertex -44.66901603587959 -24.303203650284736 8.5
      vertex -44.66901603587959 -24.303203650284736 6.699999999999999
      vertex -44.34860980402506 -24.60408512924959 8.5
    endloop
  endfacet
  facet normal -0.24868988716485743 -0.9685831611286304 0
    outer loop
      vertex -45.818440519687684 -23.671302192966962 8.5
      vertex -46.24416539894996 -23.56199462244959 6.699999999999999
      vertex -45.818440519687684 -23.671302192966962 6.699999999999999
    endloop
  endfacet
  facet normal -0.24868988716485743 -0.9685831611286304 0
    outer loop
      vertex -46.24416539894996 -23.56199462244959 8.5
      vertex -46.24416539894996 -23.56199462244959 6.699999999999999
      vertex -45.818440519687684 -23.671302192966962 8.5
    endloop
  endfacet
  facet normal -0.36812455268468075 -0.9297764858882502 0
    outer loop
      vertex -45.818440519687684 -23.671302192966962 8.5
      vertex -45.818440519687684 -23.671302192966962 6.699999999999999
      vertex -45.409772479522246 -23.833105316368933 8.5
    endloop
  endfacet
  facet normal 0.5000000000000004 0.8660254037844385 0
    outer loop
      vertex -78.65 -32.9 1.5
      vertex -83.75954988232819 -29.95 6
      vertex -78.65 -32.9 6
    endloop
  endfacet
  facet normal 0 0 1
    outer loop
      vertex -83.75954988232819 -29.95 1.5
      vertex -81.48155948031231 -29.057248383023655 1.5
      vertex -81.71707338015352 -28.686137859356002 1.5
    endloop
  endfacet
  facet normal 0 0 1
    outer loop
      vertex -83.75954988232819 -29.95 1.5
      vertex -81.71707338015352 -28.686137859356002 1.5
      vertex -81.90421770060888 -28.28843593439637 1.5
    endloop
  endfacet
  facet normal 0 0 1
    outer loop
      vertex -83.75954988232819 -29.95 1.5
      vertex -81.90421770060888 -28.28843593439637 1.5
      vertex -82.04004106395021 -27.87041460507699 1.5
    endloop
  endfacet
  facet normal 0 0 1
    outer loop
      vertex -82.12240145460068 -27.438666317475064 1.5
      vertex -83.75954988232819 -29.95 1.5
      vertex -82.04004106395021 -27.87041460507699 1.5
    endloop
  endfacet
  facet normal 0 0 1
    outer loop
      vertex -83.75954988232819 -29.95 1.5
      vertex -80.52539378242649 -29.95514773925705 1.5
      vertex -80.88098396412042 -29.696796349715264 1.5
    endloop
  endfacet
  facet normal 0 0 1
    outer loop
      vertex -83.75954988232819 -29.95 1.5
      vertex -80.88098396412042 -29.696796349715264 1.5
      vertex -81.20139019597494 -29.39591487075041 1.5
    endloop
  endfacet
  facet normal 0 0 1
    outer loop
      vertex -83.75954988232819 -29.95 1.5
      vertex -81.20139019597494 -29.39591487075041 1.5
      vertex -81.48155948031231 -29.057248383023655 1.5
    endloop
  endfacet
  facet normal 0 0 1
    outer loop
      vertex -83.75954988232819 -29.95 1.5
      vertex -79.73155948031231 -30.328697807033038 1.5
      vertex -80.14022752047775 -30.166894683631067 1.5
    endloop
  endfacet
  facet normal 0 0 1
    outer loop
      vertex -83.75954988232819 -29.95 1.5
      vertex -80.14022752047775 -30.166894683631067 1.5
      vertex -80.52539378242649 -29.95514773925705 1.5
    endloop
  endfacet
  facet normal 0 0 1
    outer loop
      vertex -83.75954988232819 -29.95 1.5
      vertex -78.65 -32.9 1.5
      vertex -79.73155948031231 -30.328697807033038 1.5
    endloop
  endfacet
  facet normal 0.5000000000000004 0.8660254037844385 0
    outer loop
      vertex -83.75954988232819 -29.95 1.5
      vertex -83.75954988232819 -29.95 6
      vertex -78.65 -32.9 1.5
    endloop
  endfacet
  facet normal 0 0 1
    outer loop
      vertex -79.30583460105004 -30.43800537755041 1.5
      vertex -78.65 -32.9 1.5
      vertex -78.8697668183526 -30.49309354949895 1.5
    endloop
  endfacet
  facet normal 0 0 1
    outer loop
      vertex -78.8697668183526 -30.49309354949895 1.5
      vertex -78.65 -32.9 1.5
      vertex -78.43023318164741 -30.49309354949895 1.5
    endloop
  endfacet
  facet normal 0 0 1
    outer loop
      vertex -78.43023318164741 -30.49309354949895 1.5
      vertex -78.65 -32.9 1.5
      vertex -77.99416539894996 -30.43800537755041 1.5
    endloop
  endfacet
  facet normal -0.49999999999999933 0.866025403784439 0
    outer loop
      vertex -78.65 -32.9 1.5
      vertex -78.65 -32.9 6
      vertex -73.54045011767181 -29.95 1.5
    endloop
  endfacet
  facet normal 0 0 1
    outer loop
      vertex -79.73155948031231 -30.328697807033038 1.5
      vertex -78.65 -32.9 1.5
      vertex -79.30583460105004 -30.43800537755041 1.5
    endloop
  endfacet
  facet normal 0 0 1
    outer loop
      vertex -77.99416539894996 -30.43800537755041 1.5
      vertex -78.65 -32.9 1.5
      vertex -77.56844051968768 -30.328697807033038 1.5
    endloop
  endfacet
  facet normal 0 0 1
    outer loop
      vertex -77.15977247952225 -30.166894683631067 1.5
      vertex -77.56844051968768 -30.328697807033038 1.5
      vertex -78.65 -32.9 1.5
    endloop
  endfacet
  facet normal 0 0 1
    outer loop
      vertex -77.15977247952225 -30.166894683631067 1.5
      vertex -78.65 -32.9 1.5
      vertex -76.7746062175735 -29.95514773925705 1.5
    endloop
  endfacet
  facet normal 0 0 1
    outer loop
      vertex -76.7746062175735 -29.95514773925705 1.5
      vertex -78.65 -32.9 1.5
      vertex -76.4190160358796 -29.696796349715264 1.5
    endloop
  endfacet
  facet normal 0 0 1
    outer loop
      vertex -76.4190160358796 -29.696796349715264 1.5
      vertex -78.65 -32.9 1.5
      vertex -73.54045011767181 -29.95 1.5
    endloop
  endfacet
  facet normal 0 0 1
    outer loop
      vertex -76.4190160358796 -29.696796349715264 1.5
      vertex -73.54045011767181 -29.95 1.5
      vertex -76.09860980402506 -29.39591487075041 1.5
    endloop
  endfacet
  facet normal 0 0 1
    outer loop
      vertex -75.81844051968768 -29.057248383023655 1.5
      vertex -76.09860980402506 -29.39591487075041 1.5
      vertex -73.54045011767181 -29.95 1.5
    endloop
  endfacet
  facet normal 0 0 1
    outer loop
      vertex -75.58292661984648 -28.686137859356002 1.5
      vertex -75.81844051968768 -29.057248383023655 1.5
      vertex -73.54045011767181 -29.95 1.5
    endloop
  endfacet
  facet normal 0 0 1
    outer loop
      vertex -75.39578229939112 -28.288435934396375 1.5
      vertex -75.58292661984648 -28.686137859356002 1.5
      vertex -73.54045011767181 -29.95 1.5
    endloop
  endfacet
  facet normal 0 0 1
    outer loop
      vertex -75.39578229939112 -28.288435934396375 1.5
      vertex -73.54045011767181 -29.95 1.5
      vertex -75.2599589360498 -27.87041460507699 1.5
    endloop
  endfacet
  facet normal 0 0 1
    outer loop
      vertex -75.17759854539932 -27.438666317475064 1.5
      vertex -75.2599589360498 -27.87041460507699 1.5
      vertex -73.54045011767181 -29.95 1.5
    endloop
  endfacet
  facet normal 0 0 1
    outer loop
      vertex -75.15 -27 1.5
      vertex -75.17759854539932 -27.438666317475064 1.5
      vertex -73.54045011767181 -29.95 1.5
    endloop
  endfacet
  facet normal 0 0 1
    outer loop
      vertex -75.17759854539932 -26.561333682524936 1.5
      vertex -75.15 -27 1.5
      vertex -73.54045011767181 -29.95 1.5
    endloop
  endfacet
  facet normal -0.49999999999999933 0.866025403784439 0
    outer loop
      vertex -73.54045011767181 -29.95 1.5
      vertex -78.65 -32.9 6
      vertex -73.54045011767181 -29.95 6
    endloop
  endfacet
  facet normal 0 0 1
    outer loop
      vertex -83.75954988232819 -20 1.5
      vertex -83.75954988232819 -29.95 1.5
      vertex -82.12240145460068 -27.438666317475064 1.5
    endloop
  endfacet
  facet normal 0 0 1
    outer loop
      vertex -83.75954988232819 -20 1.5
      vertex -82.12240145460068 -27.438666317475064 1.5
      vertex -82.15 -27 1.5
    endloop
  endfacet
  facet normal 0 0 1
    outer loop
      vertex -83.75954988232819 -20 1.5
      vertex -82.15 -27 1.5
      vertex -82.12240145460068 -26.561333682524936 1.5
    endloop
  endfacet
  facet normal 0 0 1
    outer loop
      vertex -83.75954988232819 -20 1.5
      vertex -82.12240145460068 -26.561333682524936 1.5
      vertex -82.04004106395021 -26.12958539492301 1.5
    endloop
  endfacet
  facet normal 0 0 1
    outer loop
      vertex -83.75954988232819 -20 1.5
      vertex -82.04004106395021 -26.12958539492301 1.5
      vertex -81.90421770060888 -25.71156406560363 1.5
    endloop
  endfacet
  facet normal 1 0 0
    outer loop
      vertex -83.75954988232819 -20 6
      vertex -83.75954988232819 -29.95 6
      vertex -83.75954988232819 -29.95 1.5
    endloop
  endfacet
  facet normal 0 0 1
    outer loop
      vertex -83.75954988232819 -20 1.5
      vertex -81.90421770060888 -25.71156406560363 1.5
      vertex -81.71707338015352 -25.313862140643998 1.5
    endloop
  endfacet
  facet normal 0 0 1
    outer loop
      vertex -83.75954988232819 -20 1.5
      vertex -81.71707338015352 -25.313862140643998 1.5
      vertex -81.48155948031231 -24.942751616976345 1.5
    endloop
  endfacet
  facet normal 1 0 0
    outer loop
      vertex -83.75954988232819 -20 6
      vertex -83.75954988232819 -29.95 1.5
      vertex -83.75954988232819 -20 1.5
    endloop
  endfacet
  facet normal 0 0 1
    outer loop
      vertex -83.75954988232819 -20 1.5
      vertex -81.48155948031231 -24.942751616976345 1.5
      vertex -81.20139019597494 -24.60408512924959 1.5
    endloop
  endfacet
  facet normal 0 0 1
    outer loop
      vertex -83.75954988232819 -20 1.5
      vertex -81.20139019597494 -24.60408512924959 1.5
      vertex -80.88098396412042 -24.303203650284736 1.5
    endloop
  endfacet
  facet normal 0 0 1
    outer loop
      vertex -83.75954988232819 -20 1.5
      vertex -80.88098396412042 -24.303203650284736 1.5
      vertex -80.52539378242649 -24.04485226074295 1.5
    endloop
  endfacet
  facet normal 0 0 1
    outer loop
      vertex -83.75954988232819 -20 1.5
      vertex -80.52539378242649 -24.04485226074295 1.5
      vertex -80.14022752047775 -23.833105316368933 1.5
    endloop
  endfacet
  facet normal 0 0 1
    outer loop
      vertex -83.75954988232819 -20 1.5
      vertex -80.14022752047775 -23.833105316368933 1.5
      vertex -79.73155948031231 -23.671302192966962 1.5
    endloop
  endfacet
  facet normal 0 0 1
    outer loop
      vertex -83.75954988232819 -20 1.5
      vertex -79.73155948031231 -23.671302192966962 1.5
      vertex -79.30583460105004 -23.56199462244959 1.5
    endloop
  endfacet
  facet normal 0 0 1
    outer loop
      vertex -83.75954988232819 -20 1.5
      vertex -79.30583460105004 -23.56199462244959 1.5
      vertex -78.8697668183526 -23.50690645050105 1.5
    endloop
  endfacet
  facet normal 0 0 1
    outer loop
      vertex -83.75954988232819 -20 1.5
      vertex -78.8697668183526 -23.50690645050105 1.5
      vertex -78.4302331816474 -23.50690645050105 1.5
    endloop
  endfacet
  facet normal 0 0 1
    outer loop
      vertex -83.75954988232819 -20 1.5
      vertex -78.4302331816474 -23.50690645050105 1.5
      vertex -77.99416539894996 -23.56199462244959 1.5
    endloop
  endfacet
  facet normal 0 0 1
    outer loop
      vertex -83.75954988232819 -20 1.5
      vertex -77.99416539894996 -23.56199462244959 1.5
      vertex -77.56844051968768 -23.671302192966962 1.5
    endloop
  endfacet
  facet normal 0 0 1
    outer loop
      vertex -83.75954988232819 -20 1.5
      vertex -77.56844051968768 -23.671302192966962 1.5
      vertex -77.15977247952225 -23.833105316368933 1.5
    endloop
  endfacet
  facet normal 0 0 1
    outer loop
      vertex -75.17759854539932 -26.561333682524936 1.5
      vertex -73.54045011767181 -29.95 1.5
      vertex -73.54045011767181 -24.05 1.5
    endloop
  endfacet
  facet normal 0 0 1
    outer loop
      vertex -75.2599589360498 -26.12958539492301 1.5
      vertex -75.17759854539932 -26.561333682524936 1.5
      vertex -73.54045011767181 -24.05 1.5
    endloop
  endfacet
  facet normal 0 0 1
    outer loop
      vertex -75.39578229939112 -25.711564065603625 1.5
      vertex -75.2599589360498 -26.12958539492301 1.5
      vertex -73.54045011767181 -24.05 1.5
    endloop
  endfacet
  facet normal 0 0 1
    outer loop
      vertex -75.81844051968768 -24.942751616976345 1.5
      vertex -75.58292661984648 -25.313862140643998 1.5
      vertex -73.54045011767181 -24.05 1.5
    endloop
  endfacet
  facet normal 0 0 1
    outer loop
      vertex -75.58292661984648 -25.313862140643998 1.5
      vertex -75.39578229939112 -25.711564065603625 1.5
      vertex -73.54045011767181 -24.05 1.5
    endloop
  endfacet
  facet normal 0 0 1
    outer loop
      vertex -76.09860980402506 -24.60408512924959 1.5
      vertex -75.81844051968768 -24.942751616976345 1.5
      vertex -73.54045011767181 -24.05 1.5
    endloop
  endfacet
  facet normal 0 0 1
    outer loop
      vertex -83.75954988232819 -20 1.5
      vertex -77.15977247952225 -23.833105316368933 1.5
      vertex -73.54045011767181 -20 1.5
    endloop
  endfacet
  facet normal 0 0 1
    outer loop
      vertex -76.4190160358796 -24.303203650284736 1.5
      vertex -76.09860980402506 -24.60408512924959 1.5
      vertex -73.54045011767181 -20 1.5
    endloop
  endfacet
  facet normal 0 0 1
    outer loop
      vertex -77.15977247952225 -23.833105316368933 1.5
      vertex -76.7746062175735 -24.044852260742946 1.5
      vertex -73.54045011767181 -20 1.5
    endloop
  endfacet
  facet normal 0 0 1
    outer loop
      vertex -76.7746062175735 -24.044852260742946 1.5
      vertex -76.4190160358796 -24.303203650284736 1.5
      vertex -73.54045011767181 -20 1.5
    endloop
  endfacet
  facet normal 0 0 1
    outer loop
      vertex -76.09860980402506 -24.60408512924959 1.5
      vertex -73.54045011767181 -24.05 1.5
      vertex -73.54045011767181 -20 1.5
    endloop
  endfacet
  facet normal -1 0 0
    outer loop
      vertex -73.54045011767181 -24.05 1.5
      vertex -73.54045011767181 -29.95 1.5
      vertex -73.54045011767181 -29.95 6
    endloop
  endfacet
  facet normal -1 0 0
    outer loop
      vertex -73.54045011767181 -20 6
      vertex -73.54045011767181 -24.05 1.5
      vertex -73.54045011767181 -29.95 6
    endloop
  endfacet
  facet normal -1 0 0
    outer loop
      vertex -73.54045011767181 -20 6
      vertex -73.54045011767181 -20 1.5
      vertex -73.54045011767181 -24.05 1.5
    endloop
  endfacet
  facet normal 1 0 0
    outer loop
      vertex -52.00954988232819 -20 6
      vertex -52.00954988232819 -29.95 6
      vertex -52.00954988232819 -29.95 1.5
    endloop
  endfacet
  facet normal 1 0 0
    outer loop
      vertex -52.00954988232819 -20 6
      vertex -52.00954988232819 -29.95 1.5
      vertex -52.00954988232819 -20 1.5
    endloop
  endfacet
  facet normal 0 0 1
    outer loop
      vertex -47.55583460105004 -30.43800537755041 1.5
      vertex -46.9 -32.9 1.5
      vertex -47.119766818352595 -30.49309354949895 1.5
    endloop
  endfacet
  facet normal 0 0 1
    outer loop
      vertex -47.119766818352595 -30.49309354949895 1.5
      vertex -46.9 -32.9 1.5
      vertex -46.6802331816474 -30.49309354949895 1.5
    endloop
  endfacet
  facet normal 0 0 1
    outer loop
      vertex -46.6802331816474 -30.49309354949895 1.5
      vertex -46.9 -32.9 1.5
      vertex -46.24416539894996 -30.43800537755041 1.5
    endloop
  endfacet
  facet normal 0.4999999999999999 0.8660254037844387 0
    outer loop
      vertex -46.9 -32.9 1.5
      vertex -52.00954988232819 -29.95 6
      vertex -46.9 -32.9 6
    endloop
  endfacet
  facet normal 0 0 1
    outer loop
      vertex -52.00954988232819 -29.95 1.5
      vertex -49.45139019597494 -29.39591487075041 1.5
      vertex -49.73155948031231 -29.057248383023655 1.5
    endloop
  endfacet
  facet normal 0 0 1
    outer loop
      vertex -52.00954988232819 -29.95 1.5
      vertex -46.9 -32.9 1.5
      vertex -48.39022752047775 -30.166894683631067 1.5
    endloop
  endfacet
  facet normal 0 0 1
    outer loop
      vertex -52.00954988232819 -29.95 1.5
      vertex -48.775393782426484 -29.95514773925705 1.5
      vertex -49.13098396412041 -29.696796349715264 1.5
    endloop
  endfacet
  facet normal 0 0 1
    outer loop
      vertex -52.00954988232819 -29.95 1.5
      vertex -48.39022752047775 -30.166894683631067 1.5
      vertex -48.775393782426484 -29.95514773925705 1.5
    endloop
  endfacet
  facet normal 0 0 1
    outer loop
      vertex -52.00954988232819 -29.95 1.5
      vertex -49.13098396412041 -29.696796349715264 1.5
      vertex -49.45139019597494 -29.39591487075041 1.5
    endloop
  endfacet
  facet normal 0.4999999999999999 0.8660254037844387 0
    outer loop
      vertex -52.00954988232819 -29.95 1.5
      vertex -52.00954988232819 -29.95 6
      vertex -46.9 -32.9 1.5
    endloop
  endfacet
  facet normal 0 0 1
    outer loop
      vertex -52.00954988232819 -29.95 1.5
      vertex -49.96707338015352 -28.686137859356002 1.5
      vertex -50.15421770060888 -28.28843593439637 1.5
    endloop
  endfacet
  facet normal 0 0 1
    outer loop
      vertex -52.00954988232819 -29.95 1.5
      vertex -49.73155948031231 -29.057248383023655 1.5
      vertex -49.96707338015352 -28.686137859356002 1.5
    endloop
  endfacet
  facet normal 0 0 1
    outer loop
      vertex -52.00954988232819 -29.95 1.5
      vertex -50.15421770060888 -28.28843593439637 1.5
      vertex -50.290041063950206 -27.87041460507699 1.5
    endloop
  endfacet
  facet normal 0 0 1
    outer loop
      vertex -52.00954988232819 -29.95 1.5
      vertex -50.290041063950206 -27.87041460507699 1.5
      vertex -50.37240145460067 -27.438666317475064 1.5
    endloop
  endfacet
  facet normal 0 0 1
    outer loop
      vertex -48.39022752047775 -30.166894683631067 1.5
      vertex -46.9 -32.9 1.5
      vertex -47.98155948031231 -30.328697807033038 1.5
    endloop
  endfacet
  facet normal 0 0 1
    outer loop
      vertex -47.98155948031231 -30.328697807033038 1.5
      vertex -46.9 -32.9 1.5
      vertex -47.55583460105004 -30.43800537755041 1.5
    endloop
  endfacet
  facet normal 0 0 1
    outer loop
      vertex -46.24416539894996 -30.43800537755041 1.5
      vertex -46.9 -32.9 1.5
      vertex -45.818440519687684 -30.328697807033038 1.5
    endloop
  endfacet
  facet normal -0.4999999999999999 0.8660254037844387 0
    outer loop
      vertex -46.9 -32.9 1.5
      vertex -46.9 -32.9 6
      vertex -41.79045011767181 -29.95 1.5
    endloop
  endfacet
  facet normal 0 0 1
    outer loop
      vertex -46.9 -32.9 1.5
      vertex -45.409772479522246 -30.166894683631067 1.5
      vertex -45.818440519687684 -30.328697807033038 1.5
    endloop
  endfacet
  facet normal 0 0 1
    outer loop
      vertex -46.9 -32.9 1.5
      vertex -45.02460621757351 -29.95514773925705 1.5
      vertex -45.409772479522246 -30.166894683631067 1.5
    endloop
  endfacet
  facet normal 0 0 1
    outer loop
      vertex -46.9 -32.9 1.5
      vertex -44.66901603587959 -29.696796349715264 1.5
      vertex -45.02460621757351 -29.95514773925705 1.5
    endloop
  endfacet
  facet normal 0 0 1
    outer loop
      vertex -46.9 -32.9 1.5
      vertex -41.79045011767181 -29.95 1.5
      vertex -44.66901603587959 -29.696796349715264 1.5
    endloop
  endfacet
  facet normal 0 0 1
    outer loop
      vertex -44.66901603587959 -29.696796349715264 1.5
      vertex -41.79045011767181 -29.95 1.5
      vertex -44.34860980402506 -29.39591487075041 1.5
    endloop
  endfacet
  facet normal 0 0 1
    outer loop
      vertex -44.068440519687684 -29.057248383023655 1.5
      vertex -44.34860980402506 -29.39591487075041 1.5
      vertex -41.79045011767181 -29.95 1.5
    endloop
  endfacet
  facet normal 0 0 1
    outer loop
      vertex -44.068440519687684 -29.057248383023655 1.5
      vertex -41.79045011767181 -29.95 1.5
      vertex -43.832926619846475 -28.686137859356002 1.5
    endloop
  endfacet
  facet normal 0 0 1
    outer loop
      vertex -43.645782299391115 -28.288435934396375 1.5
      vertex -43.832926619846475 -28.686137859356002 1.5
      vertex -41.79045011767181 -29.95 1.5
    endloop
  endfacet
  facet normal 0 0 1
    outer loop
      vertex -43.50995893604979 -27.87041460507699 1.5
      vertex -43.645782299391115 -28.288435934396375 1.5
      vertex -41.79045011767181 -29.95 1.5
    endloop
  endfacet
  facet normal 0 0 1
    outer loop
      vertex -43.42759854539933 -27.438666317475064 1.5
      vertex -43.50995893604979 -27.87041460507699 1.5
      vertex -41.79045011767181 -29.95 1.5
    endloop
  endfacet
  facet normal 0 0 1
    outer loop
      vertex -43.4 -27 1.5
      vertex -43.42759854539933 -27.438666317475064 1.5
      vertex -41.79045011767181 -29.95 1.5
    endloop
  endfacet
  facet normal -1 0 0
    outer loop
      vertex -41.79045011767181 -24.05 1.5
      vertex -41.79045011767181 -29.95 1.5
      vertex -41.79045011767181 -29.95 6
    endloop
  endfacet
  facet normal -0.4999999999999999 0.8660254037844387 0
    outer loop
      vertex -41.79045011767181 -29.95 1.5
      vertex -46.9 -32.9 6
      vertex -41.79045011767181 -29.95 6
    endloop
  endfacet
  facet normal 0 0 1
    outer loop
      vertex -52.00954988232819 -20 1.5
      vertex -52.00954988232819 -29.95 1.5
      vertex -50.37240145460067 -27.438666317475064 1.5
    endloop
  endfacet
  facet normal 0 0 1
    outer loop
      vertex -52.00954988232819 -20 1.5
      vertex -50.37240145460067 -27.438666317475064 1.5
      vertex -50.4 -27 1.5
    endloop
  endfacet
  facet normal 0 0 1
    outer loop
      vertex -52.00954988232819 -20 1.5
      vertex -50.4 -27 1.5
      vertex -50.37240145460067 -26.561333682524936 1.5
    endloop
  endfacet
  facet normal 0 0 1
    outer loop
      vertex -52.00954988232819 -20 1.5
      vertex -50.37240145460067 -26.561333682524936 1.5
      vertex -50.290041063950206 -26.12958539492301 1.5
    endloop
  endfacet
  facet normal 0 0 1
    outer loop
      vertex -52.00954988232819 -20 1.5
      vertex -50.290041063950206 -26.12958539492301 1.5
      vertex -50.15421770060888 -25.71156406560363 1.5
    endloop
  endfacet
  facet normal 0 0 1
    outer loop
      vertex -52.00954988232819 -20 1.5
      vertex -50.15421770060888 -25.71156406560363 1.5
      vertex -49.96707338015352 -25.313862140643998 1.5
    endloop
  endfacet
  facet normal 0 0 1
    outer loop
      vertex -52.00954988232819 -20 1.5
      vertex -49.96707338015352 -25.313862140643998 1.5
      vertex -49.73155948031231 -24.942751616976345 1.5
    endloop
  endfacet
  facet normal 0 0 1
    outer loop
      vertex -52.00954988232819 -20 1.5
      vertex -49.73155948031231 -24.942751616976345 1.5
      vertex -49.45139019597494 -24.60408512924959 1.5
    endloop
  endfacet
  facet normal 0 0 1
    outer loop
      vertex -52.00954988232819 -20 1.5
      vertex -49.45139019597494 -24.60408512924959 1.5
      vertex -49.13098396412041 -24.303203650284736 1.5
    endloop
  endfacet
  facet normal 0 0 1
    outer loop
      vertex -52.00954988232819 -20 1.5
      vertex -49.13098396412041 -24.303203650284736 1.5
      vertex -48.775393782426484 -24.04485226074295 1.5
    endloop
  endfacet
  facet normal 0 0 1
    outer loop
      vertex -48.775393782426484 -24.04485226074295 1.5
      vertex -48.39022752047775 -23.833105316368933 1.5
      vertex -41.79045011767181 -20 1.5
    endloop
  endfacet
  facet normal 0 0 1
    outer loop
      vertex -52.00954988232819 -20 1.5
      vertex -48.775393782426484 -24.04485226074295 1.5
      vertex -41.79045011767181 -20 1.5
    endloop
  endfacet
  facet normal 0 0 1
    outer loop
      vertex -44.34860980402506 -24.60408512924959 1.5
      vertex -44.068440519687684 -24.942751616976345 1.5
      vertex -41.79045011767181 -24.05 1.5
    endloop
  endfacet
  facet normal 0 0 1
    outer loop
      vertex -43.4 -27 1.5
      vertex -41.79045011767181 -29.95 1.5
      vertex -41.79045011767181 -24.05 1.5
    endloop
  endfacet
  facet normal 0 0 1
    outer loop
      vertex -43.42759854539933 -26.561333682524936 1.5
      vertex -43.4 -27 1.5
      vertex -41.79045011767181 -24.05 1.5
    endloop
  endfacet
  facet normal 0 0 1
    outer loop
      vertex -43.64578229939112 -25.711564065603625 1.5
      vertex -43.50995893604979 -26.12958539492301 1.5
      vertex -41.79045011767181 -24.05 1.5
    endloop
  endfacet
  facet normal 0 0 1
    outer loop
      vertex -43.50995893604979 -26.12958539492301 1.5
      vertex -43.42759854539933 -26.561333682524936 1.5
      vertex -41.79045011767181 -24.05 1.5
    endloop
  endfacet
  facet normal 0 0 1
    outer loop
      vertex -43.832926619846475 -25.313862140643998 1.5
      vertex -43.64578229939112 -25.711564065603625 1.5
      vertex -41.79045011767181 -24.05 1.5
    endloop
  endfacet
  facet normal 0 0 1
    outer loop
      vertex -44.068440519687684 -24.942751616976345 1.5
      vertex -43.832926619846475 -25.313862140643998 1.5
      vertex -41.79045011767181 -24.05 1.5
    endloop
  endfacet
  facet normal -1 0 0
    outer loop
      vertex -41.79045011767181 -20 6
      vertex -41.79045011767181 -24.05 1.5
      vertex -41.79045011767181 -29.95 6
    endloop
  endfacet
  facet normal 0 0 1
    outer loop
      vertex -47.98155948031231 -23.671302192966962 1.5
      vertex -41.79045011767181 -20 1.5
      vertex -48.39022752047775 -23.833105316368933 1.5
    endloop
  endfacet
  facet normal 0 0 1
    outer loop
      vertex -47.98155948031231 -23.671302192966962 1.5
      vertex -47.55583460105004 -23.56199462244959 1.5
      vertex -41.79045011767181 -20 1.5
    endloop
  endfacet
  facet normal 0 0 1
    outer loop
      vertex -47.55583460105004 -23.56199462244959 1.5
      vertex -47.119766818352595 -23.50690645050105 1.5
      vertex -41.79045011767181 -20 1.5
    endloop
  endfacet
  facet normal 0 0 1
    outer loop
      vertex -46.6802331816474 -23.50690645050105 1.5
      vertex -46.24416539894996 -23.56199462244959 1.5
      vertex -41.79045011767181 -20 1.5
    endloop
  endfacet
  facet normal 0 0 1
    outer loop
      vertex -47.119766818352595 -23.50690645050105 1.5
      vertex -46.6802331816474 -23.50690645050105 1.5
      vertex -41.79045011767181 -20 1.5
    endloop
  endfacet
  facet normal 0 0 1
    outer loop
      vertex -41.79045011767181 -20 1.5
      vertex -44.66901603587959 -24.303203650284736 1.5
      vertex -44.34860980402506 -24.60408512924959 1.5
    endloop
  endfacet
  facet normal 0 0 1
    outer loop
      vertex -46.24416539894996 -23.56199462244959 1.5
      vertex -45.818440519687684 -23.671302192966962 1.5
      vertex -41.79045011767181 -20 1.5
    endloop
  endfacet
  facet normal 0 0 1
    outer loop
      vertex -41.79045011767181 -20 1.5
      vertex -45.409772479522246 -23.833105316368933 1.5
      vertex -45.02460621757351 -24.044852260742946 1.5
    endloop
  endfacet
  facet normal 0 0 1
    outer loop
      vertex -45.818440519687684 -23.671302192966962 1.5
      vertex -45.409772479522246 -23.833105316368933 1.5
      vertex -41.79045011767181 -20 1.5
    endloop
  endfacet
  facet normal 0 0 1
    outer loop
      vertex -41.79045011767181 -20 1.5
      vertex -45.02460621757351 -24.044852260742946 1.5
      vertex -44.66901603587959 -24.303203650284736 1.5
    endloop
  endfacet
  facet normal 0 0 1
    outer loop
      vertex -41.79045011767181 -20 1.5
      vertex -44.34860980402506 -24.60408512924959 1.5
      vertex -41.79045011767181 -24.05 1.5
    endloop
  endfacet
  facet normal -1 0 0
    outer loop
      vertex -41.79045011767181 -20 6
      vertex -41.79045011767181 -20 1.5
      vertex -41.79045011767181 -24.05 1.5
    endloop
  endfacet
  facet normal 0 0 1
    outer loop
      vertex -63.43083460105004 -30.43800537755041 1.5
      vertex -62.775 -32.9 1.5
      vertex -62.994766818352595 -30.49309354949895 1.5
    endloop
  endfacet
  facet normal 0.4999999999999999 0.8660254037844387 0
    outer loop
      vertex -62.775 -32.9 1.5
      vertex -67.88454988232819 -29.95 6
      vertex -62.775 -32.9 6
    endloop
  endfacet
  facet normal 0 0 1
    outer loop
      vertex -65.60655948031231 -29.057248383023655 1.5
      vertex -67.88454988232819 -29.95 1.5
      vertex -65.32639019597494 -29.39591487075041 1.5
    endloop
  endfacet
  facet normal 0 0 1
    outer loop
      vertex -67.88454988232819 -29.95 1.5
      vertex -64.65039378242649 -29.95514773925705 1.5
      vertex -65.00598396412042 -29.696796349715264 1.5
    endloop
  endfacet
  facet normal 0 0 1
    outer loop
      vertex -67.88454988232819 -29.95 1.5
      vertex -64.26522752047775 -30.166894683631067 1.5
      vertex -64.65039378242649 -29.95514773925705 1.5
    endloop
  endfacet
  facet normal 0 0 1
    outer loop
      vertex -67.88454988232819 -29.95 1.5
      vertex -65.00598396412042 -29.696796349715264 1.5
      vertex -65.32639019597494 -29.39591487075041 1.5
    endloop
  endfacet
  facet normal 0.4999999999999999 0.8660254037844387 0
    outer loop
      vertex -67.88454988232819 -29.95 1.5
      vertex -67.88454988232819 -29.95 6
      vertex -62.775 -32.9 1.5
    endloop
  endfacet
  facet normal 0 0 1
    outer loop
      vertex -65.84207338015352 -28.686137859356002 1.5
      vertex -67.88454988232819 -29.95 1.5
      vertex -65.60655948031231 -29.057248383023655 1.5
    endloop
  endfacet
  facet normal 0 0 1
    outer loop
      vertex -66.02921770060888 -28.28843593439637 1.5
      vertex -67.88454988232819 -29.95 1.5
      vertex -65.84207338015352 -28.686137859356002 1.5
    endloop
  endfacet
  facet normal 0 0 1
    outer loop
      vertex -66.16504106395021 -27.87041460507699 1.5
      vertex -67.88454988232819 -29.95 1.5
      vertex -66.02921770060888 -28.28843593439637 1.5
    endloop
  endfacet
  facet normal 0 0 1
    outer loop
      vertex -66.24740145460066 -27.438666317475064 1.5
      vertex -67.88454988232819 -29.95 1.5
      vertex -66.16504106395021 -27.87041460507699 1.5
    endloop
  endfacet
  facet normal 0 0 1
    outer loop
      vertex -67.88454988232819 -29.95 1.5
      vertex -62.775 -32.9 1.5
      vertex -64.26522752047775 -30.166894683631067 1.5
    endloop
  endfacet
  facet normal 0 0 1
    outer loop
      vertex -64.26522752047775 -30.166894683631067 1.5
      vertex -62.775 -32.9 1.5
      vertex -63.85655948031231 -30.328697807033038 1.5
    endloop
  endfacet
  facet normal 0 0 1
    outer loop
      vertex -63.85655948031231 -30.328697807033038 1.5
      vertex -62.775 -32.9 1.5
      vertex -63.43083460105004 -30.43800537755041 1.5
    endloop
  endfacet
  facet normal 0 0 1
    outer loop
      vertex -67.88454988232819 -20 1.5
      vertex -67.88454988232819 -29.95 1.5
      vertex -66.24740145460066 -27.438666317475064 1.5
    endloop
  endfacet
  facet normal 0 0 1
    outer loop
      vertex -67.88454988232819 -20 1.5
      vertex -66.24740145460066 -27.438666317475064 1.5
      vertex -66.275 -27 1.5
    endloop
  endfacet
  facet normal 0 0 1
    outer loop
      vertex -67.88454988232819 -20 1.5
      vertex -66.275 -27 1.5
      vertex -66.24740145460066 -26.561333682524936 1.5
    endloop
  endfacet
  facet normal 0 0 1
    outer loop
      vertex -67.88454988232819 -20 1.5
      vertex -66.24740145460066 -26.561333682524936 1.5
      vertex -66.16504106395021 -26.12958539492301 1.5
    endloop
  endfacet
  facet normal 0 0 1
    outer loop
      vertex -67.88454988232819 -20 1.5
      vertex -66.16504106395021 -26.12958539492301 1.5
      vertex -66.02921770060888 -25.71156406560363 1.5
    endloop
  endfacet
  facet normal 1 0 0
    outer loop
      vertex -67.88454988232819 -20 6
      vertex -67.88454988232819 -29.95 6
      vertex -67.88454988232819 -29.95 1.5
    endloop
  endfacet
  facet normal 0 0 1
    outer loop
      vertex -67.88454988232819 -20 1.5
      vertex -66.02921770060888 -25.71156406560363 1.5
      vertex -65.84207338015352 -25.313862140643998 1.5
    endloop
  endfacet
  facet normal 0 0 1
    outer loop
      vertex -67.88454988232819 -20 1.5
      vertex -65.84207338015352 -25.313862140643998 1.5
      vertex -65.60655948031231 -24.942751616976345 1.5
    endloop
  endfacet
  facet normal 0 0 1
    outer loop
      vertex -67.88454988232819 -20 1.5
      vertex -65.60655948031231 -24.942751616976345 1.5
      vertex -65.32639019597494 -24.60408512924959 1.5
    endloop
  endfacet
  facet normal 0 0 1
    outer loop
      vertex -67.88454988232819 -20 1.5
      vertex -65.32639019597494 -24.60408512924959 1.5
      vertex -65.00598396412042 -24.303203650284736 1.5
    endloop
  endfacet
  facet normal 0 0 1
    outer loop
      vertex -67.88454988232819 -20 1.5
      vertex -65.00598396412042 -24.303203650284736 1.5
      vertex -64.65039378242649 -24.04485226074295 1.5
    endloop
  endfacet
  facet normal 1 0 0
    outer loop
      vertex -67.88454988232819 -20 6
      vertex -67.88454988232819 -29.95 1.5
      vertex -67.88454988232819 -20 1.5
    endloop
  endfacet
  facet normal 0 0 1
    outer loop
      vertex -67.88454988232819 -20 1.5
      vertex -64.65039378242649 -24.04485226074295 1.5
      vertex -57.66545011767181 -20 1.5
    endloop
  endfacet
  facet normal 0 0 1
    outer loop
      vertex -62.994766818352595 -30.49309354949895 1.5
      vertex -62.775 -32.9 1.5
      vertex -62.5552331816474 -30.49309354949895 1.5
    endloop
  endfacet
  facet normal 0 0 1
    outer loop
      vertex -62.5552331816474 -30.49309354949895 1.5
      vertex -62.775 -32.9 1.5
      vertex -62.11916539894996 -30.43800537755041 1.5
    endloop
  endfacet
  facet normal -0.4999999999999999 0.8660254037844387 -1.6313041091213496e-17
    outer loop
      vertex -57.66545011767181 -29.95 1.5
      vertex -62.775 -32.9 1.5
      vertex -62.775 -32.9 6
    endloop
  endfacet
  facet normal 0 0 1
    outer loop
      vertex -62.11916539894996 -30.43800537755041 1.5
      vertex -62.775 -32.9 1.5
      vertex -61.693440519687684 -30.328697807033038 1.5
    endloop
  endfacet
  facet normal 0 0 1
    outer loop
      vertex -61.693440519687684 -30.328697807033038 1.5
      vertex -62.775 -32.9 1.5
      vertex -61.284772479522246 -30.166894683631067 1.5
    endloop
  endfacet
  facet normal 0 0 1
    outer loop
      vertex -61.284772479522246 -30.166894683631067 1.5
      vertex -62.775 -32.9 1.5
      vertex -60.899606217573506 -29.95514773925705 1.5
    endloop
  endfacet
  facet normal 0 0 1
    outer loop
      vertex -60.899606217573506 -29.95514773925705 1.5
      vertex -62.775 -32.9 1.5
      vertex -60.54401603587959 -29.696796349715264 1.5
    endloop
  endfacet
  facet normal 0 0 1
    outer loop
      vertex -60.54401603587959 -29.696796349715264 1.5
      vertex -62.775 -32.9 1.5
      vertex -57.66545011767181 -29.95 1.5
    endloop
  endfacet
  facet normal 0 0 1
    outer loop
      vertex -60.54401603587959 -29.696796349715264 1.5
      vertex -57.66545011767181 -29.95 1.5
      vertex -60.22360980402506 -29.39591487075041 1.5
    endloop
  endfacet
  facet normal 0 0 1
    outer loop
      vertex -60.22360980402506 -29.39591487075041 1.5
      vertex -57.66545011767181 -29.95 1.5
      vertex -59.943440519687684 -29.057248383023655 1.5
    endloop
  endfacet
  facet normal 0 0 1
    outer loop
      vertex -59.707926619846475 -28.686137859356002 1.5
      vertex -59.943440519687684 -29.057248383023655 1.5
      vertex -57.66545011767181 -29.95 1.5
    endloop
  endfacet
  facet normal 0 0 1
    outer loop
      vertex -59.520782299391115 -28.288435934396375 1.5
      vertex -59.707926619846475 -28.686137859356002 1.5
      vertex -57.66545011767181 -29.95 1.5
    endloop
  endfacet
  facet normal 0 0 1
    outer loop
      vertex -59.38495893604979 -27.87041460507699 1.5
      vertex -59.520782299391115 -28.288435934396375 1.5
      vertex -57.66545011767181 -29.95 1.5
    endloop
  endfacet
  facet normal 0 0 1
    outer loop
      vertex -59.30259854539933 -27.438666317475064 1.5
      vertex -59.38495893604979 -27.87041460507699 1.5
      vertex -57.66545011767181 -29.95 1.5
    endloop
  endfacet
  facet normal 0 0 1
    outer loop
      vertex -59.30259854539933 -27.438666317475064 1.5
      vertex -57.66545011767181 -29.95 1.5
      vertex -59.275 -27 1.5
    endloop
  endfacet
  facet normal -1 0 0
    outer loop
      vertex -57.66545011767181 -24.05 1.5
      vertex -57.66545011767181 -29.95 1.5
      vertex -57.66545011767181 -29.95 6
    endloop
  endfacet
  facet normal -0.4999999999999999 0.8660254037844387 0
    outer loop
      vertex -57.66545011767181 -29.95 1.5
      vertex -62.775 -32.9 6
      vertex -57.66545011767181 -29.95 6
    endloop
  endfacet
  facet normal 0 0 1
    outer loop
      vertex -57.66545011767181 -24.05 1.5
      vertex -59.30259854539933 -26.561333682524936 1.5
      vertex -59.275 -27 1.5
    endloop
  endfacet
  facet normal 0 0 1
    outer loop
      vertex -57.66545011767181 -24.05 1.5
      vertex -59.275 -27 1.5
      vertex -57.66545011767181 -29.95 1.5
    endloop
  endfacet
  facet normal 0 0 1
    outer loop
      vertex -57.66545011767181 -24.05 1.5
      vertex -59.384958936049784 -26.12958539492301 1.5
      vertex -59.30259854539933 -26.561333682524936 1.5
    endloop
  endfacet
  facet normal 0 0 1
    outer loop
      vertex -57.66545011767181 -24.05 1.5
      vertex -59.520782299391115 -25.711564065603625 1.5
      vertex -59.384958936049784 -26.12958539492301 1.5
    endloop
  endfacet
  facet normal 0 0 1
    outer loop
      vertex -59.707926619846475 -25.313862140643998 1.5
      vertex -59.520782299391115 -25.711564065603625 1.5
      vertex -57.66545011767181 -24.05 1.5
    endloop
  endfacet
  facet normal 0 0 1
    outer loop
      vertex -59.943440519687684 -24.942751616976345 1.5
      vertex -59.707926619846475 -25.313862140643998 1.5
      vertex -57.66545011767181 -24.05 1.5
    endloop
  endfacet
  facet normal 0 0 1
    outer loop
      vertex -60.22360980402506 -24.60408512924959 1.5
      vertex -59.943440519687684 -24.942751616976345 1.5
      vertex -57.66545011767181 -24.05 1.5
    endloop
  endfacet
  facet normal -1 0 0
    outer loop
      vertex -57.66545011767181 -20 6
      vertex -57.66545011767181 -24.05 1.5
      vertex -57.66545011767181 -29.95 6
    endloop
  endfacet
  facet normal 0 0 1
    outer loop
      vertex -64.65039378242649 -24.04485226074295 1.5
      vertex -64.26522752047775 -23.833105316368933 1.5
      vertex -57.66545011767181 -20 1.5
    endloop
  endfacet
  facet normal 0 0 1
    outer loop
      vertex -63.85655948031231 -23.671302192966962 1.5
      vertex -57.66545011767181 -20 1.5
      vertex -64.26522752047775 -23.833105316368933 1.5
    endloop
  endfacet
  facet normal 0 0 1
    outer loop
      vertex -63.85655948031231 -23.671302192966962 1.5
      vertex -63.43083460105004 -23.56199462244959 1.5
      vertex -57.66545011767181 -20 1.5
    endloop
  endfacet
  facet normal 0 0 1
    outer loop
      vertex -63.43083460105004 -23.56199462244959 1.5
      vertex -62.9947668183526 -23.50690645050105 1.5
      vertex -57.66545011767181 -20 1.5
    endloop
  endfacet
  facet normal 0 0 1
    outer loop
      vertex -62.555233181647395 -23.50690645050105 1.5
      vertex -62.11916539894996 -23.56199462244959 1.5
      vertex -57.66545011767181 -20 1.5
    endloop
  endfacet
  facet normal 0 0 1
    outer loop
      vertex -62.9947668183526 -23.50690645050105 1.5
      vertex -62.555233181647395 -23.50690645050105 1.5
      vertex -57.66545011767181 -20 1.5
    endloop
  endfacet
  facet normal 0 0 1
    outer loop
      vertex -62.11916539894996 -23.56199462244959 1.5
      vertex -61.693440519687684 -23.671302192966962 1.5
      vertex -57.66545011767181 -20 1.5
    endloop
  endfacet
  facet normal 0 0 1
    outer loop
      vertex -61.693440519687684 -23.671302192966962 1.5
      vertex -61.284772479522246 -23.833105316368933 1.5
      vertex -57.66545011767181 -20 1.5
    endloop
  endfacet
  facet normal 0 0 1
    outer loop
      vertex -57.66545011767181 -20 1.5
      vertex -60.54401603587958 -24.303203650284736 1.5
      vertex -60.22360980402506 -24.60408512924959 1.5
    endloop
  endfacet
  facet normal 0 0 1
    outer loop
      vertex -57.66545011767181 -20 1.5
      vertex -61.284772479522246 -23.833105316368933 1.5
      vertex -60.89960621757351 -24.044852260742946 1.5
    endloop
  endfacet
  facet normal 0 0 1
    outer loop
      vertex -57.66545011767181 -20 1.5
      vertex -60.89960621757351 -24.044852260742946 1.5
      vertex -60.54401603587958 -24.303203650284736 1.5
    endloop
  endfacet
  facet normal 0 0 1
    outer loop
      vertex -57.66545011767181 -20 1.5
      vertex -60.22360980402506 -24.60408512924959 1.5
      vertex -57.66545011767181 -24.05 1.5
    endloop
  endfacet
  facet normal -1 0 0
    outer loop
      vertex -57.66545011767181 -20 6
      vertex -57.66545011767181 -20 1.5
      vertex -57.66545011767181 -24.05 1.5
    endloop
  endfacet
  facet normal 1 0 0
    outer loop
      vertex -52.00954988232819 -29.95 6.5
      vertex -52.00954988232819 -29.95 6
      vertex -52.00954988232819 -20 6
    endloop
  endfacet
  facet normal 1 0 0
    outer loop
      vertex -52.00954988232819 -20 6.5
      vertex -52.00954988232819 -29.95 6.5
      vertex -52.00954988232819 -20 6
    endloop
  endfacet
  facet normal 0.49999999999999983 0.8660254037844387 0
    outer loop
      vertex -46.9 -32.9 6.5
      vertex -46.9 -32.9 6
      vertex -52.00954988232819 -29.95 6
    endloop
  endfacet
  facet normal 0.49999999999999983 0.8660254037844387 0
    outer loop
      vertex -52.00954988232819 -29.95 6.5
      vertex -46.9 -32.9 6.5
      vertex -52.00954988232819 -29.95 6
    endloop
  endfacet
  facet normal -0.49999999999999983 0.8660254037844387 0
    outer loop
      vertex -46.9 -32.9 6.5
      vertex -41.79045011767181 -29.95 6
      vertex -46.9 -32.9 6
    endloop
  endfacet
  facet normal -0.49999999999999983 0.8660254037844387 0
    outer loop
      vertex -41.79045011767181 -29.95 6.5
      vertex -41.79045011767181 -29.95 6
      vertex -46.9 -32.9 6.5
    endloop
  endfacet
  facet normal -1 0 0
    outer loop
      vertex -41.79045011767181 -29.95 6.5
      vertex -41.79045011767181 -20 6
      vertex -41.79045011767181 -29.95 6
    endloop
  endfacet
  facet normal -1 0 0
    outer loop
      vertex -41.79045011767181 -20 6.5
      vertex -41.79045011767181 -20 6
      vertex -41.79045011767181 -29.95 6.5
    endloop
  endfacet
  facet normal 0.5000000000000003 0.8660254037844384 0
    outer loop
      vertex -78.65 -32.9 6.5
      vertex -78.65 -32.9 6
      vertex -83.75954988232819 -29.95 6
    endloop
  endfacet
  facet normal 0.5000000000000003 0.8660254037844384 0
    outer loop
      vertex -83.75954988232819 -29.95 6.5
      vertex -78.65 -32.9 6.5
      vertex -83.75954988232819 -29.95 6
    endloop
  endfacet
  facet normal -0.49999999999999933 0.866025403784439 0
    outer loop
      vertex -78.65 -32.9 6.5
      vertex -73.54045011767181 -29.95 6
      vertex -78.65 -32.9 6
    endloop
  endfacet
  facet normal -0.49999999999999933 0.866025403784439 -2.672483419836517e-16
    outer loop
      vertex -78.65 -32.9 6.5
      vertex -73.54045011767181 -29.95 6.5
      vertex -73.54045011767181 -29.95 6
    endloop
  endfacet
  facet normal 1 0 0
    outer loop
      vertex -83.75954988232819 -29.95 6.5
      vertex -83.75954988232819 -29.95 6
      vertex -83.75954988232819 -20 6
    endloop
  endfacet
  facet normal 1 0 0
    outer loop
      vertex -83.75954988232819 -20 6.5
      vertex -83.75954988232819 -29.95 6.5
      vertex -83.75954988232819 -20 6
    endloop
  endfacet
  facet normal -1 0 0
    outer loop
      vertex -73.54045011767181 -29.95 6.5
      vertex -73.54045011767181 -20 6
      vertex -73.54045011767181 -29.95 6
    endloop
  endfacet
  facet normal -1 0 0
    outer loop
      vertex -73.54045011767181 -20 6.5
      vertex -73.54045011767181 -20 6
      vertex -73.54045011767181 -29.95 6.5
    endloop
  endfacet
  facet normal 0.49999999999999983 0.8660254037844387 0
    outer loop
      vertex -62.775 -32.9 6.5
      vertex -62.775 -32.9 6
      vertex -67.88454988232819 -29.95 6
    endloop
  endfacet
  facet normal 0.49999999999999983 0.8660254037844387 0
    outer loop
      vertex -67.88454988232819 -29.95 6.5
      vertex -62.775 -32.9 6.5
      vertex -67.88454988232819 -29.95 6
    endloop
  endfacet
  facet normal 1 0 0
    outer loop
      vertex -67.88454988232819 -29.95 6.5
      vertex -67.88454988232819 -29.95 6
      vertex -67.88454988232819 -20 6
    endloop
  endfacet
  facet normal 1 0 0
    outer loop
      vertex -67.88454988232819 -20 6.5
      vertex -67.88454988232819 -29.95 6.5
      vertex -67.88454988232819 -20 6
    endloop
  endfacet
  facet normal -0.49999999999999983 0.8660254037844387 0
    outer loop
      vertex -62.775 -32.9 6.5
      vertex -57.66545011767181 -29.95 6
      vertex -62.775 -32.9 6
    endloop
  endfacet
  facet normal -0.49999999999999983 0.8660254037844387 0
    outer loop
      vertex -57.66545011767181 -29.95 6.5
      vertex -57.66545011767181 -29.95 6
      vertex -62.775 -32.9 6.5
    endloop
  endfacet
  facet normal -1 0 0
    outer loop
      vertex -57.66545011767181 -29.95 6.5
      vertex -57.66545011767181 -20 6
      vertex -57.66545011767181 -29.95 6
    endloop
  endfacet
  facet normal -1 0 0
    outer loop
      vertex -57.66545011767181 -20 6.5
      vertex -57.66545011767181 -20 6
      vertex -57.66545011767181 -29.95 6.5
    endloop
  endfacet
  facet normal 0.6845471059286985 0.7289686274214022 0
    outer loop
      vertex -81.20139019597494 -29.39591487075041 1.5
      vertex -80.88098396412042 -29.696796349715264 0
      vertex -81.20139019597494 -29.39591487075041 0
    endloop
  endfacet
  facet normal 0.6845471059286985 0.7289686274214022 3.9745129262271346e-18
    outer loop
      vertex -81.20139019597494 -29.39591487075041 1.5
      vertex -80.88098396412042 -29.696796349715264 1.5
      vertex -80.88098396412042 -29.696796349715264 0
    endloop
  endfacet
  facet normal 0.2486898871648574 0.9685831611286304 0
    outer loop
      vertex -79.73155948031231 -30.328697807033038 1.5
      vertex -79.30583460105004 -30.43800537755041 0
      vertex -79.73155948031231 -30.328697807033038 0
    endloop
  endfacet
  facet normal 0.2486898871648574 0.9685831611286304 5.039044781488997e-18
    outer loop
      vertex -79.73155948031231 -30.328697807033038 1.5
      vertex -79.30583460105004 -30.43800537755041 1.5
      vertex -79.30583460105004 -30.43800537755041 0
    endloop
  endfacet
  facet normal 0.481753674101712 0.8763066800438655 0
    outer loop
      vertex -80.52539378242649 -29.95514773925705 1.5
      vertex -80.14022752047775 -30.166894683631067 0
      vertex -80.52539378242649 -29.95514773925705 0
    endloop
  endfacet
  facet normal 0.5877852522924663 0.8090169943749523 2.1241387369565844e-18
    outer loop
      vertex -80.88098396412042 -29.696796349715264 1.5
      vertex -80.52539378242649 -29.95514773925705 1.5
      vertex -80.52539378242649 -29.95514773925705 0
    endloop
  endfacet
  facet normal 0.481753674101712 0.8763066800438655 9.791010211851303e-18
    outer loop
      vertex -80.52539378242649 -29.95514773925705 1.5
      vertex -80.14022752047775 -30.166894683631067 1.5
      vertex -80.14022752047775 -30.166894683631067 0
    endloop
  endfacet
  facet normal 0.5877852522924663 0.8090169943749523 0
    outer loop
      vertex -80.88098396412042 -29.696796349715264 1.5
      vertex -80.52539378242649 -29.95514773925705 0
      vertex -80.88098396412042 -29.696796349715264 0
    endloop
  endfacet
  facet normal 0.36812455268468075 0.9297764858882503 0
    outer loop
      vertex -80.14022752047775 -30.166894683631067 1.5
      vertex -79.73155948031231 -30.328697807033038 0
      vertex -80.14022752047775 -30.166894683631067 0
    endloop
  endfacet
  facet normal 0.36812455268468075 0.9297764858882503 2.086621146793699e-18
    outer loop
      vertex -80.14022752047775 -30.166894683631067 1.5
      vertex -79.73155948031231 -30.328697807033038 1.5
      vertex -79.73155948031231 -30.328697807033038 0
    endloop
  endfacet
  facet normal 0.8443279255020133 0.5358267949789995 8.151012020717896e-20
    outer loop
      vertex -81.71707338015352 -28.686137859356002 1.5
      vertex -81.48155948031231 -29.057248383023655 1.5
      vertex -81.48155948031231 -29.057248383023655 0
    endloop
  endfacet
  facet normal 0.8443279255020133 0.5358267949789995 0
    outer loop
      vertex -81.71707338015352 -28.686137859356002 1.5
      vertex -81.48155948031231 -29.057248383023655 0
      vertex -81.71707338015352 -28.686137859356002 0
    endloop
  endfacet
  facet normal 0.9048270524660171 0.4257792915650779 8.295623682892122e-18
    outer loop
      vertex -81.90421770060888 -28.28843593439637 1.5
      vertex -81.71707338015352 -28.686137859356002 1.5
      vertex -81.71707338015352 -28.686137859356002 0
    endloop
  endfacet
  facet normal 0.7705132427757896 0.6374239897486893 0
    outer loop
      vertex -81.48155948031231 -29.057248383023655 1.5
      vertex -81.20139019597494 -29.39591487075041 0
      vertex -81.48155948031231 -29.057248383023655 0
    endloop
  endfacet
  facet normal 0.7705132427757896 0.6374239897486893 7.484036870349373e-18
    outer loop
      vertex -81.48155948031231 -29.057248383023655 1.5
      vertex -81.20139019597494 -29.39591487075041 1.5
      vertex -81.20139019597494 -29.39591487075041 0
    endloop
  endfacet
  facet normal 0.9510565162951523 0.30901699437495134 0
    outer loop
      vertex -82.04004106395021 -27.87041460507699 1.5
      vertex -81.90421770060888 -28.28843593439637 0
      vertex -82.04004106395021 -27.87041460507699 0
    endloop
  endfacet
  facet normal 0.9048270524660171 0.4257792915650779 0
    outer loop
      vertex -81.90421770060888 -28.28843593439637 1.5
      vertex -81.71707338015352 -28.686137859356002 0
      vertex -81.90421770060888 -28.28843593439637 0
    endloop
  endfacet
  facet normal 0.9510565162951523 0.30901699437495134 5.117390134581235e-18
    outer loop
      vertex -82.04004106395021 -27.87041460507699 1.5
      vertex -81.90421770060888 -28.28843593439637 1.5
      vertex -81.90421770060888 -28.28843593439637 0
    endloop
  endfacet
  facet normal 0.9822872507286883 0.18738131458572663 0
    outer loop
      vertex -82.12240145460068 -27.438666317475064 1.5
      vertex -82.04004106395021 -27.87041460507699 0
      vertex -82.12240145460068 -27.438666317475064 0
    endloop
  endfacet
  facet normal 0.9822872507286883 0.18738131458572663 -1.4213369524385757e-19
    outer loop
      vertex -82.12240145460068 -27.438666317475064 1.5
      vertex -82.04004106395021 -27.87041460507699 1.5
      vertex -82.04004106395021 -27.87041460507699 0
    endloop
  endfacet
  facet normal 0.12533323356430595 0.9921147013144777 0
    outer loop
      vertex -79.30583460105004 -30.43800537755041 1.5
      vertex -78.8697668183526 -30.49309354949895 0
      vertex -79.30583460105004 -30.43800537755041 0
    endloop
  endfacet
  facet normal 0.12533323356430595 0.9921147013144777 4.973782820979662e-19
    outer loop
      vertex -79.30583460105004 -30.43800537755041 1.5
      vertex -78.8697668183526 -30.49309354949895 1.5
      vertex -78.8697668183526 -30.49309354949895 0
    endloop
  endfacet
  facet normal 0 1 0
    outer loop
      vertex -78.8697668183526 -30.49309354949895 1.5
      vertex -78.43023318164741 -30.49309354949895 0
      vertex -78.8697668183526 -30.49309354949895 0
    endloop
  endfacet
  facet normal -0.12533323356430193 0.9921147013144781 0
    outer loop
      vertex -78.43023318164741 -30.49309354949895 1.5
      vertex -77.99416539894996 -30.43800537755041 0
      vertex -78.43023318164741 -30.49309354949895 0
    endloop
  endfacet
  facet normal 0 1 0
    outer loop
      vertex -78.8697668183526 -30.49309354949895 1.5
      vertex -78.43023318164741 -30.49309354949895 1.5
      vertex -78.43023318164741 -30.49309354949895 0
    endloop
  endfacet
  facet normal -0.12533323356430193 0.9921147013144781 -2.3857480612977468e-18
    outer loop
      vertex -78.43023318164741 -30.49309354949895 1.5
      vertex -77.99416539894996 -30.43800537755041 1.5
      vertex -77.99416539894996 -30.43800537755041 0
    endloop
  endfacet
  facet normal -0.2486898871648574 0.9685831611286304 0
    outer loop
      vertex -77.99416539894996 -30.43800537755041 1.5
      vertex -77.56844051968768 -30.328697807033038 0
      vertex -77.99416539894996 -30.43800537755041 0
    endloop
  endfacet
  facet normal -0.2486898871648574 0.9685831611286304 -5.039044781488997e-18
    outer loop
      vertex -77.99416539894996 -30.43800537755041 1.5
      vertex -77.56844051968768 -30.328697807033038 1.5
      vertex -77.56844051968768 -30.328697807033038 0
    endloop
  endfacet
  facet normal -0.36812455268468075 0.9297764858882503 -2.086621146793699e-18
    outer loop
      vertex -77.15977247952225 -30.166894683631067 0
      vertex -77.56844051968768 -30.328697807033038 0
      vertex -77.56844051968768 -30.328697807033038 1.5
    endloop
  endfacet
  facet normal -0.481753674101712 0.8763066800438655 0
    outer loop
      vertex -77.15977247952225 -30.166894683631067 1.5
      vertex -76.7746062175735 -29.95514773925705 0
      vertex -77.15977247952225 -30.166894683631067 0
    endloop
  endfacet
  facet normal -0.36812455268468075 0.9297764858882503 0
    outer loop
      vertex -77.15977247952225 -30.166894683631067 1.5
      vertex -77.15977247952225 -30.166894683631067 0
      vertex -77.56844051968768 -30.328697807033038 1.5
    endloop
  endfacet
  facet normal -0.481753674101712 0.8763066800438655 -9.791010211851303e-18
    outer loop
      vertex -77.15977247952225 -30.166894683631067 1.5
      vertex -76.7746062175735 -29.95514773925705 1.5
      vertex -76.7746062175735 -29.95514773925705 0
    endloop
  endfacet
  facet normal -0.5877852522924817 0.8090169943749413 0
    outer loop
      vertex -76.7746062175735 -29.95514773925705 1.5
      vertex -76.4190160358796 -29.696796349715264 0
      vertex -76.7746062175735 -29.95514773925705 0
    endloop
  endfacet
  facet normal -0.6845471059286824 0.7289686274214173 0
    outer loop
      vertex -76.4190160358796 -29.696796349715264 1.5
      vertex -76.09860980402506 -29.39591487075041 0
      vertex -76.4190160358796 -29.696796349715264 0
    endloop
  endfacet
  facet normal -0.5877852522924817 0.8090169943749413 7.309658516221761e-18
    outer loop
      vertex -76.7746062175735 -29.95514773925705 1.5
      vertex -76.4190160358796 -29.696796349715264 1.5
      vertex -76.4190160358796 -29.696796349715264 0
    endloop
  endfacet
  facet normal -0.6845471059286824 0.7289686274214173 -1.814133319527447e-18
    outer loop
      vertex -76.4190160358796 -29.696796349715264 1.5
      vertex -76.09860980402506 -29.39591487075041 1.5
      vertex -76.09860980402506 -29.39591487075041 0
    endloop
  endfacet
  facet normal -0.7705132427757896 0.6374239897486893 -7.484036870349373e-18
    outer loop
      vertex -75.81844051968768 -29.057248383023655 0
      vertex -76.09860980402506 -29.39591487075041 0
      vertex -76.09860980402506 -29.39591487075041 1.5
    endloop
  endfacet
  facet normal -0.8443279255020133 0.5358267949789995 0
    outer loop
      vertex -75.81844051968768 -29.057248383023655 1.5
      vertex -75.58292661984648 -28.686137859356002 0
      vertex -75.81844051968768 -29.057248383023655 0
    endloop
  endfacet
  facet normal -0.7705132427757896 0.6374239897486893 0
    outer loop
      vertex -75.81844051968768 -29.057248383023655 1.5
      vertex -75.81844051968768 -29.057248383023655 0
      vertex -76.09860980402506 -29.39591487075041 1.5
    endloop
  endfacet
  facet normal -0.9048270524660157 0.425779291565081 -6.379004979206778e-18
    outer loop
      vertex -75.39578229939112 -28.288435934396375 0
      vertex -75.58292661984648 -28.686137859356002 0
      vertex -75.58292661984648 -28.686137859356002 1.5
    endloop
  endfacet
  facet normal -0.8443279255020133 0.5358267949789995 0
    outer loop
      vertex -75.58292661984648 -28.686137859356002 1.5
      vertex -75.58292661984648 -28.686137859356002 0
      vertex -75.81844051968768 -29.057248383023655 1.5
    endloop
  endfacet
  facet normal -0.9510565162951626 0.3090169943749197 0
    outer loop
      vertex -75.39578229939112 -28.288435934396375 1.5
      vertex -75.2599589360498 -27.87041460507699 0
      vertex -75.39578229939112 -28.288435934396375 0
    endloop
  endfacet
  facet normal -0.9048270524660157 0.425779291565081 0
    outer loop
      vertex -75.39578229939112 -28.288435934396375 1.5
      vertex -75.39578229939112 -28.288435934396375 0
      vertex -75.58292661984648 -28.686137859356002 1.5
    endloop
  endfacet
  facet normal -0.9510565162951626 0.3090169943749197 -5.509676758153225e-19
    outer loop
      vertex -75.39578229939112 -28.288435934396375 1.5
      vertex -75.2599589360498 -27.87041460507699 1.5
      vertex -75.2599589360498 -27.87041460507699 0
    endloop
  endfacet
  facet normal -0.9822872507286824 0.18738131458575782 2.462741215696049e-18
    outer loop
      vertex -75.17759854539932 -27.438666317475064 0
      vertex -75.2599589360498 -27.87041460507699 0
      vertex -75.2599589360498 -27.87041460507699 1.5
    endloop
  endfacet
  facet normal -0.9822872507286824 0.18738131458575782 0
    outer loop
      vertex -75.17759854539932 -27.438666317475064 1.5
      vertex -75.17759854539932 -27.438666317475064 0
      vertex -75.2599589360498 -27.87041460507699 1.5
    endloop
  endfacet
  facet normal 0.9980267284282713 0.06279051952931572 0
    outer loop
      vertex -82.15 -27 1.5
      vertex -82.12240145460068 -27.438666317475064 0
      vertex -82.15 -27 0
    endloop
  endfacet
  facet normal 0.9980267284282713 0.06279051952931572 1.0498050858024008e-18
    outer loop
      vertex -82.15 -27 1.5
      vertex -82.12240145460068 -27.438666317475064 1.5
      vertex -82.12240145460068 -27.438666317475064 0
    endloop
  endfacet
  facet normal 0.9980267284282713 -0.06279051952931572 0
    outer loop
      vertex -82.12240145460068 -26.561333682524936 1.5
      vertex -82.15 -27 0
      vertex -82.12240145460068 -26.561333682524936 0
    endloop
  endfacet
  facet normal 0.9980267284282713 -0.06279051952931572 -1.0498050858024008e-18
    outer loop
      vertex -82.12240145460068 -26.561333682524936 1.5
      vertex -82.15 -27 1.5
      vertex -82.15 -27 0
    endloop
  endfacet
  facet normal 0.9822872507286883 -0.18738131458572663 0
    outer loop
      vertex -82.04004106395021 -26.12958539492301 1.5
      vertex -82.12240145460068 -26.561333682524936 0
      vertex -82.04004106395021 -26.12958539492301 0
    endloop
  endfacet
  facet normal 0.9822872507286883 -0.18738131458572663 1.4213369524385757e-19
    outer loop
      vertex -82.04004106395021 -26.12958539492301 1.5
      vertex -82.12240145460068 -26.561333682524936 1.5
      vertex -82.12240145460068 -26.561333682524936 0
    endloop
  endfacet
  facet normal 0.9510565162951523 -0.30901699437495134 0
    outer loop
      vertex -81.90421770060888 -25.71156406560363 1.5
      vertex -82.04004106395021 -26.12958539492301 0
      vertex -81.90421770060888 -25.71156406560363 0
    endloop
  endfacet
  facet normal 0.9510565162951523 -0.30901699437495134 -5.117390134581235e-18
    outer loop
      vertex -81.90421770060888 -25.71156406560363 1.5
      vertex -82.04004106395021 -26.12958539492301 1.5
      vertex -82.04004106395021 -26.12958539492301 0
    endloop
  endfacet
  facet normal 0.9048270524660171 -0.4257792915650779 0
    outer loop
      vertex -81.71707338015352 -25.313862140643998 1.5
      vertex -81.90421770060888 -25.71156406560363 0
      vertex -81.71707338015352 -25.313862140643998 0
    endloop
  endfacet
  facet normal 0.9048270524660171 -0.4257792915650779 -8.295623682892122e-18
    outer loop
      vertex -81.71707338015352 -25.313862140643998 1.5
      vertex -81.90421770060888 -25.71156406560363 1.5
      vertex -81.90421770060888 -25.71156406560363 0
    endloop
  endfacet
  facet normal 0.8443279255020133 -0.5358267949789995 0
    outer loop
      vertex -81.71707338015352 -25.313862140643998 1.5
      vertex -81.71707338015352 -25.313862140643998 0
      vertex -81.48155948031231 -24.942751616976345 1.5
    endloop
  endfacet
  facet normal 0.8443279255020133 -0.5358267949789995 0
    outer loop
      vertex -81.48155948031231 -24.942751616976345 1.5
      vertex -81.71707338015352 -25.313862140643998 0
      vertex -81.48155948031231 -24.942751616976345 0
    endloop
  endfacet
  facet normal 0.7705132427757896 -0.6374239897486893 0
    outer loop
      vertex -81.20139019597494 -24.60408512924959 1.5
      vertex -81.48155948031231 -24.942751616976345 0
      vertex -81.20139019597494 -24.60408512924959 0
    endloop
  endfacet
  facet normal 0.7705132427757896 -0.6374239897486893 -7.484036870349373e-18
    outer loop
      vertex -81.20139019597494 -24.60408512924959 1.5
      vertex -81.48155948031231 -24.942751616976345 1.5
      vertex -81.48155948031231 -24.942751616976345 0
    endloop
  endfacet
  facet normal 0.6845471059286985 -0.7289686274214022 0
    outer loop
      vertex -80.88098396412042 -24.303203650284736 1.5
      vertex -81.20139019597494 -24.60408512924959 0
      vertex -80.88098396412042 -24.303203650284736 0
    endloop
  endfacet
  facet normal 0.6845471059286985 -0.7289686274214022 0
    outer loop
      vertex -81.20139019597494 -24.60408512924959 1.5
      vertex -81.20139019597494 -24.60408512924959 0
      vertex -80.88098396412042 -24.303203650284736 1.5
    endloop
  endfacet
  facet normal 0.5877852522924663 -0.8090169943749523 -2.1241387369565844e-18
    outer loop
      vertex -80.88098396412042 -24.303203650284736 0
      vertex -80.52539378242649 -24.04485226074295 0
      vertex -80.52539378242649 -24.04485226074295 1.5
    endloop
  endfacet
  facet normal 0.481753674101712 -0.8763066800438655 0
    outer loop
      vertex -80.14022752047775 -23.833105316368933 1.5
      vertex -80.52539378242649 -24.04485226074295 0
      vertex -80.14022752047775 -23.833105316368933 0
    endloop
  endfacet
  facet normal 0.5877852522924663 -0.8090169943749523 0
    outer loop
      vertex -80.88098396412042 -24.303203650284736 1.5
      vertex -80.88098396412042 -24.303203650284736 0
      vertex -80.52539378242649 -24.04485226074295 1.5
    endloop
  endfacet
  facet normal 0.481753674101712 -0.8763066800438655 0
    outer loop
      vertex -80.52539378242649 -24.04485226074295 1.5
      vertex -80.52539378242649 -24.04485226074295 0
      vertex -80.14022752047775 -23.833105316368933 1.5
    endloop
  endfacet
  facet normal 0.36812455268468075 -0.9297764858882503 -2.086621146793699e-18
    outer loop
      vertex -79.73155948031231 -23.671302192966962 1.5
      vertex -80.14022752047775 -23.833105316368933 1.5
      vertex -80.14022752047775 -23.833105316368933 0
    endloop
  endfacet
  facet normal 0.36812455268468075 -0.9297764858882503 0
    outer loop
      vertex -79.73155948031231 -23.671302192966962 1.5
      vertex -80.14022752047775 -23.833105316368933 0
      vertex -79.73155948031231 -23.671302192966962 0
    endloop
  endfacet
  facet normal 0.2486898871648574 -0.9685831611286304 -5.039044781488997e-18
    outer loop
      vertex -79.73155948031231 -23.671302192966962 0
      vertex -79.30583460105004 -23.56199462244959 0
      vertex -79.30583460105004 -23.56199462244959 1.5
    endloop
  endfacet
  facet normal 0.2486898871648574 -0.9685831611286304 0
    outer loop
      vertex -79.73155948031231 -23.671302192966962 1.5
      vertex -79.73155948031231 -23.671302192966962 0
      vertex -79.30583460105004 -23.56199462244959 1.5
    endloop
  endfacet
  facet normal -0.36812455268468075 -0.9297764858882503 2.086621146793699e-18
    outer loop
      vertex -77.56844051968768 -23.671302192966962 0
      vertex -77.15977247952225 -23.833105316368933 0
      vertex -77.15977247952225 -23.833105316368933 1.5
    endloop
  endfacet
  facet normal -0.4817536741017058 -0.8763066800438689 0
    outer loop
      vertex -76.7746062175735 -24.044852260742946 1.5
      vertex -77.15977247952225 -23.833105316368933 0
      vertex -76.7746062175735 -24.044852260742946 0
    endloop
  endfacet
  facet normal -0.4817536741017058 -0.8763066800438689 0
    outer loop
      vertex -77.15977247952225 -23.833105316368933 1.5
      vertex -77.15977247952225 -23.833105316368933 0
      vertex -76.7746062175735 -24.044852260742946 1.5
    endloop
  endfacet
  facet normal -0.9510565162951626 -0.3090169943749197 5.509676758153225e-19
    outer loop
      vertex -75.39578229939112 -25.711564065603625 0
      vertex -75.2599589360498 -26.12958539492301 0
      vertex -75.2599589360498 -26.12958539492301 1.5
    endloop
  endfacet
  facet normal -0.9510565162951626 -0.3090169943749197 0
    outer loop
      vertex -75.39578229939112 -25.711564065603625 1.5
      vertex -75.39578229939112 -25.711564065603625 0
      vertex -75.2599589360498 -26.12958539492301 1.5
    endloop
  endfacet
  facet normal -0.9980267284282736 0.06279051952928352 0
    outer loop
      vertex -75.17759854539932 -27.438666317475064 1.5
      vertex -75.15 -27 0
      vertex -75.17759854539932 -27.438666317475064 0
    endloop
  endfacet
  facet normal -0.9980267284282736 0.06279051952928352 0
    outer loop
      vertex -75.15 -27 1.5
      vertex -75.15 -27 0
      vertex -75.17759854539932 -27.438666317475064 1.5
    endloop
  endfacet
  facet normal -0.9980267284282736 -0.06279051952928352 -1.224473582794848e-19
    outer loop
      vertex -75.17759854539932 -26.561333682524936 0
      vertex -75.15 -27 0
      vertex -75.15 -27 1.5
    endloop
  endfacet
  facet normal -0.9980267284282736 -0.06279051952928352 0
    outer loop
      vertex -75.17759854539932 -26.561333682524936 1.5
      vertex -75.17759854539932 -26.561333682524936 0
      vertex -75.15 -27 1.5
    endloop
  endfacet
  facet normal -0.9822872507286824 -0.18738131458575782 0
    outer loop
      vertex -75.17759854539932 -26.561333682524936 1.5
      vertex -75.2599589360498 -26.12958539492301 0
      vertex -75.17759854539932 -26.561333682524936 0
    endloop
  endfacet
  facet normal -0.9822872507286824 -0.18738131458575782 0
    outer loop
      vertex -75.2599589360498 -26.12958539492301 1.5
      vertex -75.2599589360498 -26.12958539492301 0
      vertex -75.17759854539932 -26.561333682524936 1.5
    endloop
  endfacet
  facet normal -0.7705132427757896 -0.6374239897486893 0
    outer loop
      vertex -76.09860980402506 -24.60408512924959 1.5
      vertex -76.09860980402506 -24.60408512924959 0
      vertex -75.81844051968768 -24.942751616976345 1.5
    endloop
  endfacet
  facet normal -0.8443279255020133 -0.5358267949789995 0
    outer loop
      vertex -75.58292661984648 -25.313862140643998 1.5
      vertex -75.81844051968768 -24.942751616976345 0
      vertex -75.58292661984648 -25.313862140643998 0
    endloop
  endfacet
  facet normal -0.9048270524660157 -0.425779291565081 6.379004979206778e-18
    outer loop
      vertex -75.58292661984648 -25.313862140643998 0
      vertex -75.39578229939112 -25.711564065603625 0
      vertex -75.39578229939112 -25.711564065603625 1.5
    endloop
  endfacet
  facet normal -0.9048270524660157 -0.425779291565081 0
    outer loop
      vertex -75.58292661984648 -25.313862140643998 1.5
      vertex -75.58292661984648 -25.313862140643998 0
      vertex -75.39578229939112 -25.711564065603625 1.5
    endloop
  endfacet
  facet normal -0.7705132427757896 -0.6374239897486893 7.484036870349373e-18
    outer loop
      vertex -76.09860980402506 -24.60408512924959 0
      vertex -75.81844051968768 -24.942751616976345 0
      vertex -75.81844051968768 -24.942751616976345 1.5
    endloop
  endfacet
  facet normal -0.8443279255020133 -0.5358267949789995 0
    outer loop
      vertex -75.81844051968768 -24.942751616976345 1.5
      vertex -75.81844051968768 -24.942751616976345 0
      vertex -75.58292661984648 -25.313862140643998 1.5
    endloop
  endfacet
  facet normal -0.6845471059286824 -0.7289686274214173 0
    outer loop
      vertex -76.09860980402506 -24.60408512924959 1.5
      vertex -76.4190160358796 -24.303203650284736 0
      vertex -76.09860980402506 -24.60408512924959 0
    endloop
  endfacet
  facet normal -0.6845471059286824 -0.7289686274214173 0
    outer loop
      vertex -76.4190160358796 -24.303203650284736 1.5
      vertex -76.4190160358796 -24.303203650284736 0
      vertex -76.09860980402506 -24.60408512924959 1.5
    endloop
  endfacet
  facet normal -0.5877852522924869 -0.8090169943749373 -7.964006676751359e-18
    outer loop
      vertex -76.7746062175735 -24.044852260742946 0
      vertex -76.4190160358796 -24.303203650284736 0
      vertex -76.4190160358796 -24.303203650284736 1.5
    endloop
  endfacet
  facet normal -0.5877852522924869 -0.8090169943749373 0
    outer loop
      vertex -76.7746062175735 -24.044852260742946 1.5
      vertex -76.7746062175735 -24.044852260742946 0
      vertex -76.4190160358796 -24.303203650284736 1.5
    endloop
  endfacet
  facet normal 0.12533323356430595 -0.9921147013144777 0
    outer loop
      vertex -78.8697668183526 -23.50690645050105 1.5
      vertex -79.30583460105004 -23.56199462244959 0
      vertex -78.8697668183526 -23.50690645050105 0
    endloop
  endfacet
  facet normal 0.12533323356430595 -0.9921147013144777 0
    outer loop
      vertex -79.30583460105004 -23.56199462244959 1.5
      vertex -79.30583460105004 -23.56199462244959 0
      vertex -78.8697668183526 -23.50690645050105 1.5
    endloop
  endfacet
  facet normal 0 -1 0
    outer loop
      vertex -78.4302331816474 -23.50690645050105 1.5
      vertex -78.8697668183526 -23.50690645050105 0
      vertex -78.4302331816474 -23.50690645050105 0
    endloop
  endfacet
  facet normal -0.12533323356430595 -0.9921147013144777 4.973782820979662e-19
    outer loop
      vertex -78.4302331816474 -23.50690645050105 0
      vertex -77.99416539894996 -23.56199462244959 0
      vertex -77.99416539894996 -23.56199462244959 1.5
    endloop
  endfacet
  facet normal 0 -1 0
    outer loop
      vertex -78.8697668183526 -23.50690645050105 1.5
      vertex -78.8697668183526 -23.50690645050105 0
      vertex -78.4302331816474 -23.50690645050105 1.5
    endloop
  endfacet
  facet normal -0.12533323356430595 -0.9921147013144777 0
    outer loop
      vertex -78.4302331816474 -23.50690645050105 1.5
      vertex -78.4302331816474 -23.50690645050105 0
      vertex -77.99416539894996 -23.56199462244959 1.5
    endloop
  endfacet
  facet normal -0.2486898871648574 -0.9685831611286304 0
    outer loop
      vertex -77.56844051968768 -23.671302192966962 1.5
      vertex -77.99416539894996 -23.56199462244959 0
      vertex -77.56844051968768 -23.671302192966962 0
    endloop
  endfacet
  facet normal -0.2486898871648574 -0.9685831611286304 0
    outer loop
      vertex -77.99416539894996 -23.56199462244959 1.5
      vertex -77.99416539894996 -23.56199462244959 0
      vertex -77.56844051968768 -23.671302192966962 1.5
    endloop
  endfacet
  facet normal -0.36812455268468075 -0.9297764858882503 0
    outer loop
      vertex -77.56844051968768 -23.671302192966962 1.5
      vertex -77.56844051968768 -23.671302192966962 0
      vertex -77.15977247952225 -23.833105316368933 1.5
    endloop
  endfacet
  facet normal 0.8443279255020133 0.5358267949789995 8.151012020717896e-20
    outer loop
      vertex -65.84207338015352 -28.686137859356002 1.5
      vertex -65.60655948031231 -29.057248383023655 1.5
      vertex -65.60655948031231 -29.057248383023655 0
    endloop
  endfacet
  facet normal 0.8443279255020133 0.5358267949789995 0
    outer loop
      vertex -65.84207338015352 -28.686137859356002 1.5
      vertex -65.60655948031231 -29.057248383023655 0
      vertex -65.84207338015352 -28.686137859356002 0
    endloop
  endfacet
  facet normal 0.9048270524660171 0.4257792915650779 8.295623682892122e-18
    outer loop
      vertex -66.02921770060888 -28.28843593439637 1.5
      vertex -65.84207338015352 -28.686137859356002 1.5
      vertex -65.84207338015352 -28.686137859356002 0
    endloop
  endfacet
  facet normal 0.9048270524660171 0.4257792915650779 0
    outer loop
      vertex -66.02921770060888 -28.28843593439637 1.5
      vertex -65.84207338015352 -28.686137859356002 0
      vertex -66.02921770060888 -28.28843593439637 0
    endloop
  endfacet
  facet normal 0.9510565162951523 0.30901699437495134 0
    outer loop
      vertex -66.16504106395021 -27.87041460507699 1.5
      vertex -66.02921770060888 -28.28843593439637 0
      vertex -66.16504106395021 -27.87041460507699 0
    endloop
  endfacet
  facet normal 0.9510565162951523 0.30901699437495134 5.117390134581235e-18
    outer loop
      vertex -66.16504106395021 -27.87041460507699 1.5
      vertex -66.02921770060888 -28.28843593439637 1.5
      vertex -66.02921770060888 -28.28843593439637 0
    endloop
  endfacet
  facet normal 0.9822872507286943 0.18738131458569543 0
    outer loop
      vertex -66.24740145460066 -27.438666317475064 1.5
      vertex -66.16504106395021 -27.87041460507699 0
      vertex -66.24740145460066 -27.438666317475064 0
    endloop
  endfacet
  facet normal 0.9822872507286943 0.18738131458569543 2.178473825208362e-18
    outer loop
      vertex -66.24740145460066 -27.438666317475064 1.5
      vertex -66.16504106395021 -27.87041460507699 1.5
      vertex -66.16504106395021 -27.87041460507699 0
    endloop
  endfacet
  facet normal 0.6845471059286985 0.7289686274214022 0
    outer loop
      vertex -65.32639019597494 -29.39591487075041 1.5
      vertex -65.00598396412042 -29.696796349715264 0
      vertex -65.32639019597494 -29.39591487075041 0
    endloop
  endfacet
  facet normal 0.5877852522924663 0.8090169943749523 0
    outer loop
      vertex -65.00598396412042 -29.696796349715264 1.5
      vertex -64.65039378242649 -29.95514773925705 0
      vertex -65.00598396412042 -29.696796349715264 0
    endloop
  endfacet
  facet normal 0.6845471059286985 0.7289686274214022 3.9745129262271346e-18
    outer loop
      vertex -65.32639019597494 -29.39591487075041 1.5
      vertex -65.00598396412042 -29.696796349715264 1.5
      vertex -65.00598396412042 -29.696796349715264 0
    endloop
  endfacet
  facet normal 0.481753674101712 0.8763066800438655 0
    outer loop
      vertex -64.65039378242649 -29.95514773925705 1.5
      vertex -64.26522752047775 -30.166894683631067 0
      vertex -64.65039378242649 -29.95514773925705 0
    endloop
  endfacet
  facet normal 0.5877852522924663 0.8090169943749523 2.1241387369565844e-18
    outer loop
      vertex -65.00598396412042 -29.696796349715264 1.5
      vertex -64.65039378242649 -29.95514773925705 1.5
      vertex -64.65039378242649 -29.95514773925705 0
    endloop
  endfacet
  facet normal 0.481753674101712 0.8763066800438655 9.791010211851303e-18
    outer loop
      vertex -64.65039378242649 -29.95514773925705 1.5
      vertex -64.26522752047775 -30.166894683631067 1.5
      vertex -64.26522752047775 -30.166894683631067 0
    endloop
  endfacet
  facet normal 0.2486898871648574 0.9685831611286304 0
    outer loop
      vertex -63.85655948031231 -30.328697807033038 1.5
      vertex -63.43083460105004 -30.43800537755041 0
      vertex -63.85655948031231 -30.328697807033038 0
    endloop
  endfacet
  facet normal 0.2486898871648574 0.9685831611286304 5.039044781488997e-18
    outer loop
      vertex -63.85655948031231 -30.328697807033038 1.5
      vertex -63.43083460105004 -30.43800537755041 1.5
      vertex -63.43083460105004 -30.43800537755041 0
    endloop
  endfacet
  facet normal 0.12533323356430393 0.9921147013144779 0
    outer loop
      vertex -63.43083460105004 -30.43800537755041 1.5
      vertex -62.994766818352595 -30.49309354949895 0
      vertex -63.43083460105004 -30.43800537755041 0
    endloop
  endfacet
  facet normal 0 1 0
    outer loop
      vertex -62.994766818352595 -30.49309354949895 1.5
      vertex -62.5552331816474 -30.49309354949895 0
      vertex -62.994766818352595 -30.49309354949895 0
    endloop
  endfacet
  facet normal 0.12533323356430393 0.9921147013144779 1.4415631716978716e-18
    outer loop
      vertex -63.43083460105004 -30.43800537755041 1.5
      vertex -62.994766818352595 -30.49309354949895 1.5
      vertex -62.994766818352595 -30.49309354949895 0
    endloop
  endfacet
  facet normal 0.36812455268468075 0.9297764858882503 0
    outer loop
      vertex -64.26522752047775 -30.166894683631067 1.5
      vertex -63.85655948031231 -30.328697807033038 0
      vertex -64.26522752047775 -30.166894683631067 0
    endloop
  endfacet
  facet normal 0.36812455268468075 0.9297764858882503 2.086621146793699e-18
    outer loop
      vertex -64.26522752047775 -30.166894683631067 1.5
      vertex -63.85655948031231 -30.328697807033038 1.5
      vertex -63.85655948031231 -30.328697807033038 0
    endloop
  endfacet
  facet normal 0.7705132427757896 0.6374239897486893 0
    outer loop
      vertex -65.60655948031231 -29.057248383023655 1.5
      vertex -65.32639019597494 -29.39591487075041 0
      vertex -65.60655948031231 -29.057248383023655 0
    endloop
  endfacet
  facet normal 0.7705132427757896 0.6374239897486893 7.484036870349373e-18
    outer loop
      vertex -65.60655948031231 -29.057248383023655 1.5
      vertex -65.32639019597494 -29.39591487075041 1.5
      vertex -65.32639019597494 -29.39591487075041 0
    endloop
  endfacet
  facet normal 0.9980267284282693 0.06279051952934792 0
    outer loop
      vertex -66.275 -27 1.5
      vertex -66.24740145460066 -27.438666317475064 0
      vertex -66.275 -27 0
    endloop
  endfacet
  facet normal 0.9980267284282693 0.06279051952934792 -4.0910018079066227e-19
    outer loop
      vertex -66.275 -27 1.5
      vertex -66.24740145460066 -27.438666317475064 1.5
      vertex -66.24740145460066 -27.438666317475064 0
    endloop
  endfacet
  facet normal 0.9980267284282693 -0.06279051952934792 0
    outer loop
      vertex -66.24740145460066 -26.561333682524936 1.5
      vertex -66.275 -27 0
      vertex -66.24740145460066 -26.561333682524936 0
    endloop
  endfacet
  facet normal 0.9980267284282693 -0.06279051952934792 4.0910018079066227e-19
    outer loop
      vertex -66.24740145460066 -26.561333682524936 1.5
      vertex -66.275 -27 1.5
      vertex -66.275 -27 0
    endloop
  endfacet
  facet normal 0.9822872507286943 -0.18738131458569543 0
    outer loop
      vertex -66.16504106395021 -26.12958539492301 1.5
      vertex -66.24740145460066 -26.561333682524936 0
      vertex -66.16504106395021 -26.12958539492301 0
    endloop
  endfacet
  facet normal 0.9822872507286943 -0.18738131458569543 -2.178473825208362e-18
    outer loop
      vertex -66.16504106395021 -26.12958539492301 1.5
      vertex -66.24740145460066 -26.561333682524936 1.5
      vertex -66.24740145460066 -26.561333682524936 0
    endloop
  endfacet
  facet normal 0.9510565162951523 -0.30901699437495134 0
    outer loop
      vertex -66.02921770060888 -25.71156406560363 1.5
      vertex -66.16504106395021 -26.12958539492301 0
      vertex -66.02921770060888 -25.71156406560363 0
    endloop
  endfacet
  facet normal 0.9510565162951523 -0.30901699437495134 -5.117390134581235e-18
    outer loop
      vertex -66.02921770060888 -25.71156406560363 1.5
      vertex -66.16504106395021 -26.12958539492301 1.5
      vertex -66.16504106395021 -26.12958539492301 0
    endloop
  endfacet
  facet normal 0.9048270524660171 -0.4257792915650779 0
    outer loop
      vertex -65.84207338015352 -25.313862140643998 1.5
      vertex -66.02921770060888 -25.71156406560363 0
      vertex -65.84207338015352 -25.313862140643998 0
    endloop
  endfacet
  facet normal 0.9048270524660171 -0.4257792915650779 -8.295623682892122e-18
    outer loop
      vertex -65.84207338015352 -25.313862140643998 1.5
      vertex -66.02921770060888 -25.71156406560363 1.5
      vertex -66.02921770060888 -25.71156406560363 0
    endloop
  endfacet
  facet normal 0.8443279255020133 -0.5358267949789995 -8.151012020717896e-20
    outer loop
      vertex -65.60655948031231 -24.942751616976345 1.5
      vertex -65.84207338015352 -25.313862140643998 1.5
      vertex -65.84207338015352 -25.313862140643998 0
    endloop
  endfacet
  facet normal 0.8443279255020133 -0.5358267949789995 0
    outer loop
      vertex -65.60655948031231 -24.942751616976345 1.5
      vertex -65.84207338015352 -25.313862140643998 0
      vertex -65.60655948031231 -24.942751616976345 0
    endloop
  endfacet
  facet normal 0.7705132427757896 -0.6374239897486893 -7.484036870349373e-18
    outer loop
      vertex -65.60655948031231 -24.942751616976345 0
      vertex -65.32639019597494 -24.60408512924959 0
      vertex -65.32639019597494 -24.60408512924959 1.5
    endloop
  endfacet
  facet normal 0.7705132427757896 -0.6374239897486893 0
    outer loop
      vertex -65.60655948031231 -24.942751616976345 1.5
      vertex -65.60655948031231 -24.942751616976345 0
      vertex -65.32639019597494 -24.60408512924959 1.5
    endloop
  endfacet
  facet normal 0.6845471059286985 -0.7289686274214022 0
    outer loop
      vertex -65.00598396412042 -24.303203650284736 1.5
      vertex -65.32639019597494 -24.60408512924959 0
      vertex -65.00598396412042 -24.303203650284736 0
    endloop
  endfacet
  facet normal 0.6845471059286985 -0.7289686274214022 0
    outer loop
      vertex -65.32639019597494 -24.60408512924959 1.5
      vertex -65.32639019597494 -24.60408512924959 0
      vertex -65.00598396412042 -24.303203650284736 1.5
    endloop
  endfacet
  facet normal 0.5877852522924663 -0.8090169943749523 0
    outer loop
      vertex -65.00598396412042 -24.303203650284736 1.5
      vertex -65.00598396412042 -24.303203650284736 0
      vertex -64.65039378242649 -24.04485226074295 1.5
    endloop
  endfacet
  facet normal 0.5877852522924663 -0.8090169943749523 0
    outer loop
      vertex -64.65039378242649 -24.04485226074295 1.5
      vertex -65.00598396412042 -24.303203650284736 0
      vertex -64.65039378242649 -24.04485226074295 0
    endloop
  endfacet
  facet normal 0.481753674101712 -0.8763066800438655 0
    outer loop
      vertex -64.26522752047775 -23.833105316368933 1.5
      vertex -64.65039378242649 -24.04485226074295 0
      vertex -64.26522752047775 -23.833105316368933 0
    endloop
  endfacet
  facet normal 0.481753674101712 -0.8763066800438655 0
    outer loop
      vertex -64.65039378242649 -24.04485226074295 1.5
      vertex -64.65039378242649 -24.04485226074295 0
      vertex -64.26522752047775 -23.833105316368933 1.5
    endloop
  endfacet
  facet normal 0.36812455268468075 -0.9297764858882503 -2.086621146793699e-18
    outer loop
      vertex -63.85655948031231 -23.671302192966962 1.5
      vertex -64.26522752047775 -23.833105316368933 1.5
      vertex -64.26522752047775 -23.833105316368933 0
    endloop
  endfacet
  facet normal 0.36812455268468075 -0.9297764858882503 0
    outer loop
      vertex -63.85655948031231 -23.671302192966962 1.5
      vertex -64.26522752047775 -23.833105316368933 0
      vertex -63.85655948031231 -23.671302192966962 0
    endloop
  endfacet
  facet normal 0.2486898871648574 -0.9685831611286304 0
    outer loop
      vertex -63.43083460105004 -23.56199462244959 1.5
      vertex -63.85655948031231 -23.671302192966962 0
      vertex -63.43083460105004 -23.56199462244959 0
    endloop
  endfacet
  facet normal 0.2486898871648574 -0.9685831611286304 0
    outer loop
      vertex -63.85655948031231 -23.671302192966962 1.5
      vertex -63.85655948031231 -23.671302192966962 0
      vertex -63.43083460105004 -23.56199462244959 1.5
    endloop
  endfacet
  facet normal 0.12533323356430595 -0.9921147013144777 0
    outer loop
      vertex -62.9947668183526 -23.50690645050105 1.5
      vertex -63.43083460105004 -23.56199462244959 0
      vertex -62.9947668183526 -23.50690645050105 0
    endloop
  endfacet
  facet normal 0.12533323356430595 -0.9921147013144777 0
    outer loop
      vertex -63.43083460105004 -23.56199462244959 1.5
      vertex -63.43083460105004 -23.56199462244959 0
      vertex -62.9947668183526 -23.50690645050105 1.5
    endloop
  endfacet
  facet normal 0 -1 0
    outer loop
      vertex -62.9947668183526 -23.50690645050105 1.5
      vertex -62.9947668183526 -23.50690645050105 0
      vertex -62.555233181647395 -23.50690645050105 1.5
    endloop
  endfacet
  facet normal -0.12533323356430393 0.9921147013144779 0
    outer loop
      vertex -62.5552331816474 -30.49309354949895 1.5
      vertex -62.11916539894996 -30.43800537755041 0
      vertex -62.5552331816474 -30.49309354949895 0
    endloop
  endfacet
  facet normal 0 1 0
    outer loop
      vertex -62.994766818352595 -30.49309354949895 1.5
      vertex -62.5552331816474 -30.49309354949895 1.5
      vertex -62.5552331816474 -30.49309354949895 0
    endloop
  endfacet
  facet normal -0.12533323356430393 0.9921147013144779 -1.4415631716978716e-18
    outer loop
      vertex -62.5552331816474 -30.49309354949895 1.5
      vertex -62.11916539894996 -30.43800537755041 1.5
      vertex -62.11916539894996 -30.43800537755041 0
    endloop
  endfacet
  facet normal -0.2486898871648574 0.9685831611286304 0
    outer loop
      vertex -62.11916539894996 -30.43800537755041 1.5
      vertex -61.693440519687684 -30.328697807033038 0
      vertex -62.11916539894996 -30.43800537755041 0
    endloop
  endfacet
  facet normal -0.2486898871648574 0.9685831611286304 -5.039044781488997e-18
    outer loop
      vertex -62.11916539894996 -30.43800537755041 1.5
      vertex -61.693440519687684 -30.328697807033038 1.5
      vertex -61.693440519687684 -30.328697807033038 0
    endloop
  endfacet
  facet normal -0.36812455268468075 0.9297764858882503 0
    outer loop
      vertex -61.693440519687684 -30.328697807033038 1.5
      vertex -61.284772479522246 -30.166894683631067 0
      vertex -61.693440519687684 -30.328697807033038 0
    endloop
  endfacet
  facet normal -0.36812455268468075 0.9297764858882503 -2.086621146793699e-18
    outer loop
      vertex -61.693440519687684 -30.328697807033038 1.5
      vertex -61.284772479522246 -30.166894683631067 1.5
      vertex -61.284772479522246 -30.166894683631067 0
    endloop
  endfacet
  facet normal -0.481753674101712 0.8763066800438655 0
    outer loop
      vertex -61.284772479522246 -30.166894683631067 1.5
      vertex -60.899606217573506 -29.95514773925705 0
      vertex -61.284772479522246 -30.166894683631067 0
    endloop
  endfacet
  facet normal -0.5877852522924739 0.8090169943749469 0
    outer loop
      vertex -60.899606217573506 -29.95514773925705 1.5
      vertex -60.54401603587959 -29.696796349715264 0
      vertex -60.899606217573506 -29.95514773925705 0
    endloop
  endfacet
  facet normal -0.481753674101712 0.8763066800438655 -9.791010211851303e-18
    outer loop
      vertex -61.284772479522246 -30.166894683631067 1.5
      vertex -60.899606217573506 -29.95514773925705 1.5
      vertex -60.899606217573506 -29.95514773925705 0
    endloop
  endfacet
  facet normal -0.6845471059286905 0.7289686274214098 0
    outer loop
      vertex -60.54401603587959 -29.696796349715264 1.5
      vertex -60.22360980402506 -29.39591487075041 0
      vertex -60.54401603587959 -29.696796349715264 0
    endloop
  endfacet
  facet normal -0.5877852522924739 0.8090169943749469 -7.931870953067436e-18
    outer loop
      vertex -60.899606217573506 -29.95514773925705 1.5
      vertex -60.54401603587959 -29.696796349715264 1.5
      vertex -60.54401603587959 -29.696796349715264 0
    endloop
  endfacet
  facet normal -0.6845471059286905 0.7289686274214098 -2.8943231228772783e-18
    outer loop
      vertex -60.54401603587959 -29.696796349715264 1.5
      vertex -60.22360980402506 -29.39591487075041 1.5
      vertex -60.22360980402506 -29.39591487075041 0
    endloop
  endfacet
  facet normal -0.7705132427757896 0.6374239897486893 0
    outer loop
      vertex -60.22360980402506 -29.39591487075041 1.5
      vertex -59.943440519687684 -29.057248383023655 0
      vertex -60.22360980402506 -29.39591487075041 0
    endloop
  endfacet
  facet normal -0.7705132427757896 0.6374239897486893 -7.484036870349373e-18
    outer loop
      vertex -60.22360980402506 -29.39591487075041 1.5
      vertex -59.943440519687684 -29.057248383023655 1.5
      vertex -59.943440519687684 -29.057248383023655 0
    endloop
  endfacet
  facet normal -0.8443279255020133 0.5358267949789995 0
    outer loop
      vertex -59.943440519687684 -29.057248383023655 1.5
      vertex -59.707926619846475 -28.686137859356002 0
      vertex -59.943440519687684 -29.057248383023655 0
    endloop
  endfacet
  facet normal -0.9048270524660157 0.425779291565081 -6.379004979206778e-18
    outer loop
      vertex -59.520782299391115 -28.288435934396375 0
      vertex -59.707926619846475 -28.686137859356002 0
      vertex -59.707926619846475 -28.686137859356002 1.5
    endloop
  endfacet
  facet normal -0.8443279255020133 0.5358267949789995 0
    outer loop
      vertex -59.707926619846475 -28.686137859356002 1.5
      vertex -59.707926619846475 -28.686137859356002 0
      vertex -59.943440519687684 -29.057248383023655 1.5
    endloop
  endfacet
  facet normal -0.9510565162951579 0.30901699437493435 0
    outer loop
      vertex -59.520782299391115 -28.288435934396375 1.5
      vertex -59.38495893604979 -27.87041460507699 0
      vertex -59.520782299391115 -28.288435934396375 0
    endloop
  endfacet
  facet normal -0.9048270524660157 0.425779291565081 0
    outer loop
      vertex -59.520782299391115 -28.288435934396375 1.5
      vertex -59.520782299391115 -28.288435934396375 0
      vertex -59.707926619846475 -28.686137859356002 1.5
    endloop
  endfacet
  facet normal -0.9510565162951579 0.30901699437493435 0
    outer loop
      vertex -59.38495893604979 -27.87041460507699 1.5
      vertex -59.38495893604979 -27.87041460507699 0
      vertex -59.520782299391115 -28.288435934396375 1.5
    endloop
  endfacet
  facet normal -0.9822872507286883 0.18738131458572663 1.4213369524385757e-19
    outer loop
      vertex -59.30259854539933 -27.438666317475064 0
      vertex -59.38495893604979 -27.87041460507699 0
      vertex -59.38495893604979 -27.87041460507699 1.5
    endloop
  endfacet
  facet normal -0.9822872507286883 0.18738131458572663 0
    outer loop
      vertex -59.30259854539933 -27.438666317475064 1.5
      vertex -59.30259854539933 -27.438666317475064 0
      vertex -59.38495893604979 -27.87041460507699 1.5
    endloop
  endfacet
  facet normal -0.36812455268468075 -0.9297764858882503 2.086621146793699e-18
    outer loop
      vertex -61.693440519687684 -23.671302192966962 0
      vertex -61.284772479522246 -23.833105316368933 0
      vertex -61.284772479522246 -23.833105316368933 1.5
    endloop
  endfacet
  facet normal -0.7705132427757896 -0.6374239897486893 7.484036870349373e-18
    outer loop
      vertex -60.22360980402506 -24.60408512924959 0
      vertex -59.943440519687684 -24.942751616976345 0
      vertex -59.943440519687684 -24.942751616976345 1.5
    endloop
  endfacet
  facet normal -0.7705132427757896 -0.6374239897486893 0
    outer loop
      vertex -60.22360980402506 -24.60408512924959 1.5
      vertex -60.22360980402506 -24.60408512924959 0
      vertex -59.943440519687684 -24.942751616976345 1.5
    endloop
  endfacet
  facet normal -0.4817536741017126 -0.8763066800438651 0
    outer loop
      vertex -60.89960621757351 -24.044852260742946 1.5
      vertex -61.284772479522246 -23.833105316368933 0
      vertex -60.89960621757351 -24.044852260742946 0
    endloop
  endfacet
  facet normal -0.4817536741017126 -0.8763066800438651 0
    outer loop
      vertex -61.284772479522246 -23.833105316368933 1.5
      vertex -61.284772479522246 -23.833105316368933 0
      vertex -60.89960621757351 -24.044852260742946 1.5
    endloop
  endfacet
  facet normal -0.5877852522924638 -0.8090169943749541 0
    outer loop
      vertex -60.89960621757351 -24.044852260742946 1.5
      vertex -60.89960621757351 -24.044852260742946 0
      vertex -60.54401603587958 -24.303203650284736 1.5
    endloop
  endfacet
  facet normal -0.6845471059286985 -0.7289686274214022 0
    outer loop
      vertex -60.22360980402506 -24.60408512924959 1.5
      vertex -60.54401603587958 -24.303203650284736 0
      vertex -60.22360980402506 -24.60408512924959 0
    endloop
  endfacet
  facet normal -0.6845471059286985 -0.7289686274214022 0
    outer loop
      vertex -60.54401603587958 -24.303203650284736 1.5
      vertex -60.54401603587958 -24.303203650284736 0
      vertex -60.22360980402506 -24.60408512924959 1.5
    endloop
  endfacet
  facet normal -0.5877852522924638 -0.8090169943749541 0
    outer loop
      vertex -60.54401603587958 -24.303203650284736 1.5
      vertex -60.89960621757351 -24.044852260742946 0
      vertex -60.54401603587958 -24.303203650284736 0
    endloop
  endfacet
  facet normal -0.9980267284282713 0.06279051952931572 0
    outer loop
      vertex -59.30259854539933 -27.438666317475064 1.5
      vertex -59.275 -27 0
      vertex -59.30259854539933 -27.438666317475064 0
    endloop
  endfacet
  facet normal -0.9980267284282713 0.06279051952931572 -1.0498050858024008e-18
    outer loop
      vertex -59.30259854539933 -27.438666317475064 1.5
      vertex -59.275 -27 1.5
      vertex -59.275 -27 0
    endloop
  endfacet
  facet normal -0.9980267284282713 -0.06279051952931572 1.0498050858024008e-18
    outer loop
      vertex -59.30259854539933 -26.561333682524936 0
      vertex -59.275 -27 0
      vertex -59.275 -27 1.5
    endloop
  endfacet
  facet normal -0.9980267284282713 -0.06279051952931572 0
    outer loop
      vertex -59.30259854539933 -26.561333682524936 1.5
      vertex -59.30259854539933 -26.561333682524936 0
      vertex -59.275 -27 1.5
    endloop
  endfacet
  facet normal -0.9822872507286913 -0.18738131458571103 0
    outer loop
      vertex -59.30259854539933 -26.561333682524936 1.5
      vertex -59.384958936049784 -26.12958539492301 0
      vertex -59.30259854539933 -26.561333682524936 0
    endloop
  endfacet
  facet normal -0.9822872507286913 -0.18738131458571103 0
    outer loop
      vertex -59.384958936049784 -26.12958539492301 1.5
      vertex -59.384958936049784 -26.12958539492301 0
      vertex -59.30259854539933 -26.561333682524936 1.5
    endloop
  endfacet
  facet normal -0.951056516295153 -0.30901699437494895 0
    outer loop
      vertex -59.384958936049784 -26.12958539492301 1.5
      vertex -59.520782299391115 -25.711564065603625 0
      vertex -59.384958936049784 -26.12958539492301 0
    endloop
  endfacet
  facet normal -0.951056516295153 -0.30901699437494895 0
    outer loop
      vertex -59.520782299391115 -25.711564065603625 1.5
      vertex -59.520782299391115 -25.711564065603625 0
      vertex -59.384958936049784 -26.12958539492301 1.5
    endloop
  endfacet
  facet normal -0.8443279255020133 -0.5358267949789995 0
    outer loop
      vertex -59.707926619846475 -25.313862140643998 1.5
      vertex -59.943440519687684 -24.942751616976345 0
      vertex -59.707926619846475 -25.313862140643998 0
    endloop
  endfacet
  facet normal -0.9048270524660157 -0.425779291565081 6.379004979206778e-18
    outer loop
      vertex -59.707926619846475 -25.313862140643998 0
      vertex -59.520782299391115 -25.711564065603625 0
      vertex -59.520782299391115 -25.711564065603625 1.5
    endloop
  endfacet
  facet normal -0.9048270524660157 -0.425779291565081 0
    outer loop
      vertex -59.707926619846475 -25.313862140643998 1.5
      vertex -59.707926619846475 -25.313862140643998 0
      vertex -59.520782299391115 -25.711564065603625 1.5
    endloop
  endfacet
  facet normal -0.8443279255020133 -0.5358267949789995 0
    outer loop
      vertex -59.943440519687684 -24.942751616976345 1.5
      vertex -59.943440519687684 -24.942751616976345 0
      vertex -59.707926619846475 -25.313862140643998 1.5
    endloop
  endfacet
  facet normal 0 -1 0
    outer loop
      vertex -62.9947668183526 -23.50690645050105 0
      vertex -62.555233181647395 -23.50690645050105 0
      vertex -62.555233181647395 -23.50690645050105 1.5
    endloop
  endfacet
  facet normal -0.12533323356430595 -0.9921147013144777 0
    outer loop
      vertex -62.11916539894996 -23.56199462244959 1.5
      vertex -62.555233181647395 -23.50690645050105 0
      vertex -62.11916539894996 -23.56199462244959 0
    endloop
  endfacet
  facet normal -0.12533323356430595 -0.9921147013144777 0
    outer loop
      vertex -62.555233181647395 -23.50690645050105 1.5
      vertex -62.555233181647395 -23.50690645050105 0
      vertex -62.11916539894996 -23.56199462244959 1.5
    endloop
  endfacet
  facet normal -0.2486898871648574 -0.9685831611286304 0
    outer loop
      vertex -61.693440519687684 -23.671302192966962 1.5
      vertex -62.11916539894996 -23.56199462244959 0
      vertex -61.693440519687684 -23.671302192966962 0
    endloop
  endfacet
  facet normal -0.2486898871648574 -0.9685831611286304 0
    outer loop
      vertex -62.11916539894996 -23.56199462244959 1.5
      vertex -62.11916539894996 -23.56199462244959 0
      vertex -61.693440519687684 -23.671302192966962 1.5
    endloop
  endfacet
  facet normal -0.36812455268468075 -0.9297764858882503 0
    outer loop
      vertex -61.693440519687684 -23.671302192966962 1.5
      vertex -61.693440519687684 -23.671302192966962 0
      vertex -61.284772479522246 -23.833105316368933 1.5
    endloop
  endfacet
  facet normal 0.5877852522924663 0.8090169943749523 2.1241387369565844e-18
    outer loop
      vertex -49.13098396412041 -29.696796349715264 1.5
      vertex -48.775393782426484 -29.95514773925705 1.5
      vertex -48.775393782426484 -29.95514773925705 0
    endloop
  endfacet
  facet normal 0.6845471059286905 0.7289686274214098 0
    outer loop
      vertex -49.45139019597494 -29.39591487075041 1.5
      vertex -49.13098396412041 -29.696796349715264 0
      vertex -49.45139019597494 -29.39591487075041 0
    endloop
  endfacet
  facet normal 0.5877852522924663 0.8090169943749523 0
    outer loop
      vertex -49.13098396412041 -29.696796349715264 1.5
      vertex -48.775393782426484 -29.95514773925705 0
      vertex -49.13098396412041 -29.696796349715264 0
    endloop
  endfacet
  facet normal 0.6845471059286905 0.7289686274214098 2.8943231228772783e-18
    outer loop
      vertex -49.45139019597494 -29.39591487075041 1.5
      vertex -49.13098396412041 -29.696796349715264 1.5
      vertex -49.13098396412041 -29.696796349715264 0
    endloop
  endfacet
  facet normal 0.9822872507286883 0.18738131458572663 0
    outer loop
      vertex -50.37240145460067 -27.438666317475064 1.5
      vertex -50.290041063950206 -27.87041460507699 0
      vertex -50.37240145460067 -27.438666317475064 0
    endloop
  endfacet
  facet normal 0.9822872507286883 0.18738131458572663 -1.4213369524385757e-19
    outer loop
      vertex -50.37240145460067 -27.438666317475064 1.5
      vertex -50.290041063950206 -27.87041460507699 1.5
      vertex -50.290041063950206 -27.87041460507699 0
    endloop
  endfacet
  facet normal 0.7705132427757896 0.6374239897486893 0
    outer loop
      vertex -49.73155948031231 -29.057248383023655 1.5
      vertex -49.45139019597494 -29.39591487075041 0
      vertex -49.73155948031231 -29.057248383023655 0
    endloop
  endfacet
  facet normal 0.8443279255020133 0.5358267949789995 8.151012020717896e-20
    outer loop
      vertex -49.96707338015352 -28.686137859356002 1.5
      vertex -49.73155948031231 -29.057248383023655 1.5
      vertex -49.73155948031231 -29.057248383023655 0
    endloop
  endfacet
  facet normal 0.8443279255020133 0.5358267949789995 0
    outer loop
      vertex -49.96707338015352 -28.686137859356002 1.5
      vertex -49.73155948031231 -29.057248383023655 0
      vertex -49.96707338015352 -28.686137859356002 0
    endloop
  endfacet
  facet normal 0.9048270524660171 0.4257792915650779 8.295623682892122e-18
    outer loop
      vertex -50.15421770060888 -28.28843593439637 1.5
      vertex -49.96707338015352 -28.686137859356002 1.5
      vertex -49.96707338015352 -28.686137859356002 0
    endloop
  endfacet
  facet normal 0.7705132427757896 0.6374239897486893 7.484036870349373e-18
    outer loop
      vertex -49.73155948031231 -29.057248383023655 1.5
      vertex -49.45139019597494 -29.39591487075041 1.5
      vertex -49.45139019597494 -29.39591487075041 0
    endloop
  endfacet
  facet normal 0.9048270524660171 0.4257792915650779 0
    outer loop
      vertex -50.15421770060888 -28.28843593439637 1.5
      vertex -49.96707338015352 -28.686137859356002 0
      vertex -50.15421770060888 -28.28843593439637 0
    endloop
  endfacet
  facet normal 0.9510565162951571 0.30901699437493674 0
    outer loop
      vertex -50.290041063950206 -27.87041460507699 1.5
      vertex -50.15421770060888 -28.28843593439637 0
      vertex -50.290041063950206 -27.87041460507699 0
    endloop
  endfacet
  facet normal 0.9510565162951571 0.30901699437493674 -4.840581711447235e-18
    outer loop
      vertex -50.290041063950206 -27.87041460507699 1.5
      vertex -50.15421770060888 -28.28843593439637 1.5
      vertex -50.15421770060888 -28.28843593439637 0
    endloop
  endfacet
  facet normal 0.2486898871648574 0.9685831611286304 0
    outer loop
      vertex -47.98155948031231 -30.328697807033038 1.5
      vertex -47.55583460105004 -30.43800537755041 0
      vertex -47.98155948031231 -30.328697807033038 0
    endloop
  endfacet
  facet normal 0.2486898871648574 0.9685831611286304 5.039044781488997e-18
    outer loop
      vertex -47.98155948031231 -30.328697807033038 1.5
      vertex -47.55583460105004 -30.43800537755041 1.5
      vertex -47.55583460105004 -30.43800537755041 0
    endloop
  endfacet
  facet normal 0.4817536741017188 0.8763066800438617 0
    outer loop
      vertex -48.775393782426484 -29.95514773925705 1.5
      vertex -48.39022752047775 -30.166894683631067 0
      vertex -48.775393782426484 -29.95514773925705 0
    endloop
  endfacet
  facet normal 0.36812455268468075 0.9297764858882503 0
    outer loop
      vertex -48.39022752047775 -30.166894683631067 1.5
      vertex -47.98155948031231 -30.328697807033038 0
      vertex -48.39022752047775 -30.166894683631067 0
    endloop
  endfacet
  facet normal 0.4817536741017188 0.8763066800438617 -2.534689771937759e-18
    outer loop
      vertex -48.775393782426484 -29.95514773925705 1.5
      vertex -48.39022752047775 -30.166894683631067 1.5
      vertex -48.39022752047775 -30.166894683631067 0
    endloop
  endfacet
  facet normal 0.36812455268468075 0.9297764858882503 2.086621146793699e-18
    outer loop
      vertex -48.39022752047775 -30.166894683631067 1.5
      vertex -47.98155948031231 -30.328697807033038 1.5
      vertex -47.98155948031231 -30.328697807033038 0
    endloop
  endfacet
  facet normal 0.12533323356430393 0.9921147013144779 0
    outer loop
      vertex -47.55583460105004 -30.43800537755041 1.5
      vertex -47.119766818352595 -30.49309354949895 0
      vertex -47.55583460105004 -30.43800537755041 0
    endloop
  endfacet
  facet normal 0 1 0
    outer loop
      vertex -47.119766818352595 -30.49309354949895 1.5
      vertex -46.6802331816474 -30.49309354949895 0
      vertex -47.119766818352595 -30.49309354949895 0
    endloop
  endfacet
  facet normal 0.12533323356430393 0.9921147013144779 1.4415631716978716e-18
    outer loop
      vertex -47.55583460105004 -30.43800537755041 1.5
      vertex -47.119766818352595 -30.49309354949895 1.5
      vertex -47.119766818352595 -30.49309354949895 0
    endloop
  endfacet
  facet normal 0 1 0
    outer loop
      vertex -47.119766818352595 -30.49309354949895 1.5
      vertex -46.6802331816474 -30.49309354949895 1.5
      vertex -46.6802331816474 -30.49309354949895 0
    endloop
  endfacet
  facet normal -0.12533323356430393 0.9921147013144779 0
    outer loop
      vertex -46.6802331816474 -30.49309354949895 1.5
      vertex -46.24416539894996 -30.43800537755041 0
      vertex -46.6802331816474 -30.49309354949895 0
    endloop
  endfacet
  facet normal -0.12533323356430393 0.9921147013144779 -1.4415631716978716e-18
    outer loop
      vertex -46.6802331816474 -30.49309354949895 1.5
      vertex -46.24416539894996 -30.43800537755041 1.5
      vertex -46.24416539894996 -30.43800537755041 0
    endloop
  endfacet
  facet normal -0.2486898871648574 0.9685831611286304 0
    outer loop
      vertex -46.24416539894996 -30.43800537755041 1.5
      vertex -45.818440519687684 -30.328697807033038 0
      vertex -46.24416539894996 -30.43800537755041 0
    endloop
  endfacet
  facet normal -0.2486898871648574 0.9685831611286304 -5.039044781488997e-18
    outer loop
      vertex -46.24416539894996 -30.43800537755041 1.5
      vertex -45.818440519687684 -30.328697807033038 1.5
      vertex -45.818440519687684 -30.328697807033038 0
    endloop
  endfacet
  facet normal -0.36812455268468075 0.9297764858882503 -2.086621146793699e-18
    outer loop
      vertex -45.409772479522246 -30.166894683631067 0
      vertex -45.818440519687684 -30.328697807033038 0
      vertex -45.818440519687684 -30.328697807033038 1.5
    endloop
  endfacet
  facet normal -0.36812455268468075 0.9297764858882503 0
    outer loop
      vertex -45.409772479522246 -30.166894683631067 1.5
      vertex -45.409772479522246 -30.166894683631067 0
      vertex -45.818440519687684 -30.328697807033038 1.5
    endloop
  endfacet
  facet normal -0.4817536741017188 0.8763066800438617 0
    outer loop
      vertex -45.409772479522246 -30.166894683631067 1.5
      vertex -45.02460621757351 -29.95514773925705 0
      vertex -45.409772479522246 -30.166894683631067 0
    endloop
  endfacet
  facet normal -0.5877852522924663 0.8090169943749523 0
    outer loop
      vertex -45.02460621757351 -29.95514773925705 1.5
      vertex -44.66901603587959 -29.696796349715264 0
      vertex -45.02460621757351 -29.95514773925705 0
    endloop
  endfacet
  facet normal -0.4817536741017188 0.8763066800438617 2.534689771937759e-18
    outer loop
      vertex -45.409772479522246 -30.166894683631067 1.5
      vertex -45.02460621757351 -29.95514773925705 1.5
      vertex -45.02460621757351 -29.95514773925705 0
    endloop
  endfacet
  facet normal -0.5877852522924663 0.8090169943749523 -2.1241387369565844e-18
    outer loop
      vertex -45.02460621757351 -29.95514773925705 1.5
      vertex -44.66901603587959 -29.696796349715264 1.5
      vertex -44.66901603587959 -29.696796349715264 0
    endloop
  endfacet
  facet normal -0.6845471059286905 0.7289686274214098 0
    outer loop
      vertex -44.66901603587959 -29.696796349715264 1.5
      vertex -44.34860980402506 -29.39591487075041 0
      vertex -44.66901603587959 -29.696796349715264 0
    endloop
  endfacet
  facet normal -0.6845471059286905 0.7289686274214098 -2.8943231228772783e-18
    outer loop
      vertex -44.66901603587959 -29.696796349715264 1.5
      vertex -44.34860980402506 -29.39591487075041 1.5
      vertex -44.34860980402506 -29.39591487075041 0
    endloop
  endfacet
  facet normal -0.7705132427757896 0.6374239897486893 -7.484036870349373e-18
    outer loop
      vertex -44.068440519687684 -29.057248383023655 0
      vertex -44.34860980402506 -29.39591487075041 0
      vertex -44.34860980402506 -29.39591487075041 1.5
    endloop
  endfacet
  facet normal -0.7705132427757896 0.6374239897486893 0
    outer loop
      vertex -44.068440519687684 -29.057248383023655 1.5
      vertex -44.068440519687684 -29.057248383023655 0
      vertex -44.34860980402506 -29.39591487075041 1.5
    endloop
  endfacet
  facet normal -0.8443279255020133 0.5358267949789995 0
    outer loop
      vertex -44.068440519687684 -29.057248383023655 1.5
      vertex -43.832926619846475 -28.686137859356002 0
      vertex -44.068440519687684 -29.057248383023655 0
    endloop
  endfacet
  facet normal -0.9048270524660157 0.425779291565081 -6.379004979206778e-18
    outer loop
      vertex -43.645782299391115 -28.288435934396375 0
      vertex -43.832926619846475 -28.686137859356002 0
      vertex -43.832926619846475 -28.686137859356002 1.5
    endloop
  endfacet
  facet normal -0.8443279255020133 0.5358267949789995 -8.151012020717896e-20
    outer loop
      vertex -44.068440519687684 -29.057248383023655 1.5
      vertex -43.832926619846475 -28.686137859356002 1.5
      vertex -43.832926619846475 -28.686137859356002 0
    endloop
  endfacet
  facet normal -0.9510565162951579 0.30901699437493435 0
    outer loop
      vertex -43.645782299391115 -28.288435934396375 1.5
      vertex -43.50995893604979 -27.87041460507699 0
      vertex -43.645782299391115 -28.288435934396375 0
    endloop
  endfacet
  facet normal -0.9048270524660157 0.425779291565081 0
    outer loop
      vertex -43.645782299391115 -28.288435934396375 1.5
      vertex -43.645782299391115 -28.288435934396375 0
      vertex -43.832926619846475 -28.686137859356002 1.5
    endloop
  endfacet
  facet normal -0.9510565162951579 0.30901699437493435 0
    outer loop
      vertex -43.50995893604979 -27.87041460507699 1.5
      vertex -43.50995893604979 -27.87041460507699 0
      vertex -43.645782299391115 -28.288435934396375 1.5
    endloop
  endfacet
  facet normal -0.9822872507286883 0.18738131458572663 1.4213369524385757e-19
    outer loop
      vertex -43.42759854539933 -27.438666317475064 0
      vertex -43.50995893604979 -27.87041460507699 0
      vertex -43.50995893604979 -27.87041460507699 1.5
    endloop
  endfacet
  facet normal -0.9822872507286883 0.18738131458572663 0
    outer loop
      vertex -43.42759854539933 -27.438666317475064 1.5
      vertex -43.42759854539933 -27.438666317475064 0
      vertex -43.50995893604979 -27.87041460507699 1.5
    endloop
  endfacet
  facet normal 0.9980267284282713 0.06279051952931572 0
    outer loop
      vertex -50.4 -27 1.5
      vertex -50.37240145460067 -27.438666317475064 0
      vertex -50.4 -27 0
    endloop
  endfacet
  facet normal 0.9980267284282713 0.06279051952931572 1.0498050858024008e-18
    outer loop
      vertex -50.4 -27 1.5
      vertex -50.37240145460067 -27.438666317475064 1.5
      vertex -50.37240145460067 -27.438666317475064 0
    endloop
  endfacet
  facet normal 0.9980267284282713 -0.06279051952931572 0
    outer loop
      vertex -50.37240145460067 -26.561333682524936 1.5
      vertex -50.4 -27 0
      vertex -50.37240145460067 -26.561333682524936 0
    endloop
  endfacet
  facet normal 0.9980267284282713 -0.06279051952931572 -1.0498050858024008e-18
    outer loop
      vertex -50.37240145460067 -26.561333682524936 1.5
      vertex -50.4 -27 1.5
      vertex -50.4 -27 0
    endloop
  endfacet
  facet normal 0.9822872507286883 -0.18738131458572663 0
    outer loop
      vertex -50.290041063950206 -26.12958539492301 1.5
      vertex -50.37240145460067 -26.561333682524936 0
      vertex -50.290041063950206 -26.12958539492301 0
    endloop
  endfacet
  facet normal 0.9822872507286883 -0.18738131458572663 1.4213369524385757e-19
    outer loop
      vertex -50.290041063950206 -26.12958539492301 1.5
      vertex -50.37240145460067 -26.561333682524936 1.5
      vertex -50.37240145460067 -26.561333682524936 0
    endloop
  endfacet
  facet normal 0.9510565162951571 -0.30901699437493674 4.840581711447235e-18
    outer loop
      vertex -50.290041063950206 -26.12958539492301 0
      vertex -50.15421770060888 -25.71156406560363 0
      vertex -50.15421770060888 -25.71156406560363 1.5
    endloop
  endfacet
  facet normal 0.9510565162951571 -0.30901699437493674 0
    outer loop
      vertex -50.290041063950206 -26.12958539492301 1.5
      vertex -50.290041063950206 -26.12958539492301 0
      vertex -50.15421770060888 -25.71156406560363 1.5
    endloop
  endfacet
  facet normal 0.9048270524660171 -0.4257792915650779 0
    outer loop
      vertex -49.96707338015352 -25.313862140643998 1.5
      vertex -50.15421770060888 -25.71156406560363 0
      vertex -49.96707338015352 -25.313862140643998 0
    endloop
  endfacet
  facet normal 0.9048270524660171 -0.4257792915650779 -8.295623682892122e-18
    outer loop
      vertex -49.96707338015352 -25.313862140643998 1.5
      vertex -50.15421770060888 -25.71156406560363 1.5
      vertex -50.15421770060888 -25.71156406560363 0
    endloop
  endfacet
  facet normal 0.8443279255020133 -0.5358267949789995 -8.151012020717896e-20
    outer loop
      vertex -49.73155948031231 -24.942751616976345 1.5
      vertex -49.96707338015352 -25.313862140643998 1.5
      vertex -49.96707338015352 -25.313862140643998 0
    endloop
  endfacet
  facet normal 0.8443279255020133 -0.5358267949789995 0
    outer loop
      vertex -49.73155948031231 -24.942751616976345 1.5
      vertex -49.96707338015352 -25.313862140643998 0
      vertex -49.73155948031231 -24.942751616976345 0
    endloop
  endfacet
  facet normal 0.7705132427757896 -0.6374239897486893 -7.484036870349373e-18
    outer loop
      vertex -49.45139019597494 -24.60408512924959 1.5
      vertex -49.73155948031231 -24.942751616976345 1.5
      vertex -49.73155948031231 -24.942751616976345 0
    endloop
  endfacet
  facet normal 0.7705132427757896 -0.6374239897486893 0
    outer loop
      vertex -49.45139019597494 -24.60408512924959 1.5
      vertex -49.73155948031231 -24.942751616976345 0
      vertex -49.45139019597494 -24.60408512924959 0
    endloop
  endfacet
  facet normal 0.6845471059286905 -0.7289686274214098 0
    outer loop
      vertex -49.13098396412041 -24.303203650284736 1.5
      vertex -49.45139019597494 -24.60408512924959 0
      vertex -49.13098396412041 -24.303203650284736 0
    endloop
  endfacet
  facet normal 0.6845471059286905 -0.7289686274214098 0
    outer loop
      vertex -49.45139019597494 -24.60408512924959 1.5
      vertex -49.45139019597494 -24.60408512924959 0
      vertex -49.13098396412041 -24.303203650284736 1.5
    endloop
  endfacet
  facet normal 0.5877852522924663 -0.8090169943749523 -2.1241387369565844e-18
    outer loop
      vertex -49.13098396412041 -24.303203650284736 0
      vertex -48.775393782426484 -24.04485226074295 0
      vertex -48.775393782426484 -24.04485226074295 1.5
    endloop
  endfacet
  facet normal 0.5877852522924663 -0.8090169943749523 0
    outer loop
      vertex -49.13098396412041 -24.303203650284736 1.5
      vertex -49.13098396412041 -24.303203650284736 0
      vertex -48.775393782426484 -24.04485226074295 1.5
    endloop
  endfacet
  facet normal 0.4817536741017188 -0.8763066800438617 0
    outer loop
      vertex -48.39022752047775 -23.833105316368933 1.5
      vertex -48.775393782426484 -24.04485226074295 0
      vertex -48.39022752047775 -23.833105316368933 0
    endloop
  endfacet
  facet normal 0.4817536741017188 -0.8763066800438617 0
    outer loop
      vertex -48.775393782426484 -24.04485226074295 1.5
      vertex -48.775393782426484 -24.04485226074295 0
      vertex -48.39022752047775 -23.833105316368933 1.5
    endloop
  endfacet
  facet normal 0.36812455268468075 -0.9297764858882503 -2.086621146793699e-18
    outer loop
      vertex -47.98155948031231 -23.671302192966962 1.5
      vertex -48.39022752047775 -23.833105316368933 1.5
      vertex -48.39022752047775 -23.833105316368933 0
    endloop
  endfacet
  facet normal 0.36812455268468075 -0.9297764858882503 0
    outer loop
      vertex -47.98155948031231 -23.671302192966962 1.5
      vertex -48.39022752047775 -23.833105316368933 0
      vertex -47.98155948031231 -23.671302192966962 0
    endloop
  endfacet
  facet normal 0.2486898871648574 -0.9685831611286304 0
    outer loop
      vertex -47.55583460105004 -23.56199462244959 1.5
      vertex -47.98155948031231 -23.671302192966962 0
      vertex -47.55583460105004 -23.56199462244959 0
    endloop
  endfacet
  facet normal 0.2486898871648574 -0.9685831611286304 0
    outer loop
      vertex -47.98155948031231 -23.671302192966962 1.5
      vertex -47.98155948031231 -23.671302192966962 0
      vertex -47.55583460105004 -23.56199462244959 1.5
    endloop
  endfacet
  facet normal 0.12533323356430393 -0.9921147013144779 -1.4415631716978716e-18
    outer loop
      vertex -47.55583460105004 -23.56199462244959 0
      vertex -47.119766818352595 -23.50690645050105 0
      vertex -47.119766818352595 -23.50690645050105 1.5
    endloop
  endfacet
  facet normal 0 -1 0
    outer loop
      vertex -46.6802331816474 -23.50690645050105 1.5
      vertex -47.119766818352595 -23.50690645050105 0
      vertex -46.6802331816474 -23.50690645050105 0
    endloop
  endfacet
  facet normal 0.12533323356430393 -0.9921147013144779 0
    outer loop
      vertex -47.55583460105004 -23.56199462244959 1.5
      vertex -47.55583460105004 -23.56199462244959 0
      vertex -47.119766818352595 -23.50690645050105 1.5
    endloop
  endfacet
  facet normal 0 -1 0
    outer loop
      vertex -47.119766818352595 -23.50690645050105 1.5
      vertex -47.119766818352595 -23.50690645050105 0
      vertex -46.6802331816474 -23.50690645050105 1.5
    endloop
  endfacet
  facet normal -0.12533323356430393 -0.9921147013144779 0
    outer loop
      vertex -46.24416539894996 -23.56199462244959 1.5
      vertex -46.6802331816474 -23.50690645050105 0
      vertex -46.24416539894996 -23.56199462244959 0
    endloop
  endfacet
  facet normal -0.12533323356430393 -0.9921147013144779 0
    outer loop
      vertex -46.6802331816474 -23.50690645050105 1.5
      vertex -46.6802331816474 -23.50690645050105 0
      vertex -46.24416539894996 -23.56199462244959 1.5
    endloop
  endfacet
  facet normal -0.9980267284282713 0.06279051952931572 0
    outer loop
      vertex -43.42759854539933 -27.438666317475064 1.5
      vertex -43.4 -27 0
      vertex -43.42759854539933 -27.438666317475064 0
    endloop
  endfacet
  facet normal -0.9980267284282713 0.06279051952931572 0
    outer loop
      vertex -43.4 -27 1.5
      vertex -43.4 -27 0
      vertex -43.42759854539933 -27.438666317475064 1.5
    endloop
  endfacet
  facet normal -0.9980267284282713 -0.06279051952931572 1.0498050858024008e-18
    outer loop
      vertex -43.42759854539933 -26.561333682524936 0
      vertex -43.4 -27 0
      vertex -43.4 -27 1.5
    endloop
  endfacet
  facet normal -0.9980267284282713 -0.06279051952931572 0
    outer loop
      vertex -43.42759854539933 -26.561333682524936 1.5
      vertex -43.42759854539933 -26.561333682524936 0
      vertex -43.4 -27 1.5
    endloop
  endfacet
  facet normal -0.9822872507286883 -0.18738131458572663 0
    outer loop
      vertex -43.42759854539933 -26.561333682524936 1.5
      vertex -43.50995893604979 -26.12958539492301 0
      vertex -43.42759854539933 -26.561333682524936 0
    endloop
  endfacet
  facet normal -0.9822872507286883 -0.18738131458572663 0
    outer loop
      vertex -43.50995893604979 -26.12958539492301 1.5
      vertex -43.50995893604979 -26.12958539492301 0
      vertex -43.42759854539933 -26.561333682524936 1.5
    endloop
  endfacet
  facet normal -0.951056516295153 -0.30901699437494895 0
    outer loop
      vertex -43.50995893604979 -26.12958539492301 1.5
      vertex -43.64578229939112 -25.711564065603625 0
      vertex -43.50995893604979 -26.12958539492301 0
    endloop
  endfacet
  facet normal -0.951056516295153 -0.30901699437494895 0
    outer loop
      vertex -43.64578229939112 -25.711564065603625 1.5
      vertex -43.64578229939112 -25.711564065603625 0
      vertex -43.50995893604979 -26.12958539492301 1.5
    endloop
  endfacet
  facet normal -0.36812455268468075 -0.9297764858882503 2.086621146793699e-18
    outer loop
      vertex -45.818440519687684 -23.671302192966962 0
      vertex -45.409772479522246 -23.833105316368933 0
      vertex -45.409772479522246 -23.833105316368933 1.5
    endloop
  endfacet
  facet normal -0.4817536741017126 -0.8763066800438651 0
    outer loop
      vertex -45.02460621757351 -24.044852260742946 1.5
      vertex -45.409772479522246 -23.833105316368933 0
      vertex -45.02460621757351 -24.044852260742946 0
    endloop
  endfacet
  facet normal -0.5877852522924716 -0.8090169943749486 1.4697905763503824e-18
    outer loop
      vertex -45.02460621757351 -24.044852260742946 0
      vertex -44.66901603587959 -24.303203650284736 0
      vertex -44.66901603587959 -24.303203650284736 1.5
    endloop
  endfacet
  facet normal -0.4817536741017126 -0.8763066800438651 0
    outer loop
      vertex -45.409772479522246 -23.833105316368933 1.5
      vertex -45.409772479522246 -23.833105316368933 0
      vertex -45.02460621757351 -24.044852260742946 1.5
    endloop
  endfacet
  facet normal -0.5877852522924716 -0.8090169943749486 0
    outer loop
      vertex -45.02460621757351 -24.044852260742946 1.5
      vertex -45.02460621757351 -24.044852260742946 0
      vertex -44.66901603587959 -24.303203650284736 1.5
    endloop
  endfacet
  facet normal -0.7705132427757896 -0.6374239897486893 7.484036870349373e-18
    outer loop
      vertex -44.34860980402506 -24.60408512924959 0
      vertex -44.068440519687684 -24.942751616976345 0
      vertex -44.068440519687684 -24.942751616976345 1.5
    endloop
  endfacet
  facet normal -0.7705132427757896 -0.6374239897486893 0
    outer loop
      vertex -44.34860980402506 -24.60408512924959 1.5
      vertex -44.34860980402506 -24.60408512924959 0
      vertex -44.068440519687684 -24.942751616976345 1.5
    endloop
  endfacet
  facet normal -0.9048270524660219 -0.4257792915650677 -1.5484505159944898e-18
    outer loop
      vertex -43.832926619846475 -25.313862140643998 0
      vertex -43.64578229939112 -25.711564065603625 0
      vertex -43.64578229939112 -25.711564065603625 1.5
    endloop
  endfacet
  facet normal -0.8443279255020133 -0.5358267949789995 0
    outer loop
      vertex -43.832926619846475 -25.313862140643998 1.5
      vertex -44.068440519687684 -24.942751616976345 0
      vertex -43.832926619846475 -25.313862140643998 0
    endloop
  endfacet
  facet normal -0.9048270524660219 -0.4257792915650677 0
    outer loop
      vertex -43.832926619846475 -25.313862140643998 1.5
      vertex -43.832926619846475 -25.313862140643998 0
      vertex -43.64578229939112 -25.711564065603625 1.5
    endloop
  endfacet
  facet normal -0.8443279255020133 -0.5358267949789995 0
    outer loop
      vertex -44.068440519687684 -24.942751616976345 1.5
      vertex -44.068440519687684 -24.942751616976345 0
      vertex -43.832926619846475 -25.313862140643998 1.5
    endloop
  endfacet
  facet normal -0.6845471059286905 -0.7289686274214098 0
    outer loop
      vertex -44.34860980402506 -24.60408512924959 1.5
      vertex -44.66901603587959 -24.303203650284736 0
      vertex -44.34860980402506 -24.60408512924959 0
    endloop
  endfacet
  facet normal -0.6845471059286905 -0.7289686274214098 0
    outer loop
      vertex -44.66901603587959 -24.303203650284736 1.5
      vertex -44.66901603587959 -24.303203650284736 0
      vertex -44.34860980402506 -24.60408512924959 1.5
    endloop
  endfacet
  facet normal -0.2486898871648574 -0.9685831611286304 5.039044781488997e-18
    outer loop
      vertex -46.24416539894996 -23.56199462244959 0
      vertex -45.818440519687684 -23.671302192966962 0
      vertex -45.818440519687684 -23.671302192966962 1.5
    endloop
  endfacet
  facet normal -0.2486898871648574 -0.9685831611286304 0
    outer loop
      vertex -46.24416539894996 -23.56199462244959 1.5
      vertex -46.24416539894996 -23.56199462244959 0
      vertex -45.818440519687684 -23.671302192966962 1.5
    endloop
  endfacet
  facet normal -0.36812455268468075 -0.9297764858882503 0
    outer loop
      vertex -45.818440519687684 -23.671302192966962 1.5
      vertex -45.818440519687684 -23.671302192966962 0
      vertex -45.409772479522246 -23.833105316368933 1.5
    endloop
  endfacet
  facet normal -1 0 0
    outer loop
      vertex -85 -20 6.5
      vertex -85 -34.97240205699265 6.473412429090757
      vertex -85 -35.004540909323715 6.5
    endloop
  endfacet
  facet normal -1 0 0
    outer loop
      vertex -85 -20 6.5
      vertex -85 -34.7067929536248 6.304851766490124
      vertex -85 -34.97240205699265 6.473412429090757
    endloop
  endfacet
  facet normal -1 0 0
    outer loop
      vertex -85 -20 6.5
      vertex -85 -34.42215200447512 6.170909902849928
      vertex -85 -34.7067929536248 6.304851766490124
    endloop
  endfacet
  facet normal -1 0 0
    outer loop
      vertex -85 -20 6.5
      vertex -85 -34.12296816734796 6.073699181372781
      vertex -85 -34.42215200447512 6.170909902849928
    endloop
  endfacet
  facet normal -1 0 0
    outer loop
      vertex -85 -20 6.5
      vertex -85 -33.81395975007858 6.014752673207234
      vertex -85 -34.12296816734796 6.073699181372781
    endloop
  endfacet
  facet normal -1 0 0
    outer loop
      vertex -85 -20 6.5
      vertex -85 -33.57947272421936 6
      vertex -85 -33.81395975007858 6.014752673207234
    endloop
  endfacet
  facet normal -1 0 0
    outer loop
      vertex -85 -20 6.5
      vertex -85 -20 6
      vertex -85 -33.57947272421936 6
    endloop
  endfacet
  facet normal 0 1 0
    outer loop
      vertex -85 -20 6.5
      vertex -83.75954988232819 -20 6
      vertex -85 -20 6
    endloop
  endfacet
  facet normal 0 1 0
    outer loop
      vertex -85 -20 6.5
      vertex -83.75954988232819 -20 6.5
      vertex -83.75954988232819 -20 6
    endloop
  endfacet
  facet normal 0 1 0
    outer loop
      vertex -73.54045011767181 -20 6.5
      vertex -67.88454988232819 -20 6
      vertex -73.54045011767181 -20 6
    endloop
  endfacet
  facet normal 0 1 0
    outer loop
      vertex -73.54045011767181 -20 6.5
      vertex -67.88454988232819 -20 6.5
      vertex -67.88454988232819 -20 6
    endloop
  endfacet
  facet normal 0 1 0
    outer loop
      vertex -57.66545011767181 -20 6.5
      vertex -52.00954988232819 -20 6
      vertex -57.66545011767181 -20 6
    endloop
  endfacet
  facet normal 0 1 0
    outer loop
      vertex -57.66545011767181 -20 6.5
      vertex -52.00954988232819 -20 6.5
      vertex -52.00954988232819 -20 6
    endloop
  endfacet
  facet normal 1 0 0
    outer loop
      vertex -40.55 -34.7067929536248 6.304851766490124
      vertex -40.55 -20 6
      vertex -40.55 -34.97240205699265 6.473412429090757
    endloop
  endfacet
  facet normal 1 0 0
    outer loop
      vertex -40.55 -20 6.5
      vertex -40.55 -35.004540909323715 6.5
      vertex -40.55 -34.97240205699265 6.473412429090757
    endloop
  endfacet
  facet normal 1 0 0
    outer loop
      vertex -40.55 -34.42215200447512 6.170909902849928
      vertex -40.55 -20 6
      vertex -40.55 -34.7067929536248 6.304851766490124
    endloop
  endfacet
  facet normal 1 0 0
    outer loop
      vertex -40.55 -34.12296816734796 6.073699181372781
      vertex -40.55 -20 6
      vertex -40.55 -34.42215200447512 6.170909902849928
    endloop
  endfacet
  facet normal 1 0 0
    outer loop
      vertex -40.55 -33.81395975007858 6.014752673207234
      vertex -40.55 -33.57947272421936 6
      vertex -40.55 -20 6
    endloop
  endfacet
  facet normal 1 0 0
    outer loop
      vertex -40.55 -34.12296816734796 6.073699181372781
      vertex -40.55 -33.81395975007858 6.014752673207234
      vertex -40.55 -20 6
    endloop
  endfacet
  facet normal 1 0 0
    outer loop
      vertex -40.55 -20 6.5
      vertex -40.55 -34.97240205699265 6.473412429090757
      vertex -40.55 -20 6
    endloop
  endfacet
  facet normal 0 1 0
    outer loop
      vertex -41.79045011767181 -20 6.5
      vertex -40.55 -20 6
      vertex -41.79045011767181 -20 6
    endloop
  endfacet
  facet normal 0 1 0
    outer loop
      vertex -41.79045011767181 -20 6.5
      vertex -40.55 -20 6.5
      vertex -40.55 -20 6
    endloop
  endfacet
  facet normal 0 0 1
    outer loop
      vertex -81.48155948031231 -29.057248383023655 8.5
      vertex -85 -36 8.5
      vertex -81.20139019597494 -29.39591487075041 8.5
    endloop
  endfacet
  facet normal 0 0 1
    outer loop
      vertex -81.20139019597494 -29.39591487075041 8.5
      vertex -85 -36 8.5
      vertex -80.88098396412042 -29.696796349715264 8.5
    endloop
  endfacet
  facet normal 0 0 1
    outer loop
      vertex -79.73155948031231 -30.328697807033038 8.5
      vertex -85 -36 8.5
      vertex -79.30583460105004 -30.43800537755041 8.5
    endloop
  endfacet
  facet normal 0 0 1
    outer loop
      vertex -79.30583460105004 -30.43800537755041 8.5
      vertex -85 -36 8.5
      vertex -78.8697668183526 -30.49309354949895 8.5
    endloop
  endfacet
  facet normal 0 0 1
    outer loop
      vertex -80.52539378242649 -29.95514773925705 8.5
      vertex -85 -36 8.5
      vertex -80.14022752047775 -30.166894683631067 8.5
    endloop
  endfacet
  facet normal 0 0 1
    outer loop
      vertex -80.88098396412042 -29.696796349715264 8.5
      vertex -85 -36 8.5
      vertex -80.52539378242649 -29.95514773925705 8.5
    endloop
  endfacet
  facet normal 0 0 1
    outer loop
      vertex -80.14022752047775 -30.166894683631067 8.5
      vertex -85 -36 8.5
      vertex -79.73155948031231 -30.328697807033038 8.5
    endloop
  endfacet
  facet normal 0 0 1
    outer loop
      vertex -78.8697668183526 -30.49309354949895 8.5
      vertex -85 -36 8.5
      vertex -78.43023318164741 -30.49309354949895 8.5
    endloop
  endfacet
  facet normal 0 0 1
    outer loop
      vertex -78.43023318164741 -30.49309354949895 8.5
      vertex -85 -36 8.5
      vertex -77.99416539894996 -30.43800537755041 8.5
    endloop
  endfacet
  facet normal -1 0 0
    outer loop
      vertex -85 -20 8.5
      vertex -85 -35.43013567315335 6.90325290567953
      vertex -85 -35.615041453382545 7.157753878577616
    endloop
  endfacet
  facet normal -1 0 0
    outer loop
      vertex -85 -20 8.5
      vertex -85 -35.76659176642738 7.433422874629493
      vertex -85 -35.882396573319355 7.725912429090755
    endloop
  endfacet
  facet normal -1 0 0
    outer loop
      vertex -85 -20 8.5
      vertex -85 -35.882396573319355 7.725912429090755
      vertex -85 -35.960629563075365 8.030609806962758
    endloop
  endfacet
  facet normal -1 0 0
    outer loop
      vertex -85 -20 8.5
      vertex -85 -35.615041453382545 7.157753878577616
      vertex -85 -35.76659176642738 7.433422874629493
    endloop
  endfacet
  facet normal -1 0 0
    outer loop
      vertex -85 -20 8.5
      vertex -85 -36 8.342258905603966
      vertex -85 -36 8.5
    endloop
  endfacet
  facet normal -1 0 0
    outer loop
      vertex -85 -20 8.5
      vertex -85 -35.960629563075365 8.030609806962758
      vertex -85 -36 8.342258905603966
    endloop
  endfacet
  facet normal -1 0 0
    outer loop
      vertex -85 -20 8.5
      vertex -85 -35.21479050035136 6.673933588309367
      vertex -85 -35.43013567315335 6.90325290567953
    endloop
  endfacet
  facet normal -1 0 0
    outer loop
      vertex -85 -20 8.5
      vertex -85 -35.004540909323715 6.5
      vertex -85 -35.21479050035136 6.673933588309367
    endloop
  endfacet
  facet normal 0 0 1
    outer loop
      vertex -82.04004106395021 -27.87041460507699 8.5
      vertex -85 -36 8.5
      vertex -81.90421770060888 -28.28843593439637 8.5
    endloop
  endfacet
  facet normal 0 0 1
    outer loop
      vertex -82.12240145460068 -27.438666317475064 8.5
      vertex -85 -36 8.5
      vertex -82.04004106395021 -27.87041460507699 8.5
    endloop
  endfacet
  facet normal 0 0 1
    outer loop
      vertex -81.71707338015352 -28.686137859356002 8.5
      vertex -85 -36 8.5
      vertex -81.48155948031231 -29.057248383023655 8.5
    endloop
  endfacet
  facet normal 0 0 1
    outer loop
      vertex -81.90421770060888 -28.28843593439637 8.5
      vertex -85 -36 8.5
      vertex -81.71707338015352 -28.686137859356002 8.5
    endloop
  endfacet
  facet normal 0 0 1
    outer loop
      vertex -82.15 -27 8.5
      vertex -85 -36 8.5
      vertex -82.12240145460068 -27.438666317475064 8.5
    endloop
  endfacet
  facet normal 0 0 1
    outer loop
      vertex -85 -20 8.5
      vertex -85 -36 8.5
      vertex -82.15 -27 8.5
    endloop
  endfacet
  facet normal 0 0 1
    outer loop
      vertex -77.99416539894996 -30.43800537755041 8.5
      vertex -85 -36 8.5
      vertex -62.994766818352595 -30.49309354949895 8.5
    endloop
  endfacet
  facet normal 0 0 -1
    outer loop
      vertex -73.54045011767181 -20 6.5
      vertex -78.65 -32.9 6.5
      vertex -83.75954988232819 -29.95 6.5
    endloop
  endfacet
  facet normal 0 0 -1
    outer loop
      vertex -73.54045011767181 -20 6.5
      vertex -73.54045011767181 -29.95 6.5
      vertex -78.65 -32.9 6.5
    endloop
  endfacet
  facet normal -1 0 0
    outer loop
      vertex -85 -20 8.5
      vertex -85 -20 6.5
      vertex -85 -35.004540909323715 6.5
    endloop
  endfacet
  facet normal 0 0 1
    outer loop
      vertex -85 -20 8.5
      vertex -82.15 -27 8.5
      vertex -82.12240145460068 -26.561333682524936 8.5
    endloop
  endfacet
  facet normal 0 0 1
    outer loop
      vertex -85 -20 8.5
      vertex -82.12240145460068 -26.561333682524936 8.5
      vertex -82.04004106395021 -26.12958539492301 8.5
    endloop
  endfacet
  facet normal 0 0 1
    outer loop
      vertex -85 -20 8.5
      vertex -82.04004106395021 -26.12958539492301 8.5
      vertex -81.90421770060888 -25.71156406560363 8.5
    endloop
  endfacet
  facet normal 0 0 1
    outer loop
      vertex -85 -20 8.5
      vertex -81.90421770060888 -25.71156406560363 8.5
      vertex -81.71707338015352 -25.313862140643998 8.5
    endloop
  endfacet
  facet normal 0 0 1
    outer loop
      vertex -85 -20 8.5
      vertex -81.71707338015352 -25.313862140643998 8.5
      vertex -81.48155948031231 -24.942751616976345 8.5
    endloop
  endfacet
  facet normal 0 0 1
    outer loop
      vertex -85 -20 8.5
      vertex -81.48155948031231 -24.942751616976345 8.5
      vertex -81.20139019597494 -24.60408512924959 8.5
    endloop
  endfacet
  facet normal 0 0 1
    outer loop
      vertex -85 -20 8.5
      vertex -81.20139019597494 -24.60408512924959 8.5
      vertex -80.88098396412042 -24.303203650284736 8.5
    endloop
  endfacet
  facet normal 0 1 0
    outer loop
      vertex -85 -20 8.5
      vertex -83.75954988232819 -20 6.5
      vertex -85 -20 6.5
    endloop
  endfacet
  facet normal 0 0 -1
    outer loop
      vertex -83.75954988232819 -20 6.5
      vertex -73.54045011767181 -20 6.5
      vertex -83.75954988232819 -29.95 6.5
    endloop
  endfacet
  facet normal 0 0 1
    outer loop
      vertex -85 -20 8.5
      vertex -80.88098396412042 -24.303203650284736 8.5
      vertex -80.52539378242649 -24.04485226074295 8.5
    endloop
  endfacet
  facet normal 0 0 1
    outer loop
      vertex -85 -20 8.5
      vertex -80.52539378242649 -24.04485226074295 8.5
      vertex -80.14022752047775 -23.833105316368933 8.5
    endloop
  endfacet
  facet normal 0 0 1
    outer loop
      vertex -85 -20 8.5
      vertex -80.14022752047775 -23.833105316368933 8.5
      vertex -79.73155948031231 -23.671302192966962 8.5
    endloop
  endfacet
  facet normal 0 0 1
    outer loop
      vertex -85 -20 8.5
      vertex -79.73155948031231 -23.671302192966962 8.5
      vertex -79.30583460105004 -23.56199462244959 8.5
    endloop
  endfacet
  facet normal 0 0 1
    outer loop
      vertex -85 -20 8.5
      vertex -79.30583460105004 -23.56199462244959 8.5
      vertex -78.8697668183526 -23.50690645050105 8.5
    endloop
  endfacet
  facet normal 0 0 1
    outer loop
      vertex -85 -20 8.5
      vertex -78.4302331816474 -23.50690645050105 8.5
      vertex -77.99416539894996 -23.56199462244959 8.5
    endloop
  endfacet
  facet normal 0 0 1
    outer loop
      vertex -85 -20 8.5
      vertex -77.99416539894996 -23.56199462244959 8.5
      vertex -77.56844051968768 -23.671302192966962 8.5
    endloop
  endfacet
  facet normal 0 0 1
    outer loop
      vertex -85 -20 8.5
      vertex -78.8697668183526 -23.50690645050105 8.5
      vertex -78.4302331816474 -23.50690645050105 8.5
    endloop
  endfacet
  facet normal 0 0 1
    outer loop
      vertex -85 -20 8.5
      vertex -77.56844051968768 -23.671302192966962 8.5
      vertex -77.15977247952225 -23.833105316368933 8.5
    endloop
  endfacet
  facet normal 0 1 0
    outer loop
      vertex -85 -20 8.5
      vertex -73.54045011767181 -20 6.5
      vertex -83.75954988232819 -20 6.5
    endloop
  endfacet
  facet normal 0 0 1
    outer loop
      vertex -85 -20 8.5
      vertex -77.15977247952225 -23.833105316368933 8.5
      vertex -66.24740145460066 -26.561333682524936 8.5
    endloop
  endfacet
  facet normal 0 1 0
    outer loop
      vertex -85 -20 8.5
      vertex -67.88454988232819 -20 6.5
      vertex -73.54045011767181 -20 6.5
    endloop
  endfacet
  facet normal 0 0 1
    outer loop
      vertex -62.994766818352595 -30.49309354949895 8.5
      vertex -85 -36 8.5
      vertex -62.5552331816474 -30.49309354949895 8.5
    endloop
  endfacet
  facet normal 0 0 1
    outer loop
      vertex -62.5552331816474 -30.49309354949895 8.5
      vertex -85 -36 8.5
      vertex -62.11916539894996 -30.43800537755041 8.5
    endloop
  endfacet
  facet normal 0 0 1
    outer loop
      vertex -77.99416539894996 -30.43800537755041 8.5
      vertex -63.85655948031231 -30.328697807033038 8.5
      vertex -77.56844051968768 -30.328697807033038 8.5
    endloop
  endfacet
  facet normal 0 0 1
    outer loop
      vertex -77.56844051968768 -30.328697807033038 8.5
      vertex -64.26522752047775 -30.166894683631067 8.5
      vertex -77.15977247952225 -30.166894683631067 8.5
    endloop
  endfacet
  facet normal 0 0 1
    outer loop
      vertex -76.7746062175735 -29.95514773925705 8.5
      vertex -77.15977247952225 -30.166894683631067 8.5
      vertex -64.65039378242649 -29.95514773925705 8.5
    endloop
  endfacet
  facet normal 0 0 1
    outer loop
      vertex -76.7746062175735 -29.95514773925705 8.5
      vertex -65.00598396412042 -29.696796349715264 8.5
      vertex -76.4190160358796 -29.696796349715264 8.5
    endloop
  endfacet
  facet normal 0 0 1
    outer loop
      vertex -76.09860980402506 -29.39591487075041 8.5
      vertex -76.4190160358796 -29.696796349715264 8.5
      vertex -65.32639019597494 -29.39591487075041 8.5
    endloop
  endfacet
  facet normal 0 0 1
    outer loop
      vertex -76.09860980402506 -29.39591487075041 8.5
      vertex -65.60655948031231 -29.057248383023655 8.5
      vertex -75.81844051968768 -29.057248383023655 8.5
    endloop
  endfacet
  facet normal 0 0 1
    outer loop
      vertex -75.58292661984648 -28.686137859356002 8.5
      vertex -75.81844051968768 -29.057248383023655 8.5
      vertex -65.84207338015352 -28.686137859356002 8.5
    endloop
  endfacet
  facet normal 0 0 1
    outer loop
      vertex -75.39578229939112 -28.288435934396375 8.5
      vertex -75.58292661984648 -28.686137859356002 8.5
      vertex -66.02921770060888 -28.28843593439637 8.5
    endloop
  endfacet
  facet normal 0 0 1
    outer loop
      vertex -75.2599589360498 -27.87041460507699 8.5
      vertex -75.39578229939112 -28.288435934396375 8.5
      vertex -66.16504106395021 -27.87041460507699 8.5
    endloop
  endfacet
  facet normal 0 0 1
    outer loop
      vertex -75.17759854539932 -27.438666317475064 8.5
      vertex -75.2599589360498 -27.87041460507699 8.5
      vertex -66.24740145460066 -27.438666317475064 8.5
    endloop
  endfacet
  facet normal 0 0 1
    outer loop
      vertex -77.99416539894996 -30.43800537755041 8.5
      vertex -63.43083460105004 -30.43800537755041 8.5
      vertex -63.85655948031231 -30.328697807033038 8.5
    endloop
  endfacet
  facet normal 0 0 1
    outer loop
      vertex -77.15977247952225 -30.166894683631067 8.5
      vertex -64.26522752047775 -30.166894683631067 8.5
      vertex -64.65039378242649 -29.95514773925705 8.5
    endloop
  endfacet
  facet normal 0 0 1
    outer loop
      vertex -76.7746062175735 -29.95514773925705 8.5
      vertex -64.65039378242649 -29.95514773925705 8.5
      vertex -65.00598396412042 -29.696796349715264 8.5
    endloop
  endfacet
  facet normal 0 0 1
    outer loop
      vertex -77.56844051968768 -30.328697807033038 8.5
      vertex -63.85655948031231 -30.328697807033038 8.5
      vertex -64.26522752047775 -30.166894683631067 8.5
    endloop
  endfacet
  facet normal 0 0 1
    outer loop
      vertex -76.4190160358796 -29.696796349715264 8.5
      vertex -65.00598396412042 -29.696796349715264 8.5
      vertex -65.32639019597494 -29.39591487075041 8.5
    endloop
  endfacet
  facet normal 0 0 1
    outer loop
      vertex -75.81844051968768 -29.057248383023655 8.5
      vertex -65.60655948031231 -29.057248383023655 8.5
      vertex -65.84207338015352 -28.686137859356002 8.5
    endloop
  endfacet
  facet normal 0 0 1
    outer loop
      vertex -75.58292661984648 -28.686137859356002 8.5
      vertex -65.84207338015352 -28.686137859356002 8.5
      vertex -66.02921770060888 -28.28843593439637 8.5
    endloop
  endfacet
  facet normal 0 0 1
    outer loop
      vertex -76.09860980402506 -29.39591487075041 8.5
      vertex -65.32639019597494 -29.39591487075041 8.5
      vertex -65.60655948031231 -29.057248383023655 8.5
    endloop
  endfacet
  facet normal 0 0 1
    outer loop
      vertex -66.16504106395021 -27.87041460507699 8.5
      vertex -75.39578229939112 -28.288435934396375 8.5
      vertex -66.02921770060888 -28.28843593439637 8.5
    endloop
  endfacet
  facet normal 0 0 1
    outer loop
      vertex -75.2599589360498 -27.87041460507699 8.5
      vertex -66.16504106395021 -27.87041460507699 8.5
      vertex -66.24740145460066 -27.438666317475064 8.5
    endloop
  endfacet
  facet normal 0 0 1
    outer loop
      vertex -77.99416539894996 -30.43800537755041 8.5
      vertex -62.994766818352595 -30.49309354949895 8.5
      vertex -63.43083460105004 -30.43800537755041 8.5
    endloop
  endfacet
  facet normal 0 0 1
    outer loop
      vertex -75.15 -27 8.5
      vertex -75.17759854539932 -27.438666317475064 8.5
      vertex -66.275 -27 8.5
    endloop
  endfacet
  facet normal 0 0 1
    outer loop
      vertex -75.17759854539932 -26.561333682524936 8.5
      vertex -75.15 -27 8.5
      vertex -66.24740145460066 -26.561333682524936 8.5
    endloop
  endfacet
  facet normal 0 0 1
    outer loop
      vertex -75.2599589360498 -26.12958539492301 8.5
      vertex -75.17759854539932 -26.561333682524936 8.5
      vertex -66.24740145460066 -26.561333682524936 8.5
    endloop
  endfacet
  facet normal 0 0 1
    outer loop
      vertex -75.39578229939112 -25.711564065603625 8.5
      vertex -75.2599589360498 -26.12958539492301 8.5
      vertex -66.24740145460066 -26.561333682524936 8.5
    endloop
  endfacet
  facet normal 0 0 1
    outer loop
      vertex -75.58292661984648 -25.313862140643998 8.5
      vertex -75.39578229939112 -25.711564065603625 8.5
      vertex -66.24740145460066 -26.561333682524936 8.5
    endloop
  endfacet
  facet normal 0 0 1
    outer loop
      vertex -77.15977247952225 -23.833105316368933 8.5
      vertex -76.7746062175735 -24.044852260742946 8.5
      vertex -66.24740145460066 -26.561333682524936 8.5
    endloop
  endfacet
  facet normal 0 0 1
    outer loop
      vertex -75.81844051968768 -24.942751616976345 8.5
      vertex -75.58292661984648 -25.313862140643998 8.5
      vertex -66.24740145460066 -26.561333682524936 8.5
    endloop
  endfacet
  facet normal 0 0 1
    outer loop
      vertex -76.09860980402506 -24.60408512924959 8.5
      vertex -75.81844051968768 -24.942751616976345 8.5
      vertex -66.24740145460066 -26.561333682524936 8.5
    endloop
  endfacet
  facet normal 0 0 1
    outer loop
      vertex -76.7746062175735 -24.044852260742946 8.5
      vertex -76.4190160358796 -24.303203650284736 8.5
      vertex -66.24740145460066 -26.561333682524936 8.5
    endloop
  endfacet
  facet normal 0 0 1
    outer loop
      vertex -76.4190160358796 -24.303203650284736 8.5
      vertex -76.09860980402506 -24.60408512924959 8.5
      vertex -66.24740145460066 -26.561333682524936 8.5
    endloop
  endfacet
  facet normal 0 0 1
    outer loop
      vertex -85 -20 8.5
      vertex -66.24740145460066 -26.561333682524936 8.5
      vertex -66.16504106395021 -26.12958539492301 8.5
    endloop
  endfacet
  facet normal 0 0 1
    outer loop
      vertex -85 -20 8.5
      vertex -66.16504106395021 -26.12958539492301 8.5
      vertex -66.02921770060888 -25.71156406560363 8.5
    endloop
  endfacet
  facet normal 0 0 1
    outer loop
      vertex -75.17759854539932 -27.438666317475064 8.5
      vertex -66.24740145460066 -27.438666317475064 8.5
      vertex -66.275 -27 8.5
    endloop
  endfacet
  facet normal 0 0 1
    outer loop
      vertex -75.15 -27 8.5
      vertex -66.275 -27 8.5
      vertex -66.24740145460066 -26.561333682524936 8.5
    endloop
  endfacet
  facet normal 0 0 1
    outer loop
      vertex -85 -20 8.5
      vertex -66.02921770060888 -25.71156406560363 8.5
      vertex -65.84207338015352 -25.313862140643998 8.5
    endloop
  endfacet
  facet normal 0 0 1
    outer loop
      vertex -85 -20 8.5
      vertex -65.84207338015352 -25.313862140643998 8.5
      vertex -65.60655948031231 -24.942751616976345 8.5
    endloop
  endfacet
  facet normal 0 0 1
    outer loop
      vertex -85 -20 8.5
      vertex -65.60655948031231 -24.942751616976345 8.5
      vertex -65.32639019597494 -24.60408512924959 8.5
    endloop
  endfacet
  facet normal 0 0 1
    outer loop
      vertex -85 -20 8.5
      vertex -65.32639019597494 -24.60408512924959 8.5
      vertex -65.00598396412042 -24.303203650284736 8.5
    endloop
  endfacet
  facet normal 0 0 1
    outer loop
      vertex -85 -20 8.5
      vertex -65.00598396412042 -24.303203650284736 8.5
      vertex -64.65039378242649 -24.04485226074295 8.5
    endloop
  endfacet
  facet normal 0 0 1
    outer loop
      vertex -85 -20 8.5
      vertex -64.65039378242649 -24.04485226074295 8.5
      vertex -64.26522752047775 -23.833105316368933 8.5
    endloop
  endfacet
  facet normal 0 0 1
    outer loop
      vertex -85 -20 8.5
      vertex -64.26522752047775 -23.833105316368933 8.5
      vertex -63.85655948031231 -23.671302192966962 8.5
    endloop
  endfacet
  facet normal 0 0 1
    outer loop
      vertex -85 -20 8.5
      vertex -63.85655948031231 -23.671302192966962 8.5
      vertex -63.43083460105004 -23.56199462244959 8.5
    endloop
  endfacet
  facet normal 0 1 0
    outer loop
      vertex -85 -20 8.5
      vertex -57.66545011767181 -20 6.5
      vertex -67.88454988232819 -20 6.5
    endloop
  endfacet
  facet normal 0 0 -1
    outer loop
      vertex -67.88454988232819 -20 6.5
      vertex -57.66545011767181 -29.95 6.5
      vertex -67.88454988232819 -29.95 6.5
    endloop
  endfacet
  facet normal 0 1 0
    outer loop
      vertex -85 -20 8.5
      vertex -52.00954988232819 -20 6.5
      vertex -57.66545011767181 -20 6.5
    endloop
  endfacet
  facet normal 0 0 1
    outer loop
      vertex -85 -20 8.5
      vertex -63.43083460105004 -23.56199462244959 8.5
      vertex -40.55 -20 8.5
    endloop
  endfacet
  facet normal 0 0 1
    outer loop
      vertex -62.11916539894996 -30.43800537755041 8.5
      vertex -85 -36 8.5
      vertex -40.55 -36 8.5
    endloop
  endfacet
  facet normal 0 0 -1
    outer loop
      vertex -67.88454988232819 -29.95 6.5
      vertex -57.66545011767181 -29.95 6.5
      vertex -62.775 -32.9 6.5
    endloop
  endfacet
  facet normal 0 0 1
    outer loop
      vertex -62.11916539894996 -30.43800537755041 8.5
      vertex -40.55 -36 8.5
      vertex -61.693440519687684 -30.328697807033038 8.5
    endloop
  endfacet
  facet normal 0 0 1
    outer loop
      vertex -61.693440519687684 -30.328697807033038 8.5
      vertex -40.55 -36 8.5
      vertex -61.284772479522246 -30.166894683631067 8.5
    endloop
  endfacet
  facet normal 0 0 1
    outer loop
      vertex -60.899606217573506 -29.95514773925705 8.5
      vertex -61.284772479522246 -30.166894683631067 8.5
      vertex -40.55 -36 8.5
    endloop
  endfacet
  facet normal 0 0 1
    outer loop
      vertex -60.899606217573506 -29.95514773925705 8.5
      vertex -40.55 -36 8.5
      vertex -60.54401603587959 -29.696796349715264 8.5
    endloop
  endfacet
  facet normal 0 0 1
    outer loop
      vertex -60.22360980402506 -29.39591487075041 8.5
      vertex -60.54401603587959 -29.696796349715264 8.5
      vertex -40.55 -36 8.5
    endloop
  endfacet
  facet normal 0 0 1
    outer loop
      vertex -60.22360980402506 -29.39591487075041 8.5
      vertex -40.55 -36 8.5
      vertex -59.943440519687684 -29.057248383023655 8.5
    endloop
  endfacet
  facet normal 0 0 1
    outer loop
      vertex -59.707926619846475 -28.686137859356002 8.5
      vertex -59.943440519687684 -29.057248383023655 8.5
      vertex -49.96707338015352 -28.686137859356002 8.5
    endloop
  endfacet
  facet normal 0 0 1
    outer loop
      vertex -59.520782299391115 -28.288435934396375 8.5
      vertex -59.707926619846475 -28.686137859356002 8.5
      vertex -50.15421770060888 -28.28843593439637 8.5
    endloop
  endfacet
  facet normal 0 0 1
    outer loop
      vertex -59.38495893604979 -27.87041460507699 8.5
      vertex -59.520782299391115 -28.288435934396375 8.5
      vertex -50.290041063950206 -27.87041460507699 8.5
    endloop
  endfacet
  facet normal 0 0 1
    outer loop
      vertex -59.30259854539933 -27.438666317475064 8.5
      vertex -59.38495893604979 -27.87041460507699 8.5
      vertex -50.37240145460067 -27.438666317475064 8.5
    endloop
  endfacet
  facet normal 0 0 1
    outer loop
      vertex -59.943440519687684 -29.057248383023655 8.5
      vertex -49.13098396412041 -29.696796349715264 8.5
      vertex -49.45139019597494 -29.39591487075041 8.5
    endloop
  endfacet
  facet normal 0 0 1
    outer loop
      vertex -59.943440519687684 -29.057248383023655 8.5
      vertex -49.73155948031231 -29.057248383023655 8.5
      vertex -49.96707338015352 -28.686137859356002 8.5
    endloop
  endfacet
  facet normal 0 0 1
    outer loop
      vertex -59.707926619846475 -28.686137859356002 8.5
      vertex -49.96707338015352 -28.686137859356002 8.5
      vertex -50.15421770060888 -28.28843593439637 8.5
    endloop
  endfacet
  facet normal 0 0 1
    outer loop
      vertex -50.290041063950206 -27.87041460507699 8.5
      vertex -59.520782299391115 -28.288435934396375 8.5
      vertex -50.15421770060888 -28.28843593439637 8.5
    endloop
  endfacet
  facet normal 0 0 1
    outer loop
      vertex -59.38495893604979 -27.87041460507699 8.5
      vertex -50.290041063950206 -27.87041460507699 8.5
      vertex -50.37240145460067 -27.438666317475064 8.5
    endloop
  endfacet
  facet normal 0 0 1
    outer loop
      vertex -59.943440519687684 -29.057248383023655 8.5
      vertex -49.45139019597494 -29.39591487075041 8.5
      vertex -49.73155948031231 -29.057248383023655 8.5
    endloop
  endfacet
  facet normal 0 0 -1
    outer loop
      vertex -67.88454988232819 -20 6.5
      vertex -57.66545011767181 -20 6.5
      vertex -57.66545011767181 -29.95 6.5
    endloop
  endfacet
  facet normal 0 0 1
    outer loop
      vertex -62.555233181647395 -23.50690645050105 8.5
      vertex -62.11916539894996 -23.56199462244959 8.5
      vertex -47.119766818352595 -23.50690645050105 8.5
    endloop
  endfacet
  facet normal 0 1 0
    outer loop
      vertex -85 -20 8.5
      vertex -41.79045011767181 -20 6.5
      vertex -52.00954988232819 -20 6.5
    endloop
  endfacet
  facet normal 0 0 1
    outer loop
      vertex -59.30259854539933 -27.438666317475064 8.5
      vertex -50.4 -27 8.5
      vertex -59.275 -27 8.5
    endloop
  endfacet
  facet normal 0 0 1
    outer loop
      vertex -59.30259854539933 -26.561333682524936 8.5
      vertex -59.275 -27 8.5
      vertex -50.37240145460067 -26.561333682524936 8.5
    endloop
  endfacet
  facet normal 0 0 1
    outer loop
      vertex -59.384958936049784 -26.12958539492301 8.5
      vertex -59.30259854539933 -26.561333682524936 8.5
      vertex -50.290041063950206 -26.12958539492301 8.5
    endloop
  endfacet
  facet normal 0 0 1
    outer loop
      vertex -59.520782299391115 -25.711564065603625 8.5
      vertex -59.384958936049784 -26.12958539492301 8.5
      vertex -50.15421770060888 -25.71156406560363 8.5
    endloop
  endfacet
  facet normal 0 0 1
    outer loop
      vertex -60.22360980402506 -24.60408512924959 8.5
      vertex -59.943440519687684 -24.942751616976345 8.5
      vertex -49.45139019597494 -24.60408512924959 8.5
    endloop
  endfacet
  facet normal 0 0 1
    outer loop
      vertex -59.707926619846475 -25.313862140643998 8.5
      vertex -59.520782299391115 -25.711564065603625 8.5
      vertex -49.96707338015352 -25.313862140643998 8.5
    endloop
  endfacet
  facet normal 0 0 1
    outer loop
      vertex -59.943440519687684 -24.942751616976345 8.5
      vertex -59.707926619846475 -25.313862140643998 8.5
      vertex -49.73155948031231 -24.942751616976345 8.5
    endloop
  endfacet
  facet normal 0 0 1
    outer loop
      vertex -60.54401603587958 -24.303203650284736 8.5
      vertex -60.22360980402506 -24.60408512924959 8.5
      vertex -49.13098396412041 -24.303203650284736 8.5
    endloop
  endfacet
  facet normal 0 0 1
    outer loop
      vertex -60.89960621757351 -24.044852260742946 8.5
      vertex -60.54401603587958 -24.303203650284736 8.5
      vertex -48.775393782426484 -24.04485226074295 8.5
    endloop
  endfacet
  facet normal 0 0 1
    outer loop
      vertex -61.284772479522246 -23.833105316368933 8.5
      vertex -60.89960621757351 -24.044852260742946 8.5
      vertex -48.39022752047775 -23.833105316368933 8.5
    endloop
  endfacet
  facet normal 0 0 1
    outer loop
      vertex -59.30259854539933 -27.438666317475064 8.5
      vertex -50.37240145460067 -27.438666317475064 8.5
      vertex -50.4 -27 8.5
    endloop
  endfacet
  facet normal 0 0 1
    outer loop
      vertex -59.275 -27 8.5
      vertex -50.4 -27 8.5
      vertex -50.37240145460067 -26.561333682524936 8.5
    endloop
  endfacet
  facet normal 0 0 1
    outer loop
      vertex -59.30259854539933 -26.561333682524936 8.5
      vertex -50.37240145460067 -26.561333682524936 8.5
      vertex -50.290041063950206 -26.12958539492301 8.5
    endloop
  endfacet
  facet normal 0 0 1
    outer loop
      vertex -59.384958936049784 -26.12958539492301 8.5
      vertex -50.290041063950206 -26.12958539492301 8.5
      vertex -50.15421770060888 -25.71156406560363 8.5
    endloop
  endfacet
  facet normal 0 0 1
    outer loop
      vertex -59.520782299391115 -25.711564065603625 8.5
      vertex -50.15421770060888 -25.71156406560363 8.5
      vertex -49.96707338015352 -25.313862140643998 8.5
    endloop
  endfacet
  facet normal 0 0 1
    outer loop
      vertex -59.707926619846475 -25.313862140643998 8.5
      vertex -49.96707338015352 -25.313862140643998 8.5
      vertex -49.73155948031231 -24.942751616976345 8.5
    endloop
  endfacet
  facet normal 0 0 1
    outer loop
      vertex -59.943440519687684 -24.942751616976345 8.5
      vertex -49.73155948031231 -24.942751616976345 8.5
      vertex -49.45139019597494 -24.60408512924959 8.5
    endloop
  endfacet
  facet normal 0 0 1
    outer loop
      vertex -60.22360980402506 -24.60408512924959 8.5
      vertex -49.45139019597494 -24.60408512924959 8.5
      vertex -49.13098396412041 -24.303203650284736 8.5
    endloop
  endfacet
  facet normal 0 0 1
    outer loop
      vertex -60.54401603587958 -24.303203650284736 8.5
      vertex -49.13098396412041 -24.303203650284736 8.5
      vertex -48.775393782426484 -24.04485226074295 8.5
    endloop
  endfacet
  facet normal 0 0 1
    outer loop
      vertex -60.89960621757351 -24.044852260742946 8.5
      vertex -48.775393782426484 -24.04485226074295 8.5
      vertex -48.39022752047775 -23.833105316368933 8.5
    endloop
  endfacet
  facet normal 0 0 1
    outer loop
      vertex -61.284772479522246 -23.833105316368933 8.5
      vertex -48.39022752047775 -23.833105316368933 8.5
      vertex -47.98155948031231 -23.671302192966962 8.5
    endloop
  endfacet
  facet normal 0 0 1
    outer loop
      vertex -62.11916539894996 -23.56199462244959 8.5
      vertex -61.693440519687684 -23.671302192966962 8.5
      vertex -47.55583460105004 -23.56199462244959 8.5
    endloop
  endfacet
  facet normal 0 0 1
    outer loop
      vertex -61.693440519687684 -23.671302192966962 8.5
      vertex -61.284772479522246 -23.833105316368933 8.5
      vertex -47.98155948031231 -23.671302192966962 8.5
    endloop
  endfacet
  facet normal 0 0 1
    outer loop
      vertex -63.43083460105004 -23.56199462244959 8.5
      vertex -62.9947668183526 -23.50690645050105 8.5
      vertex -40.55 -20 8.5
    endloop
  endfacet
  facet normal 0 0 1
    outer loop
      vertex -62.9947668183526 -23.50690645050105 8.5
      vertex -62.555233181647395 -23.50690645050105 8.5
      vertex -40.55 -20 8.5
    endloop
  endfacet
  facet normal 0 1 0
    outer loop
      vertex -85 -20 8.5
      vertex -40.55 -20 6.5
      vertex -41.79045011767181 -20 6.5
    endloop
  endfacet
  facet normal 0 1 0
    outer loop
      vertex -85 -20 8.5
      vertex -40.55 -20 8.5
      vertex -40.55 -20 6.5
    endloop
  endfacet
  facet normal 0 0 1
    outer loop
      vertex -61.693440519687684 -23.671302192966962 8.5
      vertex -47.98155948031231 -23.671302192966962 8.5
      vertex -47.55583460105004 -23.56199462244959 8.5
    endloop
  endfacet
  facet normal 0 0 1
    outer loop
      vertex -62.11916539894996 -23.56199462244959 8.5
      vertex -47.55583460105004 -23.56199462244959 8.5
      vertex -47.119766818352595 -23.50690645050105 8.5
    endloop
  endfacet
  facet normal 0 0 1
    outer loop
      vertex -59.943440519687684 -29.057248383023655 8.5
      vertex -40.55 -36 8.5
      vertex -49.13098396412041 -29.696796349715264 8.5
    endloop
  endfacet
  facet normal 0 0 1
    outer loop
      vertex -49.13098396412041 -29.696796349715264 8.5
      vertex -40.55 -36 8.5
      vertex -48.775393782426484 -29.95514773925705 8.5
    endloop
  endfacet
  facet normal 0 0 -1
    outer loop
      vertex -52.00954988232819 -20 6.5
      vertex -46.9 -32.9 6.5
      vertex -52.00954988232819 -29.95 6.5
    endloop
  endfacet
  facet normal 0 0 -1
    outer loop
      vertex -52.00954988232819 -20 6.5
      vertex -41.79045011767181 -29.95 6.5
      vertex -46.9 -32.9 6.5
    endloop
  endfacet
  facet normal 0 0 1
    outer loop
      vertex -47.98155948031231 -30.328697807033038 8.5
      vertex -40.55 -36 8.5
      vertex -47.55583460105004 -30.43800537755041 8.5
    endloop
  endfacet
  facet normal 0 0 1
    outer loop
      vertex -47.55583460105004 -30.43800537755041 8.5
      vertex -40.55 -36 8.5
      vertex -47.119766818352595 -30.49309354949895 8.5
    endloop
  endfacet
  facet normal 0 0 1
    outer loop
      vertex -47.119766818352595 -30.49309354949895 8.5
      vertex -40.55 -36 8.5
      vertex -46.6802331816474 -30.49309354949895 8.5
    endloop
  endfacet
  facet normal 0 0 1
    outer loop
      vertex -48.775393782426484 -29.95514773925705 8.5
      vertex -40.55 -36 8.5
      vertex -48.39022752047775 -30.166894683631067 8.5
    endloop
  endfacet
  facet normal 0 0 1
    outer loop
      vertex -48.39022752047775 -30.166894683631067 8.5
      vertex -40.55 -36 8.5
      vertex -47.98155948031231 -30.328697807033038 8.5
    endloop
  endfacet
  facet normal 0 0 1
    outer loop
      vertex -46.6802331816474 -30.49309354949895 8.5
      vertex -40.55 -36 8.5
      vertex -46.24416539894996 -30.43800537755041 8.5
    endloop
  endfacet
  facet normal 0 0 1
    outer loop
      vertex -46.24416539894996 -30.43800537755041 8.5
      vertex -40.55 -36 8.5
      vertex -45.818440519687684 -30.328697807033038 8.5
    endloop
  endfacet
  facet normal 0 0 1
    outer loop
      vertex -45.818440519687684 -30.328697807033038 8.5
      vertex -40.55 -36 8.5
      vertex -45.409772479522246 -30.166894683631067 8.5
    endloop
  endfacet
  facet normal 0 0 1
    outer loop
      vertex -45.02460621757351 -29.95514773925705 8.5
      vertex -45.409772479522246 -30.166894683631067 8.5
      vertex -40.55 -36 8.5
    endloop
  endfacet
  facet normal 0 0 1
    outer loop
      vertex -45.02460621757351 -29.95514773925705 8.5
      vertex -40.55 -36 8.5
      vertex -44.66901603587959 -29.696796349715264 8.5
    endloop
  endfacet
  facet normal 0 0 1
    outer loop
      vertex -44.34860980402506 -29.39591487075041 8.5
      vertex -44.66901603587959 -29.696796349715264 8.5
      vertex -40.55 -36 8.5
    endloop
  endfacet
  facet normal 0 0 1
    outer loop
      vertex -44.068440519687684 -29.057248383023655 8.5
      vertex -44.34860980402506 -29.39591487075041 8.5
      vertex -40.55 -36 8.5
    endloop
  endfacet
  facet normal 1 0 0
    outer loop
      vertex -40.55 -20 6.5
      vertex -40.55 -35.21479050035136 6.673933588309367
      vertex -40.55 -35.004540909323715 6.5
    endloop
  endfacet
  facet normal 0 0 1
    outer loop
      vertex -43.832926619846475 -28.686137859356002 8.5
      vertex -44.068440519687684 -29.057248383023655 8.5
      vertex -40.55 -36 8.5
    endloop
  endfacet
  facet normal 0 0 1
    outer loop
      vertex -43.645782299391115 -28.288435934396375 8.5
      vertex -43.832926619846475 -28.686137859356002 8.5
      vertex -40.55 -36 8.5
    endloop
  endfacet
  facet normal 1 0 0
    outer loop
      vertex -40.55 -20 6.5
      vertex -40.55 -35.76659176642738 7.433422874629493
      vertex -40.55 -35.615041453382545 7.157753878577616
    endloop
  endfacet
  facet normal 1 0 0
    outer loop
      vertex -40.55 -20 6.5
      vertex -40.55 -35.615041453382545 7.157753878577616
      vertex -40.55 -35.43013567315335 6.90325290567953
    endloop
  endfacet
  facet normal 1 0 0
    outer loop
      vertex -40.55 -20 6.5
      vertex -40.55 -35.882396573319355 7.725912429090755
      vertex -40.55 -35.76659176642738 7.433422874629493
    endloop
  endfacet
  facet normal 1 0 0
    outer loop
      vertex -40.55 -20 6.5
      vertex -40.55 -35.960629563075365 8.030609806962758
      vertex -40.55 -35.882396573319355 7.725912429090755
    endloop
  endfacet
  facet normal 1 0 0
    outer loop
      vertex -40.55 -20 6.5
      vertex -40.55 -36 8.342258905603966
      vertex -40.55 -35.960629563075365 8.030609806962758
    endloop
  endfacet
  facet normal 1 0 0
    outer loop
      vertex -40.55 -20 6.5
      vertex -40.55 -36 8.5
      vertex -40.55 -36 8.342258905603966
    endloop
  endfacet
  facet normal 1 0 0
    outer loop
      vertex -40.55 -20 6.5
      vertex -40.55 -35.43013567315335 6.90325290567953
      vertex -40.55 -35.21479050035136 6.673933588309367
    endloop
  endfacet
  facet normal 0 0 1
    outer loop
      vertex -40.55 -20 8.5
      vertex -43.645782299391115 -28.288435934396375 8.5
      vertex -40.55 -36 8.5
    endloop
  endfacet
  facet normal 0 0 1
    outer loop
      vertex -62.555233181647395 -23.50690645050105 8.5
      vertex -47.119766818352595 -23.50690645050105 8.5
      vertex -40.55 -20 8.5
    endloop
  endfacet
  facet normal 0 0 1
    outer loop
      vertex -40.55 -20 8.5
      vertex -43.50995893604979 -27.87041460507699 8.5
      vertex -43.645782299391115 -28.288435934396375 8.5
    endloop
  endfacet
  facet normal 0 0 1
    outer loop
      vertex -40.55 -20 8.5
      vertex -43.42759854539933 -27.438666317475064 8.5
      vertex -43.50995893604979 -27.87041460507699 8.5
    endloop
  endfacet
  facet normal 0 0 1
    outer loop
      vertex -40.55 -20 8.5
      vertex -43.4 -27 8.5
      vertex -43.42759854539933 -27.438666317475064 8.5
    endloop
  endfacet
  facet normal 0 0 1
    outer loop
      vertex -40.55 -20 8.5
      vertex -43.42759854539933 -26.561333682524936 8.5
      vertex -43.4 -27 8.5
    endloop
  endfacet
  facet normal 0 0 1
    outer loop
      vertex -40.55 -20 8.5
      vertex -43.50995893604979 -26.12958539492301 8.5
      vertex -43.42759854539933 -26.561333682524936 8.5
    endloop
  endfacet
  facet normal 0 0 1
    outer loop
      vertex -40.55 -20 8.5
      vertex -43.64578229939112 -25.711564065603625 8.5
      vertex -43.50995893604979 -26.12958539492301 8.5
    endloop
  endfacet
  facet normal 1 0 0
    outer loop
      vertex -40.55 -20 8.5
      vertex -40.55 -36 8.5
      vertex -40.55 -20 6.5
    endloop
  endfacet
  facet normal 0 0 -1
    outer loop
      vertex -52.00954988232819 -20 6.5
      vertex -41.79045011767181 -20 6.5
      vertex -41.79045011767181 -29.95 6.5
    endloop
  endfacet
  facet normal 0 0 1
    outer loop
      vertex -47.119766818352595 -23.50690645050105 8.5
      vertex -46.6802331816474 -23.50690645050105 8.5
      vertex -40.55 -20 8.5
    endloop
  endfacet
  facet normal 0 0 1
    outer loop
      vertex -46.6802331816474 -23.50690645050105 8.5
      vertex -46.24416539894996 -23.56199462244959 8.5
      vertex -40.55 -20 8.5
    endloop
  endfacet
  facet normal 0 0 1
    outer loop
      vertex -46.24416539894996 -23.56199462244959 8.5
      vertex -45.818440519687684 -23.671302192966962 8.5
      vertex -40.55 -20 8.5
    endloop
  endfacet
  facet normal 0 0 1
    outer loop
      vertex -40.55 -20 8.5
      vertex -45.818440519687684 -23.671302192966962 8.5
      vertex -45.409772479522246 -23.833105316368933 8.5
    endloop
  endfacet
  facet normal 0 0 1
    outer loop
      vertex -40.55 -20 8.5
      vertex -45.409772479522246 -23.833105316368933 8.5
      vertex -45.02460621757351 -24.044852260742946 8.5
    endloop
  endfacet
  facet normal 0 0 1
    outer loop
      vertex -40.55 -20 8.5
      vertex -45.02460621757351 -24.044852260742946 8.5
      vertex -44.66901603587959 -24.303203650284736 8.5
    endloop
  endfacet
  facet normal 0 0 1
    outer loop
      vertex -40.55 -20 8.5
      vertex -43.832926619846475 -25.313862140643998 8.5
      vertex -43.64578229939112 -25.711564065603625 8.5
    endloop
  endfacet
  facet normal 0 0 1
    outer loop
      vertex -40.55 -20 8.5
      vertex -44.068440519687684 -24.942751616976345 8.5
      vertex -43.832926619846475 -25.313862140643998 8.5
    endloop
  endfacet
  facet normal 0 0 1
    outer loop
      vertex -40.55 -20 8.5
      vertex -44.34860980402506 -24.60408512924959 8.5
      vertex -44.068440519687684 -24.942751616976345 8.5
    endloop
  endfacet
  facet normal 0 0 1
    outer loop
      vertex -40.55 -20 8.5
      vertex -44.66901603587959 -24.303203650284736 8.5
      vertex -44.34860980402506 -24.60408512924959 8.5
    endloop
  endfacet
endsolid OpenSCAD_Model
